AVOIDED HALF-HOUR SL/TP SEARCH USING HISTORICAL RR RATIOS
ranking_metric=net_R_descending within each side and avoided half-hour
evaluation=isolated half-hour; current best weekdays, stop-day exclusions, excluded days of month, round-number filter, costs and one-position rule applied
ratios=previously used BUY/SELL SL/TP ratios; existing pairs excluded
candidate_stop_points=70..370 step 10
candidate_target_points=200..1000
spread_points=15.00,commission_percent_of_risk=5.8800,broker_fills=1,sl_tp_adjust=add

BUY AVOIDED SLOT 00:00-00:30 (IST); raw_signals=158
rank,source_sl_tp,source_rr,sl_points,tp_points,actual_rr,entries,wins,losses,open,skipped,net_R,net_points,expectancy_points
1,220/800,3.636364,70,255,3.642857,70,23,47,0,88,32.6697,2776.93,39.67
2,70/300,4.285714,100,429,4.290000,64,18,46,0,94,27.4568,3157.53,49.34
3,70/300,4.285714,90,386,4.288889,65,18,47,0,93,26.3780,2769.69,42.61
4,220/800,3.636364,80,291,3.637500,68,21,47,0,90,25.3891,2411.96,35.47
5,220/800,3.636364,90,327,3.633333,65,20,45,0,93,23.8447,2503.69,38.52
6,70/300,4.285714,80,343,4.287500,68,18,50,0,90,23.1766,2201.78,32.38
7,70/400,5.714286,80,457,5.712500,68,14,54,0,90,21.9766,2087.78,30.70
8,220/800,3.636364,100,364,3.640000,64,19,45,0,94,20.3968,2345.63,36.65
9,70/300,4.285714,110,471,4.281818,62,16,46,0,96,18.8635,2357.94,38.03
10,220/800,3.636364,110,400,3.636364,62,18,44,0,96,17.8089,2226.12,35.91
11,70/800,11.428571,80,914,11.425000,68,7,61,0,90,14.9766,1422.78,20.92
12,220/800,3.636364,120,436,3.633333,61,17,44,0,97,14.1799,1914.28,31.38
13,70/600,8.571429,80,686,8.575000,68,9,59,0,90,14.1766,1346.78,19.81
14,70/400,5.714286,100,571,5.710000,64,12,52,0,94,12.7568,1467.03,22.92
15,70/400,5.714286,90,514,5.711111,65,12,53,0,93,11.7113,1229.69,18.92
16,220/800,3.636364,130,473,3.638462,61,16,45,0,97,9.6286,1396.14,22.89
17,70/600,8.571429,100,857,8.570000,64,8,56,0,94,8.7968,1011.63,15.81
18,70/600,8.571429,90,771,8.566667,65,8,57,0,93,7.7113,809.69,12.46
19,70/300,4.285714,120,514,4.283333,61,12,49,0,97,-1.1868,-160.22,-2.63
20,270/300,1.111111,320,356,1.112500,30,14,16,0,128,-2.1890,-733.31,-24.44
21,270/300,1.111111,210,233,1.109524,50,24,26,0,108,-2.3114,-520.07,-10.40
22,270/300,1.111111,280,311,1.110714,37,17,20,0,121,-3.2935,-971.57,-26.26
23,270/300,1.111111,310,344,1.109677,33,15,18,0,125,-3.2952,-1070.95,-32.45
24,270/300,1.111111,180,200,1.111111,55,26,29,0,103,-3.3451,-652.30,-11.86
25,270/300,1.111111,200,222,1.110000,51,24,27,0,107,-3.3588,-722.14,-14.16
26,270/300,1.111111,220,244,1.109091,49,23,26,0,109,-3.3721,-792.45,-16.17
27,270/300,1.111111,370,411,1.110811,16,6,10,0,142,-4.2759,-1646.24,-102.89
28,220/800,3.636364,140,509,3.635714,61,13,48,0,97,-4.3225,-669.99,-10.98
29,270/300,1.111111,250,278,1.112000,42,19,23,0,116,-4.3416,-1150.52,-27.39
30,270/300,1.111111,290,322,1.110345,36,16,20,0,122,-4.3513,-1327.14,-36.87
31,270/300,1.111111,300,333,1.110000,36,16,20,0,122,-4.3568,-1372.39,-38.12
32,270/300,1.111111,190,211,1.110526,54,25,29,0,104,-4.4120,-904.47,-16.75
33,270/300,1.111111,350,389,1.111429,19,7,12,0,139,-5.3372,-1948.08,-102.53
34,270/300,1.111111,330,367,1.112121,25,10,15,0,133,-5.3488,-1845.33,-73.81
35,270/300,1.111111,240,267,1.112500,45,20,25,0,113,-5.3960,-1375.98,-30.58
36,270/300,1.111111,260,289,1.111538,41,18,23,0,117,-5.4031,-1485.85,-36.24
37,270/300,1.111111,360,400,1.111111,18,6,12,0,140,-6.3917,-2396.90,-133.16
38,270/300,1.111111,230,256,1.113043,48,21,27,0,110,-6.4485,-1579.88,-32.91
39,70/300,4.285714,130,557,4.284615,61,11,50,0,97,-6.4560,-936.12,-15.35
40,220/800,3.636364,150,545,3.633333,59,12,47,0,99,-6.8692,-1133.42,-19.21
41,270/300,1.111111,340,378,1.111765,23,8,15,0,135,-7.4583,-2647.69,-115.12
42,70/300,4.285714,170,729,4.288235,57,10,47,0,101,-7.4692,-1381.81,-24.24
43,70/600,8.571429,110,943,8.572727,62,6,56,0,96,-8.2092,-1026.15,-16.55
44,220/800,3.636364,170,618,3.635294,57,11,46,0,101,-9.3634,-1732.22,-30.39
45,70/300,4.285714,190,814,4.284211,54,9,45,0,104,-9.6173,-1971.55,-36.51
46,220/800,3.636364,160,582,3.637500,58,11,47,0,100,-10.3979,-1819.63,-31.37
47,220/800,3.636364,240,873,3.637500,45,8,37,0,113,-10.5460,-2689.23,-59.76
48,70/300,4.285714,180,771,4.283333,55,9,46,0,103,-10.6840,-2083.38,-37.88
49,70/400,5.714286,120,686,5.716667,61,8,53,0,97,-10.8535,-1465.22,-24.02
50,70/400,5.714286,130,743,5.715385,61,8,53,0,97,-10.8637,-1575.24,-25.82
51,70/300,4.285714,200,857,4.285000,51,8,43,0,107,-11.7188,-2519.54,-49.40
52,70/300,4.285714,140,600,4.285714,61,10,51,0,97,-11.7297,-1818.10,-29.80
53,70/400,5.714286,110,629,5.718182,62,8,54,0,96,-11.9001,-1487.52,-23.99
54,70/400,5.714286,170,971,5.711765,57,7,50,0,101,-13.3692,-2473.31,-43.39
55,220/800,3.636364,270,982,3.637037,26,3,23,0,132,-13.6177,-3881.04,-149.27
56,220/800,3.636364,230,836,3.634783,48,8,40,0,110,-13.7441,-3367.31,-70.15
57,70/400,5.714286,160,914,5.712500,58,7,51,0,100,-14.4229,-2524.01,-43.52
58,70/300,4.285714,220,943,4.286364,49,7,42,0,109,-14.8767,-3496.01,-71.35
59,220/800,3.636364,190,691,3.636842,54,9,45,0,104,-15.4436,-3165.94,-58.63
60,70/400,5.714286,150,857,5.713333,59,7,52,0,99,-15.4759,-2553.52,-43.28
61,220/800,3.636364,260,945,3.634615,41,6,35,0,117,-15.6031,-4290.85,-104.65
62,220/800,3.636364,210,764,3.638095,50,8,42,0,108,-15.8352,-3562.93,-71.26
63,70/300,4.285714,210,900,4.285714,50,7,43,0,108,-15.9400,-3586.50,-71.73
64,220/800,3.636364,180,655,3.638889,55,9,46,0,103,-16.4840,-3214.38,-58.44
65,220/800,3.636364,250,909,3.636000,42,6,36,0,116,-16.6536,-4413.20,-105.08
66,220/800,3.636364,200,727,3.635000,51,8,43,0,107,-16.9188,-3637.54,-71.32
67,70/400,5.714286,140,800,5.714286,61,7,54,0,97,-17.5868,-2725.95,-44.69
68,70/300,4.285714,230,986,4.286957,48,6,42,0,110,-19.1007,-4679.66,-97.49
69,70/300,4.285714,160,686,4.287500,58,8,50,0,100,-19.1104,-3344.32,-57.66
70,70/300,4.285714,150,643,4.286667,59,8,51,0,99,-20.1759,-3329.02,-56.42
BEST_NET_R,BUY,00:00-00:30,70/255,net_R=32.6697,entries=70

BUY AVOIDED SLOT 01:00-01:30 (IST); raw_signals=176
rank,source_sl_tp,source_rr,sl_points,tp_points,actual_rr,entries,wins,losses,open,skipped,net_R,net_points,expectancy_points
1,220/800,3.636364,270,982,3.637037,32,8,24,0,144,3.2147,916.19,28.63
2,70/400,5.714286,170,971,5.711765,61,10,51,0,115,2.5308,468.21,7.68
3,70/300,4.285714,230,986,4.286957,54,11,43,0,122,0.9813,240.42,4.45
4,270/300,1.111111,370,411,1.110811,22,11,11,0,154,-0.0747,-28.75,-1.31
5,270/300,1.111111,330,367,1.112121,30,15,15,0,146,-0.0822,-28.35,-0.95
6,220/800,3.636364,260,945,3.634615,49,11,38,0,127,-0.9004,-247.62,-5.05
7,270/300,1.111111,320,356,1.112500,31,15,16,0,145,-1.1353,-380.33,-12.27
8,220/800,3.636364,230,836,3.634783,54,12,42,0,122,-1.5578,-381.66,-7.07
9,220/800,3.636364,250,909,3.636000,50,11,39,0,126,-1.9440,-515.16,-10.30
10,270/300,1.111111,360,400,1.111111,24,11,13,0,152,-2.1890,-820.87,-34.20
11,270/300,1.111111,340,378,1.111765,29,13,16,0,147,-3.2523,-1154.55,-39.81
12,270/300,1.111111,240,267,1.112500,53,25,28,0,123,-3.3039,-842.49,-15.90
13,270/300,1.111111,310,344,1.109677,37,17,20,0,139,-3.3111,-1076.10,-29.08
14,270/300,1.111111,300,333,1.110000,39,18,21,0,137,-3.3132,-1043.66,-26.76
15,270/300,1.111111,260,289,1.111538,49,23,26,0,127,-3.3158,-911.85,-18.61
16,270/300,1.111111,350,389,1.111429,24,10,14,0,152,-4.2969,-1568.37,-65.35
17,270/300,1.111111,230,256,1.113043,54,25,29,0,122,-4.3491,-1065.53,-19.73
18,270/300,1.111111,250,278,1.112000,50,23,27,0,126,-4.3640,-1156.46,-23.13
19,270/300,1.111111,290,322,1.110345,42,19,23,0,134,-4.3730,-1333.78,-31.76
20,220/800,3.636364,240,873,3.637500,53,11,42,0,123,-5.1039,-1301.49,-24.56
21,270/300,1.111111,200,222,1.110000,57,26,31,0,119,-5.4916,-1180.69,-20.71
22,270/300,1.111111,210,233,1.109524,57,26,31,0,119,-5.5040,-1238.40,-21.73
23,70/300,4.285714,200,857,4.285000,57,10,47,0,119,-7.5016,-1612.84,-28.30
24,270/300,1.111111,280,311,1.110714,43,18,25,0,133,-7.5355,-2222.99,-51.70
25,270/300,1.111111,190,211,1.110526,59,26,33,0,117,-7.5955,-1557.08,-26.39
26,70/600,8.571429,110,943,8.572727,71,7,64,0,105,-8.1657,-1020.71,-14.38
27,270/300,1.111111,180,200,1.111111,60,26,34,0,116,-8.6391,-1684.63,-28.08
28,270/300,1.111111,220,244,1.109091,56,24,32,0,120,-8.6746,-2038.54,-36.40
29,220/800,3.636364,170,618,3.635294,61,12,49,0,115,-8.9633,-1658.21,-27.18
30,70/300,4.285714,190,814,4.284211,59,10,49,0,117,-9.6271,-1973.55,-33.45
31,70/300,4.285714,180,771,4.283333,60,10,50,0,116,-10.6947,-2085.46,-34.76
32,70/300,4.285714,170,729,4.288235,61,10,51,0,115,-11.7044,-2165.32,-35.50
33,70/300,4.285714,220,943,4.286364,56,9,47,0,120,-11.7155,-2753.15,-49.16
34,70/400,5.714286,160,914,5.712500,62,8,54,0,114,-11.9456,-2090.48,-33.72
35,220/800,3.636364,180,655,3.638889,60,11,49,0,116,-12.5002,-2437.54,-40.63
36,70/300,4.285714,210,900,4.285714,57,9,48,0,119,-12.7802,-2875.54,-50.45
37,220/800,3.636364,210,764,3.638095,57,10,47,0,119,-13.9706,-3143.40,-55.15
38,220/800,3.636364,200,727,3.635000,57,10,47,0,119,-14.0016,-3010.34,-52.81
39,70/400,5.714286,140,800,5.714286,64,8,56,0,112,-14.0489,-2177.58,-34.02
40,70/400,5.714286,150,857,5.713333,64,8,56,0,112,-14.0565,-2319.33,-36.24
41,220/800,3.636364,160,582,3.637500,62,11,51,0,114,-14.6331,-2560.79,-41.30
42,70/300,4.285714,150,643,4.286667,64,10,54,0,112,-14.8965,-2457.93,-38.41
43,70/300,4.285714,140,600,4.285714,64,10,54,0,112,-14.9061,-2310.44,-36.10
44,220/800,3.636364,190,691,3.636842,59,10,49,0,117,-16.1008,-3300.66,-55.94
45,220/800,3.636364,140,509,3.635714,64,11,53,0,112,-16.7703,-2599.40,-40.62
46,220/800,3.636364,150,545,3.633333,64,11,53,0,112,-16.7965,-2771.43,-43.30
47,70/300,4.285714,130,557,4.284615,67,10,57,0,109,-18.0934,-2623.55,-39.16
48,70/800,11.428571,80,914,11.425000,76,5,71,0,100,-18.3438,-1742.66,-22.93
49,70/600,8.571429,100,857,8.570000,73,6,67,0,103,-19.8724,-2285.33,-31.31
50,220/800,3.636364,130,473,3.638462,67,11,56,0,109,-19.9165,-2887.90,-43.10
51,220/800,3.636364,70,255,3.642857,76,13,63,0,100,-20.1117,-1709.49,-22.49
52,70/300,4.285714,120,514,4.283333,69,10,59,0,107,-20.2239,-2730.22,-39.57
53,70/400,5.714286,110,629,5.718182,71,8,63,0,105,-21.4293,-2678.67,-37.73
54,220/800,3.636364,120,436,3.633333,69,11,58,0,107,-22.0905,-2982.22,-43.22
55,70/300,4.285714,110,471,4.281818,71,10,61,0,105,-22.3566,-2794.58,-39.36
56,70/300,4.285714,160,686,4.287500,62,8,54,0,114,-23.3456,-4085.48,-65.89
57,70/400,5.714286,130,743,5.715385,67,7,60,0,109,-23.9319,-3470.13,-51.79
58,220/800,3.636364,110,400,3.636364,71,11,60,0,105,-24.1748,-3021.85,-42.56
59,220/800,3.636364,80,291,3.637500,76,12,64,0,100,-24.8188,-2357.79,-31.02
60,70/400,5.714286,120,686,5.716667,69,7,62,0,107,-26.0405,-3515.47,-50.95
61,70/300,4.285714,100,429,4.290000,73,9,64,0,103,-29.6824,-3413.48,-46.76
62,70/400,5.714286,100,571,5.710000,73,7,66,0,103,-30.3224,-3487.08,-47.77
63,70/600,8.571429,90,771,8.566667,75,5,70,0,101,-31.5767,-3315.55,-44.21
64,70/400,5.714286,90,514,5.711111,75,7,68,0,101,-32.4322,-3405.38,-45.41
65,70/600,8.571429,80,686,8.575000,76,5,71,0,100,-32.5938,-3096.41,-40.74
66,70/300,4.285714,80,343,4.287500,76,9,67,0,100,-32.8813,-3123.72,-41.10
67,70/400,5.714286,80,457,5.712500,76,7,69,0,100,-33.4813,-3180.72,-41.85
68,220/800,3.636364,100,364,3.640000,73,9,64,0,103,-35.5324,-4086.23,-55.98
69,70/300,4.285714,90,386,4.288889,75,8,67,0,101,-37.0989,-3895.38,-51.94
70,220/800,3.636364,90,327,3.633333,75,9,66,0,101,-37.7100,-3959.55,-52.79
BEST_NET_R,BUY,01:00-01:30,270/982,net_R=3.2147,entries=32

BUY AVOIDED SLOT 03:30-04:00 (IST); raw_signals=156
rank,source_sl_tp,source_rr,sl_points,tp_points,actual_rr,entries,wins,losses,open,skipped,net_R,net_points,expectancy_points
1,220/800,3.636364,260,945,3.634615,45,12,33,0,111,7.9694,2191.58,48.70
2,70/300,4.285714,230,986,4.286957,49,10,39,0,107,0.9884,242.15,4.94
3,70/300,4.285714,220,943,4.286364,50,10,40,0,106,-0.0764,-17.95,-0.36
4,270/300,1.111111,280,311,1.110714,37,18,19,0,119,-1.1827,-348.91,-9.43
5,270/300,1.111111,180,200,1.111111,57,28,29,0,99,-1.2405,-241.90,-4.24
6,220/800,3.636364,270,982,3.637037,28,6,22,0,128,-1.8242,-519.89,-18.57
7,270/300,1.111111,290,322,1.110345,36,17,19,0,120,-2.2409,-683.49,-18.99
8,270/300,1.111111,300,333,1.110000,36,17,19,0,120,-2.2468,-707.74,-19.66
9,270/300,1.111111,310,344,1.109677,35,16,19,0,121,-3.3032,-1073.53,-30.67
10,270/300,1.111111,190,211,1.110526,55,26,29,0,101,-3.3603,-688.86,-12.52
11,270/300,1.111111,200,222,1.110000,55,26,29,0,101,-3.3740,-725.41,-13.19
12,270/300,1.111111,350,389,1.111429,26,11,15,0,130,-4.3031,-1570.63,-60.41
13,70/300,4.285714,210,900,4.285714,54,10,44,0,102,-4.3181,-971.56,-17.99
14,220/800,3.636364,250,909,3.636000,48,10,38,0,108,-4.4624,-1182.54,-24.64
15,270/300,1.111111,360,400,1.111111,25,10,15,0,131,-5.3589,-2009.58,-80.38
16,270/300,1.111111,330,367,1.112121,31,13,18,0,125,-5.3652,-1851.00,-59.71
17,270/300,1.111111,320,356,1.112500,33,14,19,0,123,-5.3654,-1797.41,-54.47
18,270/300,1.111111,260,289,1.111538,45,20,25,0,111,-5.4152,-1489.19,-33.09
19,220/800,3.636364,240,873,3.637500,49,10,39,0,107,-5.5062,-1404.08,-28.65
20,220/800,3.636364,230,836,3.634783,49,10,39,0,107,-5.5334,-1355.68,-27.67
21,220/800,3.636364,210,764,3.638095,54,11,43,0,102,-6.1562,-1385.13,-25.65
22,270/300,1.111111,370,411,1.110811,22,8,14,0,134,-6.4071,-2466.74,-112.12
23,270/300,1.111111,340,378,1.111765,28,11,17,0,128,-6.4170,-2278.03,-81.36
24,270/300,1.111111,220,244,1.109091,50,21,29,0,106,-8.6491,-2032.54,-40.65
25,270/300,1.111111,210,233,1.109524,54,23,31,0,102,-8.6562,-1947.63,-36.07
26,270/300,1.111111,230,256,1.113043,49,20,29,0,107,-9.6203,-2356.98,-48.10
27,270/300,1.111111,240,267,1.112500,49,20,29,0,107,-9.6312,-2455.96,-50.12
28,70/300,4.285714,200,857,4.285000,55,9,46,0,101,-10.6690,-2293.83,-41.71
29,270/300,1.111111,250,278,1.112000,48,19,29,0,108,-10.6944,-2834.02,-59.04
30,220/800,3.636364,200,727,3.635000,55,10,45,0,101,-11.8840,-2555.06,-46.46
31,70/300,4.285714,190,814,4.284211,55,8,47,0,101,-15.9603,-3271.86,-59.49
32,220/800,3.636364,190,691,3.636842,55,9,46,0,101,-16.5024,-3383.00,-61.51
33,220/800,3.636364,70,255,3.642857,70,12,58,0,86,-18.4017,-1564.15,-22.34
34,220/800,3.636364,80,291,3.637500,70,12,58,0,86,-18.4660,-1754.27,-25.06
35,70/300,4.285714,80,343,4.287500,70,10,60,0,86,-21.2410,-2017.89,-28.83
36,70/300,4.285714,180,771,4.283333,57,7,50,0,99,-23.3683,-4556.81,-79.94
37,220/800,3.636364,160,582,3.637500,58,8,50,0,98,-24.3104,-4254.32,-73.35
38,220/800,3.636364,150,545,3.633333,59,8,51,0,97,-25.4025,-4191.42,-71.04
39,70/300,4.285714,130,557,4.284615,59,7,52,0,97,-25.4769,-3694.15,-62.61
40,70/400,5.714286,170,971,5.711765,57,5,52,0,99,-26.7928,-4956.66,-86.96
41,70/600,8.571429,110,943,8.572727,62,4,58,0,94,-27.3547,-3419.34,-55.15
42,70/400,5.714286,160,914,5.712500,58,5,53,0,98,-27.8479,-4873.38,-84.02
43,220/800,3.636364,180,655,3.638889,57,7,50,0,99,-27.8794,-5436.48,-95.38
44,220/800,3.636364,110,400,3.636364,62,8,54,0,94,-28.5547,-3569.34,-57.57
45,70/300,4.285714,170,729,4.288235,57,6,51,0,99,-28.6222,-5295.10,-92.90
46,70/300,4.285714,110,471,4.281818,62,7,55,0,94,-28.6729,-3584.11,-57.81
47,70/400,5.714286,130,743,5.715385,59,5,54,0,97,-28.8923,-4189.38,-71.01
48,70/400,5.714286,150,857,5.713333,59,5,54,0,97,-28.9025,-4768.92,-80.83
49,70/300,4.285714,160,686,4.287500,58,6,52,0,98,-29.6854,-5194.94,-89.57
50,220/800,3.636364,130,473,3.638462,59,7,52,0,97,-30.0000,-4350.00,-73.73
51,220/800,3.636364,140,509,3.635714,59,7,52,0,97,-30.0192,-4652.98,-78.86
52,220/800,3.636364,90,327,3.633333,68,9,59,0,88,-30.2984,-3181.33,-46.78
53,220/800,3.636364,100,364,3.640000,64,8,56,0,92,-30.6432,-3523.97,-55.06
54,70/300,4.285714,100,429,4.290000,64,7,57,0,92,-30.7332,-3534.32,-55.22
55,70/300,4.285714,150,643,4.286667,59,6,53,0,97,-30.7492,-5073.62,-85.99
56,70/300,4.285714,140,600,4.285714,59,6,53,0,97,-30.7549,-4767.01,-80.80
57,70/400,5.714286,90,514,5.711111,68,6,62,0,88,-31.7317,-3331.83,-49.00
58,70/400,5.714286,110,629,5.718182,62,5,57,0,94,-32.0547,-4006.84,-64.63
59,220/800,3.636364,120,436,3.633333,61,7,54,0,95,-32.1535,-4340.72,-71.16
60,220/800,3.636364,170,618,3.635294,57,6,51,0,99,-32.5398,-6019.87,-105.61
61,70/300,4.285714,120,514,4.283333,61,6,55,0,95,-32.8868,-4439.72,-72.78
62,70/400,5.714286,80,457,5.712500,70,6,64,0,86,-33.8410,-3214.89,-45.93
63,70/400,5.714286,100,571,5.710000,64,5,59,0,92,-34.2132,-3934.52,-61.48
64,70/300,4.285714,90,386,4.288889,68,7,61,0,88,-34.9762,-3672.50,-54.01
65,70/400,5.714286,140,800,5.714286,59,4,55,0,97,-35.6121,-5519.87,-93.56
66,70/600,8.571429,80,686,8.575000,70,4,66,0,86,-35.8160,-3402.52,-48.61
67,70/800,11.428571,80,914,11.425000,70,3,67,0,86,-36.8410,-3499.89,-50.00
68,70/400,5.714286,120,686,5.716667,61,4,57,0,95,-37.7201,-5092.22,-83.48
69,70/600,8.571429,100,857,8.570000,64,3,61,0,92,-39.0532,-4491.12,-70.17
70,70/600,8.571429,90,771,8.566667,68,3,65,0,88,-43.2984,-4546.33,-66.86
BEST_NET_R,BUY,03:30-04:00,260/945,net_R=7.9694,entries=45

BUY AVOIDED SLOT 05:00-05:30 (IST); raw_signals=121
rank,source_sl_tp,source_rr,sl_points,tp_points,actual_rr,entries,wins,losses,open,skipped,net_R,net_points,expectancy_points
1,70/600,8.571429,100,857,8.570000,57,9,48,0,64,25.7784,2964.52,52.01
2,70/800,11.428571,80,914,11.425000,61,7,54,0,60,22.3882,2126.88,34.87
3,70/600,8.571429,110,943,8.572727,57,8,49,0,64,16.2302,2028.78,35.59
4,70/600,8.571429,90,771,8.566667,59,8,51,0,62,14.0641,1476.73,25.03
5,70/600,8.571429,80,686,8.575000,61,8,53,0,60,12.0132,1141.25,18.71
6,70/400,5.714286,170,971,5.711765,47,9,38,0,74,10.6423,1968.82,41.89
7,70/400,5.714286,150,857,5.713333,50,9,41,0,71,7.4800,1234.20,24.68
8,70/300,4.285714,190,814,4.284211,44,10,34,0,77,6.2549,1282.26,29.14
9,220/800,3.636364,70,255,3.642857,61,15,46,0,60,5.0561,429.76,7.05
10,70/300,4.285714,80,343,4.287500,61,13,48,0,60,4.1507,394.32,6.46
11,70/300,4.285714,180,771,4.283333,46,10,36,0,75,4.1285,805.06,17.50
12,70/400,5.714286,160,914,5.712500,47,8,39,0,74,3.9364,688.87,14.66
13,70/400,5.714286,140,800,5.714286,54,9,45,0,67,3.2534,504.27,9.34
14,70/300,4.285714,170,729,4.288235,47,10,37,0,74,3.1188,576.97,12.28
15,70/300,4.285714,210,900,4.285714,42,9,33,0,79,3.1018,697.91,16.62
16,270/300,1.111111,350,389,1.111429,16,9,7,0,105,2.0621,752.65,47.04
17,70/300,4.285714,200,857,4.285000,43,9,34,0,78,2.0366,437.87,10.18
18,220/800,3.636364,210,764,3.638095,42,10,32,0,79,1.9114,430.05,10.24
19,70/400,5.714286,120,686,5.716667,56,9,47,0,65,1.1572,156.22,2.79
20,70/400,5.714286,130,743,5.715385,56,9,47,0,65,1.1457,166.12,2.97
21,270/300,1.111111,360,400,1.111111,15,8,7,0,106,1.0069,377.58,25.17
22,270/300,1.111111,370,411,1.110811,15,8,7,0,106,1.0045,386.73,25.78
23,220/800,3.636364,200,727,3.635000,43,10,33,0,78,0.8216,176.64,4.11
24,220/800,3.636364,80,291,3.637500,61,14,47,0,60,0.3382,32.13,0.53
25,70/400,5.714286,110,629,5.718182,57,9,48,0,64,0.1120,14.00,0.25
26,70/400,5.714286,100,571,5.710000,57,9,48,0,64,0.0384,4.42,0.08
27,70/300,4.285714,220,943,4.286364,40,8,32,0,81,-0.0611,-14.36,-0.36
28,220/800,3.636364,190,691,3.636842,44,10,34,0,77,-0.2188,-44.85,-1.02
29,270/300,1.111111,340,378,1.111765,18,8,10,0,103,-2.1643,-768.32,-42.68
30,70/300,4.285714,160,686,4.287500,47,9,38,0,74,-2.1761,-380.82,-8.10
31,220/800,3.636364,180,655,3.638889,46,10,36,0,75,-2.3159,-451.60,-9.82
32,220/800,3.636364,170,618,3.635294,47,10,37,0,74,-3.4107,-630.97,-13.42
33,220/800,3.636364,260,945,3.634615,30,6,24,0,91,-3.9563,-1087.98,-36.27
34,70/400,5.714286,80,457,5.712500,61,9,52,0,60,-4.1743,-396.56,-6.50
35,70/300,4.285714,140,600,4.285714,54,10,44,0,67,-4.3181,-669.30,-12.39
36,270/300,1.111111,220,244,1.109091,40,18,22,0,81,-4.3884,-1031.27,-25.78
37,220/800,3.636364,250,909,3.636000,31,6,25,0,90,-5.0068,-1326.80,-42.80
38,70/300,4.285714,230,986,4.286957,35,6,29,0,86,-5.3363,-1307.38,-37.35
39,270/300,1.111111,330,367,1.112121,21,8,13,0,100,-5.3378,-1841.55,-87.69
40,70/300,4.285714,150,643,4.286667,50,9,41,0,71,-5.3600,-884.40,-17.69
41,220/800,3.636364,240,873,3.637500,32,6,26,0,89,-6.0566,-1544.43,-48.26
42,270/300,1.111111,320,356,1.112500,22,8,14,0,99,-6.3936,-2141.86,-97.36
43,70/300,4.285714,130,557,4.284615,56,10,46,0,65,-6.4466,-934.76,-16.69
44,270/300,1.111111,210,233,1.109524,42,18,24,0,79,-6.4982,-1462.09,-34.81
45,220/800,3.636364,150,545,3.633333,50,10,40,0,71,-6.6067,-1090.10,-21.80
46,220/800,3.636364,90,327,3.633333,59,12,47,0,62,-6.8692,-721.27,-12.22
47,220/800,3.636364,270,982,3.637037,20,3,17,0,101,-7.2649,-2070.49,-103.52
48,70/300,4.285714,100,429,4.290000,57,10,47,0,64,-7.4516,-856.93,-15.03
49,270/300,1.111111,280,311,1.110714,29,11,18,0,92,-7.4873,-2208.77,-76.16
50,70/300,4.285714,110,471,4.281818,57,10,47,0,64,-7.5334,-941.68,-16.52
51,270/300,1.111111,200,222,1.110000,43,18,25,0,78,-7.5484,-1622.91,-37.74
52,220/800,3.636364,160,582,3.637500,47,9,38,0,74,-8.0261,-1404.57,-29.88
53,220/800,3.636364,130,473,3.638462,56,11,45,0,65,-8.2697,-1199.11,-21.41
54,270/300,1.111111,310,344,1.109677,24,8,16,0,97,-8.5338,-2773.48,-115.56
55,270/300,1.111111,260,289,1.111538,30,11,19,0,91,-8.5371,-2347.70,-78.26
56,270/300,1.111111,300,333,1.110000,26,9,17,0,95,-8.5388,-2689.72,-103.45
57,270/300,1.111111,190,211,1.110526,44,18,26,0,77,-8.5977,-1762.53,-40.06
58,70/400,5.714286,90,514,5.711111,59,8,51,0,62,-8.7803,-921.93,-15.63
59,220/800,3.636364,230,836,3.634783,35,6,29,0,86,-9.2493,-2266.08,-64.75
60,220/800,3.636364,100,364,3.640000,57,11,46,0,64,-9.3116,-1070.83,-18.79
61,70/300,4.285714,90,386,4.288889,59,10,49,0,62,-9.5803,-1005.93,-17.05
62,270/300,1.111111,230,256,1.113043,35,13,22,0,86,-9.5884,-2349.17,-67.12
63,270/300,1.111111,250,278,1.112000,31,11,20,0,90,-9.5908,-2541.56,-81.99
64,270/300,1.111111,240,267,1.112500,32,11,21,0,89,-10.6441,-2714.25,-84.82
65,270/300,1.111111,290,322,1.110345,28,9,19,0,93,-10.6533,-3249.26,-116.04
66,270/300,1.111111,180,200,1.111111,46,18,28,0,75,-10.7048,-2087.44,-45.38
67,220/800,3.636364,140,509,3.635714,54,10,44,0,67,-10.8181,-1676.80,-31.05
68,70/300,4.285714,120,514,4.283333,56,9,47,0,65,-11.7428,-1585.28,-28.31
69,220/800,3.636364,120,436,3.633333,56,10,46,0,65,-12.9595,-1749.53,-31.24
70,220/800,3.636364,110,400,3.636364,57,10,47,0,64,-13.9880,-1748.50,-30.68
BEST_NET_R,BUY,05:00-05:30,100/857,net_R=25.7784,entries=57

BUY AVOIDED SLOT 09:00-09:30 (IST); raw_signals=95
rank,source_sl_tp,source_rr,sl_points,tp_points,actual_rr,entries,wins,losses,open,skipped,net_R,net_points,expectancy_points
1,270/300,1.111111,310,344,1.109677,22,10,12,0,73,-2.1968,-713.97,-32.45
2,270/300,1.111111,290,322,1.110345,24,11,13,0,71,-2.1974,-670.21,-27.93
3,270/300,1.111111,330,367,1.112121,19,8,11,0,76,-3.2202,-1110.98,-58.47
4,270/300,1.111111,320,356,1.112500,21,9,12,0,74,-3.2223,-1079.47,-51.40
5,270/300,1.111111,340,378,1.111765,19,8,11,0,76,-3.2231,-1144.19,-60.22
6,270/300,1.111111,300,333,1.110000,23,10,13,0,72,-3.2524,-1024.51,-44.54
7,270/300,1.111111,260,289,1.111538,29,13,16,0,66,-3.2552,-895.18,-30.87
8,270/300,1.111111,370,411,1.110811,12,4,8,0,83,-4.2624,-1641.01,-136.75
9,270/300,1.111111,350,389,1.111429,16,6,10,0,79,-4.2722,-1559.36,-97.46
10,270/300,1.111111,230,256,1.113043,36,16,20,0,59,-4.3081,-1055.49,-29.32
11,270/300,1.111111,250,278,1.112000,32,14,18,0,63,-4.3136,-1143.10,-35.72
12,270/300,1.111111,280,311,1.110714,28,12,16,0,67,-4.3178,-1273.76,-45.49
13,270/300,1.111111,360,400,1.111111,13,4,9,0,82,-5.3200,-1994.98,-153.46
14,270/300,1.111111,240,267,1.112500,33,14,19,0,62,-5.3654,-1368.18,-41.46
15,70/300,4.285714,110,471,4.281818,45,8,37,0,50,-5.3915,-673.93,-14.98
16,220/800,3.636364,230,836,3.634783,36,7,29,0,59,-5.6733,-1389.96,-38.61
17,220/800,3.636364,110,400,3.636364,45,9,36,0,50,-5.9187,-739.84,-16.44
18,220/800,3.636364,120,436,3.633333,45,9,36,0,50,-5.9460,-802.71,-17.84
19,220/800,3.636364,170,618,3.635294,41,8,33,0,54,-6.3284,-1170.76,-28.56
20,70/300,4.285714,230,986,4.286957,36,6,30,0,59,-6.3951,-1566.79,-43.52
21,70/300,4.285714,220,943,4.286364,37,6,31,0,58,-7.4574,-1752.49,-47.36
22,220/800,3.636364,260,945,3.634615,29,5,24,0,66,-7.5321,-2071.33,-71.43
23,270/300,1.111111,220,244,1.109091,37,15,22,0,58,-7.5392,-1771.72,-47.88
24,70/300,4.285714,90,386,4.288889,48,8,40,0,47,-8.5113,-893.69,-18.62
25,70/300,4.285714,210,900,4.285714,38,6,32,0,57,-8.5201,-1917.03,-50.45
26,220/800,3.636364,90,327,3.633333,48,9,39,0,47,-9.1224,-957.85,-19.96
27,70/300,4.285714,80,343,4.287500,49,8,41,0,46,-9.5812,-910.21,-18.58
28,220/800,3.636364,80,291,3.637500,49,9,40,0,46,-10.1437,-963.65,-19.67
29,220/800,3.636364,270,982,3.637037,23,3,20,0,72,-10.4413,-2975.77,-129.38
30,270/300,1.111111,210,233,1.109524,38,14,24,0,57,-10.7011,-2407.74,-63.36
31,220/800,3.636364,250,909,3.636000,32,5,27,0,63,-10.7016,-2835.92,-88.62
32,220/800,3.636364,160,582,3.637500,41,7,34,0,54,-10.9483,-1915.95,-46.73
33,70/400,5.714286,80,457,5.712500,49,6,43,0,46,-11.6062,-1102.59,-22.50
34,220/800,3.636364,240,873,3.637500,33,5,28,0,62,-11.7529,-2996.99,-90.82
35,220/800,3.636364,150,545,3.633333,42,7,35,0,53,-12.0363,-1985.98,-47.29
36,220/800,3.636364,210,764,3.638095,38,6,32,0,57,-12.4058,-2791.31,-73.46
37,220/800,3.636364,100,364,3.640000,47,8,39,0,48,-12.6436,-1454.01,-30.94
38,70/300,4.285714,100,429,4.290000,47,7,40,0,48,-12.7336,-1464.36,-31.16
39,270/300,1.111111,180,200,1.111111,40,14,26,0,55,-12.7964,-2495.31,-62.38
40,270/300,1.111111,200,222,1.110000,38,13,25,0,57,-12.8044,-2752.95,-72.45
41,270/300,1.111111,190,211,1.110526,39,13,26,0,56,-13.8564,-2840.55,-72.83
42,220/800,3.636364,130,473,3.638462,44,7,37,0,51,-14.1180,-2047.11,-46.53
43,220/800,3.636364,140,509,3.635714,44,7,37,0,51,-14.1372,-2191.27,-49.80
44,70/300,4.285714,140,600,4.285714,44,6,38,0,51,-14.8729,-2305.30,-52.39
45,70/300,4.285714,120,514,4.283333,45,6,39,0,50,-15.9460,-2152.71,-47.84
46,70/400,5.714286,100,571,5.710000,47,5,42,0,48,-16.2136,-1864.56,-39.67
47,70/400,5.714286,160,914,5.712500,41,4,37,0,54,-16.5608,-2898.14,-70.69
48,70/400,5.714286,170,971,5.711765,41,4,37,0,54,-16.5637,-3064.29,-74.74
49,70/400,5.714286,90,514,5.711111,48,5,43,0,47,-17.2668,-1813.02,-37.77
50,70/400,5.714286,150,857,5.713333,42,4,38,0,53,-17.6163,-2906.68,-69.21
51,70/600,8.571429,110,943,8.572727,45,3,42,0,50,-18.9278,-2365.98,-52.58
52,70/300,4.285714,200,857,4.285000,38,4,34,0,57,-19.0944,-4105.30,-108.03
53,220/800,3.636364,70,255,3.642857,49,7,42,0,46,-19.3812,-1647.40,-33.62
54,70/300,4.285714,190,814,4.284211,39,4,35,0,56,-20.1564,-4132.05,-105.95
55,70/300,4.285714,130,557,4.284615,44,5,39,0,51,-20.1641,-2923.80,-66.45
56,70/400,5.714286,110,629,5.718182,45,4,41,0,50,-20.7733,-2596.66,-57.70
57,70/300,4.285714,180,771,4.283333,40,4,36,0,55,-21.2187,-4137.64,-103.44
58,220/800,3.636364,200,727,3.635000,38,4,34,0,57,-21.6944,-4664.30,-122.74
59,70/300,4.285714,170,729,4.288235,41,4,37,0,54,-22.2579,-4117.70,-100.43
60,70/300,4.285714,160,686,4.287500,41,4,37,0,54,-22.2608,-3895.64,-95.02
61,220/800,3.636364,190,691,3.636842,39,4,35,0,56,-22.7458,-4662.90,-119.56
62,70/300,4.285714,150,643,4.286667,42,4,38,0,53,-23.3229,-3848.28,-91.63
63,220/800,3.636364,180,655,3.638889,40,4,36,0,55,-23.7964,-4640.31,-116.01
64,70/400,5.714286,130,743,5.715385,44,3,41,0,51,-26.4410,-3833.95,-87.14
65,70/400,5.714286,140,800,5.714286,44,3,41,0,51,-26.4443,-4098.87,-93.16
66,70/800,11.428571,80,914,11.425000,49,2,47,0,46,-27.0312,-2567.96,-52.41
67,70/400,5.714286,120,686,5.716667,45,3,42,0,50,-27.4960,-3711.96,-82.49
68,70/600,8.571429,100,857,8.570000,47,2,45,0,48,-30.6236,-3521.71,-74.93
69,70/600,8.571429,90,771,8.566667,48,2,46,0,47,-31.6891,-3327.35,-69.32
70,70/600,8.571429,80,686,8.575000,49,2,47,0,46,-32.7312,-3109.46,-63.46
BEST_NET_R,BUY,09:00-09:30,310/344,net_R=-2.1968,entries=22

BUY AVOIDED SLOT 11:00-11:30 (IST); raw_signals=107
rank,source_sl_tp,source_rr,sl_points,tp_points,actual_rr,entries,wins,losses,open,skipped,net_R,net_points,expectancy_points
1,220/800,3.636364,90,327,3.633333,52,16,36,0,55,19.0757,2002.95,38.52
2,220/800,3.636364,70,255,3.642857,57,17,40,0,50,18.5770,1579.04,27.70
3,220/800,3.636364,80,291,3.637500,54,15,39,0,53,12.3873,1176.79,21.79
4,70/300,4.285714,90,386,4.288889,52,12,40,0,55,8.4091,882.95,16.98
5,70/300,4.285714,80,343,4.287500,54,12,42,0,53,6.2748,596.11,11.04
6,220/800,3.636364,110,400,3.636364,50,12,38,0,57,2.6964,337.05,6.74
7,270/300,1.111111,260,289,1.111538,32,17,15,0,75,2.0146,554.00,17.31
8,220/800,3.636364,100,364,3.640000,51,12,39,0,56,1.6812,193.34,3.79
9,270/300,1.111111,320,356,1.112500,23,12,11,0,84,0.9976,334.20,14.53
10,270/300,1.111111,330,367,1.112121,23,12,11,0,84,0.9931,342.60,14.90
11,270/300,1.111111,280,311,1.110714,27,14,13,0,80,0.9624,283.91,10.52
12,270/300,1.111111,240,267,1.112500,39,20,19,0,68,0.9568,243.98,6.26
13,270/300,1.111111,220,244,1.109091,41,21,20,0,66,0.8801,206.83,5.04
14,220/800,3.636364,120,436,3.633333,48,11,37,0,59,0.1443,19.48,0.41
15,270/300,1.111111,350,389,1.111429,19,9,10,0,88,-1.1143,-406.74,-21.41
16,270/300,1.111111,340,378,1.111765,21,10,11,0,86,-1.1172,-396.59,-18.89
17,270/300,1.111111,360,400,1.111111,19,9,10,0,88,-1.1172,-418.95,-22.05
18,270/300,1.111111,230,256,1.113043,39,19,20,0,68,-1.1454,-280.62,-7.20
19,270/300,1.111111,290,322,1.110345,27,13,14,0,80,-1.1531,-351.70,-13.03
20,270/300,1.111111,250,278,1.112000,35,17,18,0,72,-1.1540,-305.81,-8.74
21,270/300,1.111111,300,333,1.110000,27,13,14,0,80,-1.1576,-364.64,-13.51
22,270/300,1.111111,310,344,1.109677,26,12,14,0,81,-2.2127,-719.12,-27.66
23,270/300,1.111111,190,211,1.110526,44,21,23,0,63,-2.2661,-464.56,-10.56
24,270/300,1.111111,200,222,1.110000,42,20,22,0,65,-2.2696,-487.96,-11.62
25,270/300,1.111111,210,233,1.109524,42,20,22,0,65,-2.2791,-512.80,-12.21
26,270/300,1.111111,370,411,1.110811,17,7,10,0,90,-3.2239,-1241.21,-73.01
27,270/300,1.111111,180,200,1.111111,45,21,24,0,62,-3.3127,-645.97,-14.35
28,70/400,5.714286,80,457,5.712500,54,8,46,0,53,-3.4752,-330.14,-6.11
29,220/800,3.636364,270,982,3.637037,27,5,22,0,80,-5.4024,-1539.69,-57.03
30,220/800,3.636364,260,945,3.634615,32,6,26,0,75,-6.0739,-1670.32,-52.20
31,70/300,4.285714,100,429,4.290000,51,9,42,0,56,-6.3888,-734.71,-14.41
32,70/400,5.714286,90,514,5.711111,52,7,45,0,55,-8.0798,-848.38,-16.32
33,220/800,3.636364,240,873,3.637500,39,7,32,0,68,-8.8307,-2251.83,-57.74
34,220/800,3.636364,230,836,3.634783,39,7,32,0,68,-8.8497,-2168.18,-55.59
35,220/800,3.636364,250,909,3.636000,35,6,29,0,72,-9.2420,-2449.13,-69.98
36,70/300,4.285714,230,986,4.286957,39,6,33,0,68,-9.5715,-2345.01,-60.13
37,70/300,4.285714,110,471,4.281818,50,8,42,0,57,-10.6855,-1335.68,-26.71
38,70/300,4.285714,220,943,4.286364,41,6,35,0,66,-11.6926,-2747.77,-67.02
39,70/300,4.285714,210,900,4.285714,42,6,36,0,65,-12.7553,-2869.95,-68.33
40,220/800,3.636364,130,473,3.638462,48,8,40,0,59,-13.7147,-1988.63,-41.43
41,70/400,5.714286,100,571,5.710000,51,6,45,0,56,-13.7388,-1579.96,-30.98
42,220/800,3.636364,210,764,3.638095,42,6,36,0,65,-16.6410,-3744.23,-89.15
43,70/600,8.571429,90,771,8.566667,52,4,48,0,55,-16.7909,-1763.05,-33.90
44,220/800,3.636364,160,582,3.637500,47,7,40,0,60,-17.3011,-3027.69,-64.42
45,220/800,3.636364,140,509,3.635714,48,7,41,0,59,-18.3724,-2847.72,-59.33
46,220/800,3.636364,150,545,3.633333,48,7,41,0,59,-18.3891,-3034.20,-63.21
47,70/600,8.571429,80,686,8.575000,54,4,50,0,53,-18.8752,-1793.14,-33.21
48,70/300,4.285714,140,600,4.285714,48,6,42,0,59,-19.1081,-2961.76,-61.70
49,70/300,4.285714,130,557,4.284615,48,6,42,0,59,-19.1147,-2771.63,-57.74
50,70/300,4.285714,120,514,4.283333,48,6,42,0,59,-19.1224,-2581.52,-53.78
51,70/800,11.428571,80,914,11.425000,54,3,51,0,53,-19.9002,-1890.52,-35.01
52,220/800,3.636364,170,618,3.635294,46,6,40,0,61,-20.8930,-3865.21,-84.03
53,220/800,3.636364,200,727,3.635000,42,5,37,0,65,-21.2946,-4578.34,-109.01
54,70/300,4.285714,160,686,4.287500,47,5,42,0,60,-23.3261,-4082.07,-86.85
55,70/300,4.285714,200,857,4.285000,42,4,38,0,65,-23.3296,-5015.86,-119.43
56,220/800,3.636364,190,691,3.636842,44,5,39,0,63,-23.4030,-4797.61,-109.04
57,70/400,5.714286,120,686,5.716667,48,4,44,0,59,-23.9557,-3234.02,-67.38
58,70/300,4.285714,150,643,4.286667,48,5,43,0,59,-24.3891,-4024.20,-83.84
59,70/600,8.571429,100,857,8.570000,51,3,48,0,56,-25.2888,-2908.21,-57.02
60,70/400,5.714286,110,629,5.718182,50,4,46,0,57,-26.0673,-3258.41,-65.17
61,70/300,4.285714,170,729,4.288235,46,4,42,0,61,-27.5519,-5097.09,-110.81
62,220/800,3.636364,180,655,3.638889,45,4,41,0,62,-29.0904,-5672.64,-126.06
63,70/400,5.714286,160,914,5.712500,47,3,44,0,60,-29.6261,-5184.57,-110.31
64,70/400,5.714286,130,743,5.715385,48,3,45,0,59,-30.6762,-4448.06,-92.67
65,70/400,5.714286,140,800,5.714286,48,3,45,0,59,-30.6795,-4755.33,-99.07
66,70/400,5.714286,150,857,5.713333,48,3,45,0,59,-30.6824,-5062.60,-105.47
67,70/300,4.285714,190,814,4.284211,44,3,41,0,63,-30.7346,-6300.59,-143.20
68,70/300,4.285714,180,771,4.283333,45,3,42,0,62,-31.7960,-6200.22,-137.78
69,70/600,8.571429,110,943,8.572727,50,2,48,0,57,-33.7945,-4224.32,-84.49
70,70/400,5.714286,170,971,5.711765,46,2,44,0,61,-35.2813,-6527.04,-141.89
BEST_NET_R,BUY,11:00-11:30,90/327,net_R=19.0757,entries=52

BUY AVOIDED SLOT 13:00-13:30 (IST); raw_signals=112
rank,source_sl_tp,source_rr,sl_points,tp_points,actual_rr,entries,wins,losses,open,skipped,net_R,net_points,expectancy_points
1,220/800,3.636364,180,655,3.638889,40,9,31,0,72,-0.6020,-117.39,-2.93
2,270/300,1.111111,240,267,1.112500,36,17,19,0,76,-2.2043,-562.10,-15.61
3,220/800,3.636364,170,618,3.635294,42,9,33,0,70,-2.7520,-509.11,-12.12
4,270/300,1.111111,260,289,1.111538,33,15,18,0,79,-3.2673,-898.51,-27.23
5,270/300,1.111111,230,256,1.113043,36,16,20,0,76,-4.3081,-1055.49,-29.32
6,270/300,1.111111,250,278,1.112000,34,15,19,0,78,-4.3192,-1144.59,-33.66
7,270/300,1.111111,180,200,1.111111,40,18,22,0,72,-4.3520,-848.64,-21.22
8,270/300,1.111111,190,211,1.110526,40,18,22,0,72,-4.3625,-894.32,-22.36
9,270/300,1.111111,220,244,1.109091,36,16,20,0,76,-4.3713,-1027.27,-28.54
10,270/300,1.111111,360,400,1.111111,19,7,12,0,93,-5.3394,-2002.28,-105.38
11,270/300,1.111111,370,411,1.110811,19,7,12,0,93,-5.3415,-2056.49,-108.24
12,270/300,1.111111,300,333,1.110000,25,10,15,0,87,-5.3700,-1691.55,-67.66
13,270/300,1.111111,290,322,1.110345,27,11,16,0,85,-5.3738,-1639.01,-60.70
14,220/800,3.636364,240,873,3.637500,36,7,29,0,76,-5.6543,-1441.85,-40.05
15,270/300,1.111111,340,378,1.111765,22,8,14,0,90,-6.3995,-2271.82,-103.26
16,270/300,1.111111,310,344,1.109677,24,9,15,0,88,-6.4241,-2087.83,-86.99
17,270/300,1.111111,280,311,1.110714,28,11,17,0,84,-6.4285,-1896.42,-67.73
18,220/800,3.636364,260,945,3.634615,33,6,27,0,79,-7.1327,-1961.49,-59.44
19,270/300,1.111111,320,356,1.112500,23,8,15,0,89,-7.4524,-2496.55,-108.55
20,270/300,1.111111,350,389,1.111429,21,7,14,0,91,-7.4548,-2721.00,-129.57
21,270/300,1.111111,330,367,1.112121,23,8,15,0,89,-7.4554,-2572.12,-111.83
22,270/300,1.111111,200,222,1.110000,39,16,23,0,73,-7.5332,-1619.64,-41.53
23,220/800,3.636364,250,909,3.636000,34,6,28,0,78,-8.1832,-2168.55,-63.78
24,270/300,1.111111,210,233,1.109524,38,15,23,0,74,-8.5915,-1933.10,-50.87
25,220/800,3.636364,80,291,3.637500,48,9,39,0,64,-9.0849,-863.07,-17.98
26,220/800,3.636364,130,473,3.638462,44,8,36,0,68,-9.4795,-1374.53,-31.24
27,220/800,3.636364,160,582,3.637500,44,8,36,0,68,-9.4872,-1660.26,-37.73
28,70/300,4.285714,160,686,4.287500,44,7,37,0,68,-9.5747,-1675.57,-38.08
29,70/300,4.285714,150,643,4.286667,44,7,37,0,68,-9.5805,-1580.79,-35.93
30,70/300,4.285714,140,600,4.285714,44,7,37,0,68,-9.5872,-1486.02,-33.77
31,70/300,4.285714,130,557,4.284615,44,7,37,0,68,-9.5949,-1391.26,-31.62
32,220/800,3.636364,190,691,3.636842,40,7,33,0,72,-9.8941,-2028.29,-50.71
33,70/400,5.714286,80,457,5.712500,48,6,42,0,64,-10.5474,-1002.00,-20.88
34,220/800,3.636364,90,327,3.633333,45,8,37,0,67,-10.5793,-1110.83,-24.69
35,70/300,4.285714,180,771,4.283333,40,6,34,0,72,-10.6520,-2077.14,-51.93
36,220/800,3.636364,270,982,3.637037,28,4,24,0,84,-11.0983,-3163.00,-112.96
37,220/800,3.636364,210,764,3.638095,38,6,32,0,74,-12.4058,-2791.31,-73.46
38,70/300,4.285714,170,729,4.288235,42,6,36,0,70,-12.7402,-2356.93,-56.12
39,70/400,5.714286,110,629,5.718182,44,5,39,0,68,-12.9963,-1624.54,-36.92
40,70/400,5.714286,130,743,5.715385,44,5,39,0,68,-13.0103,-1886.49,-42.87
41,70/400,5.714286,100,571,5.710000,44,5,39,0,68,-13.0372,-1499.28,-34.07
42,220/800,3.636364,200,727,3.635000,39,6,33,0,73,-13.4832,-2898.89,-74.33
43,70/400,5.714286,90,514,5.711111,45,5,40,0,67,-14.0904,-1479.50,-32.88
44,220/800,3.636364,140,509,3.635714,44,7,37,0,68,-14.1372,-2191.27,-49.80
45,220/800,3.636364,120,436,3.633333,44,7,37,0,68,-14.1539,-1910.77,-43.43
46,220/800,3.636364,150,545,3.633333,44,7,37,0,68,-14.1539,-2335.39,-53.08
47,220/800,3.636364,70,255,3.642857,49,8,41,0,63,-14.7383,-1252.76,-25.57
48,70/300,4.285714,100,429,4.290000,44,6,38,0,68,-14.8472,-1707.43,-38.81
49,70/300,4.285714,200,857,4.285000,39,5,34,0,73,-14.8682,-3196.66,-81.97
50,70/300,4.285714,120,514,4.283333,44,6,38,0,68,-14.8872,-2009.77,-45.68
51,70/300,4.285714,110,471,4.281818,44,6,38,0,68,-14.8963,-1862.04,-42.32
52,220/800,3.636364,230,836,3.634783,36,5,31,0,76,-14.9429,-3661.01,-101.69
53,70/300,4.285714,90,386,4.288889,45,6,39,0,67,-15.9127,-1670.83,-37.13
54,70/300,4.285714,190,814,4.284211,40,5,35,0,72,-15.9309,-3265.84,-81.65
55,70/300,4.285714,230,986,4.286957,36,4,32,0,76,-16.9690,-4157.40,-115.48
56,70/300,4.285714,220,943,4.286364,36,4,32,0,76,-16.9713,-3988.27,-110.79
57,70/400,5.714286,170,971,5.711765,42,4,38,0,70,-17.6225,-3260.17,-77.62
58,220/800,3.636364,100,364,3.640000,44,6,38,0,68,-18.7472,-2155.93,-49.00
59,220/800,3.636364,110,400,3.636364,44,6,38,0,68,-18.7690,-2346.13,-53.32
60,70/300,4.285714,210,900,4.285714,38,4,34,0,74,-19.0915,-4295.60,-113.04
61,70/300,4.285714,80,343,4.287500,48,6,42,0,64,-19.0974,-1814.25,-37.80
62,70/400,5.714286,120,686,5.716667,44,4,40,0,68,-19.7205,-2662.27,-60.51
63,70/400,5.714286,140,800,5.714286,44,4,40,0,68,-19.7301,-3058.16,-69.50
64,70/400,5.714286,150,857,5.713333,44,4,40,0,68,-19.7339,-3256.09,-74.00
65,70/400,5.714286,160,914,5.712500,44,4,40,0,68,-19.7372,-3454.01,-78.50
66,70/600,8.571429,80,686,8.575000,48,3,45,0,64,-22.0974,-2099.25,-43.73
67,70/800,11.428571,80,914,11.425000,48,2,46,0,64,-25.9724,-2467.38,-51.40
68,70/600,8.571429,110,943,8.572727,44,2,42,0,68,-27.4417,-3430.22,-77.96
69,70/600,8.571429,100,857,8.570000,44,2,42,0,68,-27.4472,-3156.43,-71.74
70,70/600,8.571429,90,771,8.566667,45,2,43,0,67,-28.5127,-2993.83,-66.53
BEST_NET_R,BUY,13:00-13:30,180/655,net_R=-0.6020,entries=40

BUY AVOIDED SLOT 13:30-14:00 (IST); raw_signals=133
rank,source_sl_tp,source_rr,sl_points,tp_points,actual_rr,entries,wins,losses,open,skipped,net_R,net_points,expectancy_points
1,220/800,3.636364,100,364,3.640000,67,17,50,0,66,7.9404,913.15,13.63
2,70/300,4.285714,90,386,4.288889,68,15,53,0,65,7.3349,770.17,11.33
3,220/800,3.636364,80,291,3.637500,72,18,54,0,61,7.2414,687.93,9.55
4,220/800,3.636364,90,327,3.633333,68,17,51,0,65,6.7683,710.67,10.45
5,70/300,4.285714,80,343,4.287500,72,15,57,0,61,3.0789,292.50,4.06
6,270/300,1.111111,360,400,1.111111,22,11,11,0,111,-0.0714,-26.77,-1.22
7,220/800,3.636364,70,255,3.642857,75,17,58,0,58,-0.4814,-40.92,-0.55
8,70/300,4.285714,100,429,4.290000,67,13,54,0,66,-2.1696,-249.50,-3.72
9,270/300,1.111111,370,411,1.110811,20,9,11,0,113,-2.1787,-838.80,-41.94
10,270/300,1.111111,340,378,1.111765,24,11,13,0,109,-2.1818,-774.53,-32.27
11,270/300,1.111111,350,389,1.111429,24,11,13,0,109,-2.1855,-797.70,-33.24
12,270/300,1.111111,330,367,1.112121,26,11,15,0,107,-4.2955,-1481.94,-57.00
13,270/300,1.111111,180,200,1.111111,58,27,31,0,75,-4.4104,-860.03,-14.83
14,270/300,1.111111,200,222,1.110000,54,25,29,0,79,-4.4252,-951.42,-17.62
15,220/800,3.636364,110,400,3.636364,66,14,52,0,67,-4.9717,-621.46,-9.42
16,270/300,1.111111,320,356,1.112500,29,12,17,0,104,-5.3552,-1793.99,-61.86
17,270/300,1.111111,310,344,1.109677,32,13,19,0,101,-6.4558,-2098.13,-65.57
18,70/300,4.285714,110,471,4.281818,66,12,54,0,67,-6.4990,-812.37,-12.31
19,270/300,1.111111,290,322,1.110345,35,14,21,0,98,-7.5132,-2291.52,-65.47
20,270/300,1.111111,190,211,1.110526,57,25,32,0,76,-7.5884,-1555.63,-27.29
21,270/300,1.111111,300,333,1.110000,34,13,21,0,99,-8.5692,-2699.30,-79.39
22,270/300,1.111111,220,244,1.109091,48,20,28,0,85,-8.6406,-2030.54,-42.30
23,70/400,5.714286,80,457,5.712500,72,10,62,0,61,-9.1086,-865.32,-12.02
24,220/800,3.636364,120,436,3.633333,66,13,53,0,67,-9.6475,-1302.41,-19.73
25,270/300,1.111111,280,311,1.110714,38,14,24,0,95,-10.6844,-3151.90,-82.94
26,270/300,1.111111,210,233,1.109524,52,21,31,0,81,-10.7576,-2420.46,-46.55
27,270/300,1.111111,230,256,1.113043,47,18,29,0,86,-11.7288,-2873.56,-61.14
28,220/800,3.636364,130,473,3.638462,64,12,52,0,69,-12.1017,-1754.74,-27.42
29,270/300,1.111111,240,267,1.112500,46,17,29,0,87,-12.7923,-3262.04,-70.91
30,270/300,1.111111,260,289,1.111538,43,14,29,0,90,-15.9669,-4390.89,-102.11
31,270/300,1.111111,250,278,1.112000,44,14,30,0,89,-17.0192,-4510.09,-102.50
32,70/300,4.285714,230,986,4.286957,47,6,41,0,86,-18.0419,-4420.26,-94.05
33,70/400,5.714286,90,514,5.711111,68,8,60,0,65,-18.3095,-1922.50,-28.27
34,70/300,4.285714,130,557,4.284615,64,9,55,0,69,-20.2017,-2929.24,-45.77
35,220/800,3.636364,140,509,3.635714,63,10,53,0,70,-20.3473,-3153.82,-50.06
36,220/800,3.636364,240,873,3.637500,46,6,40,0,87,-20.8798,-5324.35,-115.75
37,220/800,3.636364,230,836,3.634783,47,6,41,0,86,-21.9549,-5378.95,-114.45
38,70/300,4.285714,120,514,4.283333,66,9,57,0,67,-22.3308,-3014.66,-45.68
39,220/800,3.636364,260,945,3.634615,43,5,38,0,90,-22.3553,-6147.71,-142.97
40,220/800,3.636364,160,582,3.637500,61,9,52,0,72,-22.8493,-3998.63,-65.55
41,70/400,5.714286,110,629,5.718182,66,7,59,0,67,-22.8535,-2856.69,-43.28
42,70/300,4.285714,150,643,4.286667,62,8,54,0,71,-23.3523,-3853.12,-62.15
43,220/800,3.636364,250,909,3.636000,44,5,39,0,89,-23.4072,-6202.91,-140.98
44,220/800,3.636364,150,545,3.633333,62,9,53,0,71,-23.9456,-3951.02,-63.73
45,70/400,5.714286,100,571,5.710000,67,7,60,0,66,-23.9696,-2756.50,-41.14
46,70/300,4.285714,220,943,4.286364,48,5,43,0,85,-24.3906,-5731.79,-119.41
47,70/300,4.285714,140,600,4.285714,63,8,55,0,70,-24.4187,-3784.90,-60.08
48,220/800,3.636364,170,618,3.635294,59,8,51,0,74,-25.3868,-4696.57,-79.60
49,220/800,3.636364,270,982,3.637037,34,2,32,0,99,-26.7251,-7616.66,-224.02
50,220/800,3.636364,180,655,3.638889,58,7,51,0,75,-28.9382,-5642.94,-97.29
51,220/800,3.636364,190,691,3.636842,57,6,51,0,76,-32.5305,-6668.76,-117.00
52,70/300,4.285714,160,686,4.287500,61,6,55,0,72,-32.8618,-5750.81,-94.28
53,70/300,4.285714,210,900,4.285714,52,4,48,0,81,-33.9147,-7630.82,-146.75
54,220/800,3.636364,200,727,3.635000,54,5,49,0,79,-34.0002,-7310.04,-135.37
55,70/300,4.285714,170,729,4.288235,59,5,54,0,74,-36.0280,-6665.18,-112.97
56,70/300,4.285714,200,857,4.285000,54,4,50,0,79,-36.0352,-7747.57,-143.47
57,70/400,5.714286,120,686,5.716667,66,5,61,0,67,-36.2975,-4900.16,-74.24
58,220/800,3.636364,210,764,3.638095,52,4,48,0,81,-36.5052,-8213.67,-157.96
59,70/600,8.571429,80,686,8.575000,72,4,68,0,61,-37.9336,-3603.69,-50.05
60,70/800,11.428571,80,914,11.425000,72,3,69,0,61,-38.9586,-3701.07,-51.40
61,70/300,4.285714,190,814,4.284211,57,4,53,0,76,-39.2148,-8039.03,-141.04
62,70/400,5.714286,140,800,5.714286,63,4,59,0,70,-39.8473,-6176.32,-98.04
63,70/400,5.714286,130,743,5.715385,64,4,60,0,69,-40.9017,-5930.74,-92.67
64,70/600,8.571429,110,943,8.572727,66,3,63,0,67,-41.1626,-5145.33,-77.96
65,70/600,8.571429,100,857,8.570000,67,3,64,0,66,-42.2296,-4856.40,-72.48
66,70/400,5.714286,170,971,5.711765,59,3,56,0,74,-42.3339,-7831.77,-132.74
67,70/600,8.571429,90,771,8.566667,68,3,65,0,65,-43.2984,-4546.33,-66.86
68,70/400,5.714286,160,914,5.712500,61,3,58,0,72,-44.4493,-7778.63,-127.52
69,70/400,5.714286,150,857,5.713333,62,3,59,0,71,-45.5056,-7508.42,-121.10
70,70/300,4.285714,180,771,4.283333,58,3,55,0,75,-45.5604,-8884.28,-153.18
BEST_NET_R,BUY,13:30-14:00,100/364,net_R=7.9404,entries=67

BUY AVOIDED SLOT 14:00-14:30 (IST); raw_signals=114
rank,source_sl_tp,source_rr,sl_points,tp_points,actual_rr,entries,wins,losses,open,skipped,net_R,net_points,expectancy_points
1,270/300,1.111111,280,311,1.110714,27,21,6,0,87,15.7374,4642.53,171.95
2,270/300,1.111111,290,322,1.110345,26,19,7,0,88,12.5678,3833.16,147.43
3,270/300,1.111111,260,289,1.111538,27,19,8,0,87,11.5316,3171.20,117.45
4,270/300,1.111111,300,333,1.110000,25,18,7,0,89,11.5100,3625.65,145.03
5,270/300,1.111111,320,356,1.112500,22,16,6,0,92,10.5064,3519.64,159.98
6,270/300,1.111111,340,378,1.111765,18,14,4,0,96,10.5063,3729.74,207.21
7,270/300,1.111111,250,278,1.112000,28,19,9,0,86,10.4816,2777.62,99.20
8,270/300,1.111111,310,344,1.109677,24,17,7,0,90,10.4533,3397.33,141.56
9,270/300,1.111111,330,367,1.112121,19,14,5,0,95,9.4525,3261.11,171.64
10,220/800,3.636364,260,945,3.634615,27,8,19,0,87,8.4893,2334.56,86.47
11,270/300,1.111111,240,267,1.112500,30,19,11,0,84,8.3735,2135.24,71.17
12,270/300,1.111111,350,389,1.111429,17,12,5,0,97,7.3375,2678.20,157.54
13,270/300,1.111111,230,256,1.113043,31,19,12,0,83,7.3250,1794.63,57.89
14,270/300,1.111111,360,400,1.111111,16,11,5,0,98,6.2814,2355.53,147.22
15,220/800,3.636364,120,436,3.633333,51,13,38,0,63,6.2345,841.66,16.50
16,70/300,4.285714,230,986,4.286957,31,7,24,0,83,4.1859,1025.54,33.08
17,270/300,1.111111,370,411,1.110811,14,9,5,0,100,4.1741,1607.03,114.79
18,220/800,3.636364,250,909,3.636000,28,7,21,0,86,2.8056,743.48,26.55
19,220/800,3.636364,240,873,3.637500,30,7,23,0,84,0.6985,178.12,5.94
20,220/800,3.636364,70,255,3.642857,57,13,44,0,57,0.0055,0.47,0.01
21,220/800,3.636364,270,982,3.637037,22,5,17,0,92,-0.1084,-30.90,-1.40
22,270/300,1.111111,180,200,1.111111,40,20,20,0,74,-0.1298,-25.31,-0.63
23,270/300,1.111111,190,211,1.110526,40,20,20,0,74,-0.1415,-29.00,-0.73
24,270/300,1.111111,220,244,1.109091,34,17,17,0,80,-0.1447,-33.99,-1.00
25,220/800,3.636364,230,836,3.634783,31,7,24,0,83,-0.3793,-92.93,-3.00
26,270/300,1.111111,200,222,1.110000,39,19,20,0,75,-1.2032,-258.69,-6.63
27,70/300,4.285714,100,429,4.290000,52,10,42,0,62,-2.1576,-248.12,-4.77
28,70/300,4.285714,90,386,4.288889,52,10,42,0,62,-2.1687,-227.71,-4.38
29,270/300,1.111111,210,233,1.109524,38,18,20,0,76,-2.2630,-509.17,-13.40
30,220/800,3.636364,80,291,3.637500,56,12,44,0,58,-3.6428,-346.07,-6.18
31,220/800,3.636364,100,364,3.640000,52,11,41,0,62,-4.0176,-462.02,-8.89
32,220/800,3.636364,110,400,3.636364,52,11,41,0,62,-4.0576,-507.20,-9.75
33,220/800,3.636364,160,582,3.637500,42,8,34,0,72,-7.3696,-1289.68,-30.71
34,70/300,4.285714,210,900,4.285714,38,6,32,0,76,-8.5201,-1917.03,-50.45
35,70/300,4.285714,130,557,4.284615,48,8,40,0,66,-8.5455,-1239.09,-25.81
36,220/800,3.636364,90,327,3.633333,52,10,42,0,62,-8.7243,-916.05,-17.62
37,220/800,3.636364,130,473,3.638462,48,9,39,0,66,-9.0762,-1316.06,-27.42
38,220/800,3.636364,150,545,3.633333,44,8,36,0,70,-9.5205,-1570.89,-35.70
39,70/300,4.285714,220,943,4.286364,34,5,29,0,80,-9.5674,-2248.33,-66.13
40,70/300,4.285714,150,643,4.286667,44,7,37,0,70,-9.5805,-1580.79,-35.93
41,70/400,5.714286,170,971,5.711765,41,5,36,0,73,-9.8520,-1822.62,-44.45
42,220/800,3.636364,180,655,3.638889,40,7,33,0,74,-9.8798,-1926.56,-48.16
43,70/300,4.285714,140,600,4.285714,45,7,38,0,69,-10.6460,-1650.13,-36.67
44,70/400,5.714286,160,914,5.712500,42,5,37,0,72,-10.9071,-1908.74,-45.45
45,220/800,3.636364,170,618,3.635294,41,7,34,0,73,-10.9637,-2028.29,-49.47
46,70/300,4.285714,170,729,4.288235,41,6,35,0,73,-11.6814,-2161.06,-52.71
47,70/300,4.285714,80,343,4.287500,56,9,47,0,58,-11.7053,-1112.00,-19.86
48,220/800,3.636364,210,764,3.638095,38,6,32,0,76,-12.4058,-2791.31,-73.46
49,70/300,4.285714,160,686,4.287500,42,6,36,0,72,-12.7446,-2230.30,-53.10
50,70/400,5.714286,150,857,5.713333,44,5,39,0,70,-13.0205,-2148.39,-48.83
51,220/800,3.636364,200,727,3.635000,39,6,33,0,75,-13.4832,-2898.89,-74.33
52,220/800,3.636364,190,691,3.636842,40,6,34,0,74,-14.5309,-2978.84,-74.47
53,70/300,4.285714,200,857,4.285000,39,5,34,0,75,-14.8682,-3196.66,-81.97
54,220/800,3.636364,140,509,3.635714,45,7,38,0,69,-15.1960,-2355.38,-52.34
55,70/300,4.285714,190,814,4.284211,40,5,35,0,74,-15.9309,-3265.84,-81.65
56,70/300,4.285714,180,771,4.283333,40,5,35,0,74,-15.9353,-3107.39,-77.68
57,70/300,4.285714,120,514,4.283333,51,7,44,0,63,-17.0155,-2297.09,-45.04
58,70/400,5.714286,130,743,5.715385,48,5,43,0,66,-17.2455,-2500.59,-52.10
59,70/400,5.714286,120,686,5.716667,51,5,46,0,63,-20.4155,-2756.09,-54.04
60,70/400,5.714286,140,800,5.714286,45,4,41,0,69,-20.7889,-3222.27,-71.61
61,70/400,5.714286,90,514,5.711111,52,5,47,0,62,-21.5020,-2257.71,-43.42
62,70/400,5.714286,100,571,5.710000,52,5,47,0,62,-21.5076,-2473.37,-47.56
63,70/800,11.428571,80,914,11.425000,56,3,53,0,58,-22.0178,-2091.69,-37.35
64,70/300,4.285714,110,471,4.281818,52,6,46,0,62,-23.3667,-2920.84,-56.17
65,70/400,5.714286,80,457,5.712500,56,5,51,0,58,-25.7303,-2444.38,-43.65
66,70/600,8.571429,110,943,8.572727,52,3,49,0,62,-26.3394,-3292.43,-63.32
67,70/600,8.571429,100,857,8.570000,52,3,49,0,62,-26.3476,-3029.97,-58.27
68,70/600,8.571429,90,771,8.566667,52,3,49,0,62,-26.3576,-2767.55,-53.22
69,70/400,5.714286,110,629,5.718182,52,4,48,0,62,-28.1849,-3523.11,-67.75
70,70/600,8.571429,80,686,8.575000,56,3,53,0,58,-30.5678,-2903.94,-51.86
BEST_NET_R,BUY,14:00-14:30,280/311,net_R=15.7374,entries=27

BUY AVOIDED SLOT 14:30-15:00 (IST); raw_signals=112
rank,source_sl_tp,source_rr,sl_points,tp_points,actual_rr,entries,wins,losses,open,skipped,net_R,net_points,expectancy_points
1,70/600,8.571429,90,771,8.566667,60,10,50,0,52,32.1387,3374.56,56.24
2,70/600,8.571429,80,686,8.575000,61,10,51,0,51,31.1632,2960.50,48.53
3,70/400,5.714286,110,629,5.718182,59,13,46,0,53,24.8672,3108.40,52.68
4,70/800,11.428571,80,914,11.425000,61,7,54,0,51,22.3882,2126.88,34.87
5,70/400,5.714286,120,686,5.716667,58,12,46,0,54,19.1896,2590.60,44.67
6,70/400,5.714286,100,571,5.710000,59,12,47,0,53,18.0508,2075.84,35.18
7,70/300,4.285714,120,514,4.283333,58,15,43,0,54,17.8396,2408.35,41.52
8,70/400,5.714286,90,514,5.711111,60,12,48,0,52,17.0053,1785.56,29.76
9,70/300,4.285714,110,471,4.281818,59,15,44,0,53,16.7581,2094.76,35.50
10,220/800,3.636364,130,473,3.638462,55,16,39,0,57,15.9814,2317.30,42.13
11,70/400,5.714286,80,457,5.712500,61,12,49,0,51,15.9632,1516.50,24.86
12,70/300,4.285714,140,600,4.285714,50,13,37,0,62,15.7743,2445.01,48.90
13,70/300,4.285714,130,557,4.284615,55,14,41,0,57,15.7506,2283.84,41.52
14,70/400,5.714286,130,743,5.715385,55,11,44,0,57,15.6352,2267.11,41.22
15,70/400,5.714286,140,800,5.714286,50,10,40,0,62,14.2029,2201.44,44.03
16,70/600,8.571429,110,943,8.572727,59,8,51,0,53,14.1126,1764.08,29.90
17,220/800,3.636364,70,255,3.642857,63,17,46,0,49,12.2242,1039.05,16.49
18,220/800,3.636364,140,509,3.635714,50,14,36,0,62,11.9600,1853.80,37.08
19,70/300,4.285714,150,643,4.286667,49,12,37,0,63,11.5588,1907.20,38.92
20,220/800,3.636364,80,291,3.637500,61,16,45,0,51,9.6132,913.25,14.97
21,220/800,3.636364,160,582,3.637500,48,13,35,0,64,9.4651,1656.39,34.51
22,70/400,5.714286,150,857,5.713333,49,9,40,0,63,8.5388,1408.90,28.75
23,220/800,3.636364,150,545,3.633333,49,13,36,0,63,8.3521,1378.10,28.12
24,220/800,3.636364,120,436,3.633333,58,15,43,0,54,8.0896,1092.10,18.83
25,70/300,4.285714,160,686,4.287500,48,11,37,0,64,7.3401,1284.52,26.76
26,270/300,1.111111,290,322,1.110345,33,20,13,0,79,7.2665,2216.28,67.16
27,220/800,3.636364,110,400,3.636364,59,15,44,0,53,7.0763,884.53,14.99
28,70/300,4.285714,100,429,4.290000,59,13,46,0,53,6.3008,724.59,12.28
29,70/600,8.571429,100,857,8.570000,59,7,52,0,53,4.5208,519.89,8.81
30,220/800,3.636364,180,655,3.638889,44,11,33,0,68,4.4406,865.91,19.68
31,70/300,4.285714,170,729,4.288235,47,10,37,0,65,3.1188,576.97,12.28
32,270/300,1.111111,250,278,1.112000,35,19,16,0,77,3.0700,813.55,23.24
33,270/300,1.111111,260,289,1.111538,35,19,16,0,77,3.0612,841.84,24.05
34,270/300,1.111111,280,311,1.110714,35,19,16,0,77,3.0456,898.44,25.67
35,270/300,1.111111,300,333,1.110000,33,18,15,0,79,3.0396,957.47,29.01
36,70/400,5.714286,160,914,5.712500,48,8,40,0,64,2.8776,503.58,10.49
37,220/800,3.636364,200,727,3.635000,42,10,32,0,70,1.8804,404.29,9.63
38,220/800,3.636364,230,836,3.634783,38,9,29,0,74,1.4786,362.27,9.53
39,220/800,3.636364,90,327,3.633333,60,14,46,0,52,1.3387,140.56,2.34
40,220/800,3.636364,170,618,3.635294,47,11,36,0,65,1.2246,226.56,4.82
41,70/300,4.285714,190,814,4.284211,44,9,35,0,68,0.9707,198.99,4.52
42,70/300,4.285714,180,771,4.283333,44,9,35,0,68,0.9628,187.75,4.27
43,220/800,3.636364,270,982,3.637037,26,6,20,0,86,0.2934,83.63,3.22
44,70/300,4.285714,90,386,4.288889,60,12,48,0,52,-0.0613,-6.44,-0.11
45,270/300,1.111111,180,200,1.111111,44,22,22,0,68,-0.1428,-27.84,-0.63
46,270/300,1.111111,190,211,1.110526,44,22,22,0,68,-0.1556,-31.90,-0.73
47,220/800,3.636364,190,691,3.636842,44,10,34,0,68,-0.2188,-44.85,-1.02
48,270/300,1.111111,320,356,1.112500,31,15,16,0,81,-1.1353,-380.33,-12.27
49,70/300,4.285714,80,343,4.287500,61,12,49,0,51,-1.1368,-108.00,-1.77
50,270/300,1.111111,310,344,1.109677,31,15,16,0,81,-1.1776,-382.73,-12.35
51,220/800,3.636364,210,764,3.638095,41,9,32,0,71,-1.6679,-375.29,-9.15
52,220/800,3.636364,100,364,3.640000,59,13,46,0,53,-2.1492,-247.16,-4.19
53,70/300,4.285714,200,857,4.285000,42,8,34,0,70,-2.1896,-470.76,-11.21
54,270/300,1.111111,200,222,1.110000,42,20,22,0,70,-2.2696,-487.96,-11.62
55,70/400,5.714286,170,971,5.711765,47,7,40,0,65,-2.7812,-514.53,-10.95
56,270/300,1.111111,210,233,1.109524,41,19,22,0,71,-3.3298,-749.22,-18.27
57,270/300,1.111111,220,244,1.109091,41,19,22,0,71,-3.3381,-784.45,-19.13
58,270/300,1.111111,230,256,1.113043,38,17,21,0,74,-4.3127,-1056.60,-27.81
59,270/300,1.111111,240,267,1.112500,36,16,20,0,76,-4.3168,-1100.78,-30.58
60,220/800,3.636364,250,909,3.636000,35,7,28,0,77,-4.6060,-1220.59,-34.87
61,220/800,3.636364,260,945,3.634615,35,7,28,0,77,-4.6157,-1269.32,-36.27
62,220/800,3.636364,240,873,3.637500,36,7,29,0,76,-5.6543,-1441.85,-40.05
63,270/300,1.111111,360,400,1.111111,20,7,13,0,92,-6.3982,-2399.33,-119.97
64,270/300,1.111111,370,411,1.110811,20,7,13,0,92,-6.4003,-2464.12,-123.21
65,70/300,4.285714,210,900,4.285714,41,7,34,0,71,-6.4108,-1442.43,-35.18
66,270/300,1.111111,330,367,1.112121,28,11,17,0,84,-6.4131,-2212.51,-79.02
67,270/300,1.111111,340,378,1.111765,28,11,17,0,84,-6.4170,-2278.03,-81.36
68,70/300,4.285714,230,986,4.286957,38,6,32,0,74,-8.5127,-2085.60,-54.88
69,270/300,1.111111,350,389,1.111429,23,7,16,0,89,-9.5724,-3493.93,-151.91
70,70/300,4.285714,220,943,4.286364,41,6,35,0,71,-11.6926,-2747.77,-67.02
BEST_NET_R,BUY,14:30-15:00,90/771,net_R=32.1387,entries=60

BUY AVOIDED SLOT 15:00-15:30 (IST); raw_signals=117
rank,source_sl_tp,source_rr,sl_points,tp_points,actual_rr,entries,wins,losses,open,skipped,net_R,net_points,expectancy_points
1,270/300,1.111111,240,267,1.112500,33,17,16,0,84,0.9721,247.89,7.51
2,70/300,4.285714,100,429,4.290000,60,12,48,0,57,-0.0480,-5.52,-0.09
3,270/300,1.111111,290,322,1.110345,28,14,14,0,89,-0.1016,-30.98,-1.11
4,270/300,1.111111,230,256,1.113043,33,16,17,0,84,-1.1317,-277.27,-8.40
5,270/300,1.111111,250,278,1.112000,33,16,17,0,84,-1.1484,-304.33,-9.22
6,270/300,1.111111,280,311,1.110714,29,14,15,0,88,-1.1552,-340.78,-11.75
7,70/300,4.285714,90,386,4.288889,62,12,50,0,55,-2.1789,-228.79,-3.69
8,220/800,3.636364,240,873,3.637500,33,7,26,0,84,-2.4779,-631.86,-19.15
9,220/800,3.636364,250,909,3.636000,33,7,26,0,84,-2.4884,-659.43,-19.98
10,220/800,3.636364,120,436,3.633333,55,12,43,0,62,-2.6340,-355.59,-6.47
11,270/300,1.111111,330,367,1.112121,23,10,13,0,94,-3.2312,-1114.76,-48.47
12,270/300,1.111111,320,356,1.112500,25,11,14,0,92,-3.2325,-1082.89,-43.32
13,270/300,1.111111,260,289,1.111538,31,14,17,0,86,-3.2613,-896.85,-28.93
14,270/300,1.111111,300,333,1.110000,27,12,15,0,90,-3.2676,-1029.29,-38.12
15,270/300,1.111111,310,344,1.109677,26,11,15,0,91,-4.3223,-1404.76,-54.03
16,220/800,3.636364,260,945,3.634615,31,6,25,0,86,-5.0151,-1379.15,-44.49
17,70/400,5.714286,90,514,5.711111,62,9,53,0,55,-5.2456,-550.79,-8.88
18,270/300,1.111111,360,400,1.111111,17,6,11,0,100,-5.3329,-1999.85,-117.64
19,270/300,1.111111,370,411,1.110811,17,6,11,0,100,-5.3347,-2053.87,-120.82
20,270/300,1.111111,220,244,1.109091,37,16,21,0,80,-5.4301,-1276.08,-34.49
21,220/800,3.636364,70,255,3.642857,67,14,53,0,50,-5.9396,-504.87,-7.54
22,220/800,3.636364,150,545,3.633333,45,9,36,0,72,-5.9460,-981.09,-21.80
23,220/800,3.636364,80,291,3.637500,67,14,53,0,50,-6.0146,-571.39,-8.53
24,270/300,1.111111,340,378,1.111765,20,7,13,0,97,-6.3936,-2269.74,-113.49
25,220/800,3.636364,270,982,3.637037,24,4,20,0,93,-6.8631,-1955.97,-81.50
26,220/800,3.636364,230,836,3.634783,33,6,27,0,84,-7.1317,-1747.27,-52.95
27,70/300,4.285714,80,343,4.287500,67,12,55,0,50,-7.4896,-711.51,-10.62
28,220/800,3.636364,210,764,3.638095,38,7,31,0,79,-7.7677,-1747.74,-45.99
29,220/800,3.636364,100,364,3.640000,60,12,48,0,57,-7.8480,-902.52,-15.04
30,270/300,1.111111,350,389,1.111429,18,5,13,0,99,-8.5013,-3102.96,-172.39
31,70/300,4.285714,210,900,4.285714,38,6,32,0,79,-8.5201,-1917.03,-50.45
32,270/300,1.111111,210,233,1.109524,38,15,23,0,79,-8.5915,-1933.10,-50.87
33,220/800,3.636364,200,727,3.635000,39,7,32,0,78,-8.8482,-1902.36,-48.78
34,70/300,4.285714,200,857,4.285000,39,6,33,0,78,-9.5832,-2060.39,-52.83
35,270/300,1.111111,200,222,1.110000,39,15,24,0,78,-9.6432,-2073.29,-53.16
36,220/800,3.636364,90,327,3.633333,62,12,50,0,55,-10.0456,-1054.79,-17.01
37,70/300,4.285714,120,514,4.283333,55,9,46,0,62,-10.6840,-1442.34,-26.22
38,270/300,1.111111,180,200,1.111111,42,16,26,0,75,-10.6918,-2084.91,-49.64
39,270/300,1.111111,190,211,1.110526,41,15,26,0,76,-11.7529,-2409.35,-58.76
40,220/800,3.636364,110,400,3.636364,55,10,45,0,62,-11.8704,-1483.80,-26.98
41,220/800,3.636364,140,509,3.635714,47,8,39,0,70,-12.6779,-1965.07,-41.81
42,70/400,5.714286,160,914,5.712500,44,5,39,0,73,-13.0247,-2279.32,-51.80
43,70/300,4.285714,230,986,4.286957,33,4,29,0,84,-13.7926,-3379.18,-102.40
44,70/300,4.285714,170,729,4.288235,43,6,37,0,74,-13.7990,-2552.81,-59.37
45,70/400,5.714286,150,857,5.713333,45,5,40,0,72,-14.0793,-2323.09,-51.62
46,220/800,3.636364,160,582,3.637500,44,7,37,0,73,-14.1247,-2471.82,-56.18
47,70/300,4.285714,160,686,4.287500,44,6,38,0,73,-14.8622,-2600.88,-59.11
48,70/300,4.285714,150,643,4.286667,45,6,39,0,72,-15.9260,-2627.79,-58.40
49,70/400,5.714286,80,457,5.712500,67,8,59,0,50,-17.2396,-1637.76,-24.44
50,220/800,3.636364,170,618,3.635294,43,6,37,0,74,-17.7166,-3277.58,-76.22
51,220/800,3.636364,130,473,3.638462,52,8,44,0,65,-17.9499,-2602.74,-50.05
52,70/300,4.285714,220,943,4.286364,37,4,33,0,80,-18.0301,-4237.08,-114.52
53,70/300,4.285714,140,600,4.285714,47,6,41,0,70,-18.0493,-2797.64,-59.52
54,70/300,4.285714,180,771,4.283333,42,5,37,0,75,-18.0529,-3520.32,-83.82
55,70/300,4.285714,130,557,4.284615,52,7,45,0,65,-18.0653,-2619.47,-50.37
56,70/400,5.714286,170,971,5.711765,43,4,39,0,74,-18.6813,-3456.05,-80.37
57,220/800,3.636364,190,691,3.636842,41,5,36,0,76,-20.2266,-4146.45,-101.13
58,70/300,4.285714,110,471,4.281818,55,7,48,0,62,-21.2613,-2657.66,-48.32
59,220/800,3.636364,180,655,3.638889,42,5,37,0,75,-21.2752,-4148.66,-98.78
60,70/400,5.714286,130,743,5.715385,52,5,47,0,65,-21.4807,-3114.70,-59.90
61,70/300,4.285714,190,814,4.284211,41,4,37,0,76,-22.2740,-4566.16,-111.37
62,70/400,5.714286,140,800,5.714286,47,4,43,0,70,-22.9065,-3550.50,-75.54
63,70/400,5.714286,100,571,5.710000,60,6,54,0,57,-23.2680,-2675.82,-44.60
64,70/400,5.714286,120,686,5.716667,55,5,50,0,62,-24.6507,-3327.84,-60.51
65,70/400,5.714286,110,629,5.718182,55,4,51,0,62,-31.3613,-3920.16,-71.28
66,70/600,8.571429,100,857,8.570000,60,3,57,0,57,-34.8180,-4004.07,-66.73
67,70/600,8.571429,90,771,8.566667,62,3,59,0,55,-36.9456,-3879.29,-62.57
68,70/600,8.571429,110,943,8.572727,55,2,53,0,62,-39.0885,-4886.07,-88.84
69,70/600,8.571429,80,686,8.575000,67,3,64,0,50,-42.2146,-4010.39,-59.86
70,70/800,11.428571,80,914,11.425000,67,1,66,0,50,-58.5146,-5558.89,-82.97
BEST_NET_R,BUY,15:00-15:30,240/267,net_R=0.9721,entries=33

BUY AVOIDED SLOT 15:30-16:00 (IST); raw_signals=145
rank,source_sl_tp,source_rr,sl_points,tp_points,actual_rr,entries,wins,losses,open,skipped,net_R,net_points,expectancy_points
1,270/300,1.111111,190,211,1.110526,49,29,20,0,96,9.3241,1911.43,39.01
2,270/300,1.111111,210,233,1.109524,47,28,19,0,98,9.3031,2093.19,44.54
3,270/300,1.111111,200,222,1.110000,48,28,20,0,97,8.2576,1775.38,36.99
4,270/300,1.111111,220,244,1.109091,44,26,18,0,101,8.2492,1938.55,44.06
5,220/800,3.636364,100,364,3.640000,59,15,44,0,86,7.1308,820.04,13.90
6,270/300,1.111111,230,256,1.113043,44,25,19,0,101,6.2389,1528.53,34.74
7,270/300,1.111111,240,267,1.112500,44,25,19,0,101,6.2253,1587.45,36.08
8,270/300,1.111111,250,278,1.112000,41,23,18,0,104,5.1652,1368.78,33.38
9,270/300,1.111111,280,311,1.110714,35,20,15,0,110,5.1563,1521.10,43.46
10,220/800,3.636364,110,400,3.636364,57,14,43,0,88,4.5575,569.69,9.99
11,270/300,1.111111,290,322,1.110345,34,19,15,0,111,4.0974,1249.69,36.76
12,270/300,1.111111,180,200,1.111111,50,27,23,0,95,4.0600,791.70,15.83
13,70/300,4.285714,80,343,4.287500,62,13,49,0,83,3.0919,293.73,4.74
14,270/300,1.111111,260,289,1.111538,37,20,17,0,108,3.0552,840.17,22.71
15,220/800,3.636364,170,618,3.635294,51,12,39,0,94,1.6247,300.57,5.89
16,70/300,4.285714,100,429,4.290000,59,12,47,0,86,1.0108,116.24,1.97
17,270/300,1.111111,370,411,1.110811,19,10,9,0,126,0.9909,381.50,20.08
18,270/300,1.111111,300,333,1.110000,33,17,16,0,112,0.9296,292.82,8.87
19,270/300,1.111111,360,400,1.111111,22,11,11,0,123,-0.0714,-26.77,-1.22
20,270/300,1.111111,350,389,1.111429,24,12,12,0,121,-0.0741,-27.03,-1.13
21,220/800,3.636364,190,691,3.636842,49,11,38,0,96,-0.8759,-179.57,-3.66
22,70/300,4.285714,90,386,4.288889,61,12,49,0,84,-1.1201,-117.61,-1.93
23,270/300,1.111111,310,344,1.109677,31,15,16,0,114,-1.1776,-382.73,-12.35
24,220/800,3.636364,270,982,3.637037,28,6,22,0,117,-1.8242,-519.89,-18.57
25,220/800,3.636364,180,655,3.638889,50,11,39,0,95,-1.9122,-372.88,-7.46
26,270/300,1.111111,340,378,1.111765,26,12,14,0,119,-2.1876,-776.61,-29.87
27,220/800,3.636364,70,255,3.642857,64,14,50,0,81,-2.7632,-234.87,-3.67
28,270/300,1.111111,330,367,1.112121,27,12,15,0,118,-3.2421,-1118.54,-41.43
29,270/300,1.111111,320,356,1.112500,29,13,16,0,116,-3.2427,-1086.30,-37.46
30,70/300,4.285714,140,600,4.285714,53,10,43,0,92,-3.2593,-505.18,-9.53
31,220/800,3.636364,90,327,3.633333,61,13,48,0,84,-4.3535,-457.11,-7.49
32,220/800,3.636364,200,727,3.635000,48,10,38,0,97,-4.4724,-961.57,-20.03
33,220/800,3.636364,120,436,3.633333,57,12,45,0,88,-4.7516,-641.47,-11.25
34,220/800,3.636364,160,582,3.637500,53,11,42,0,92,-5.1039,-893.18,-16.85
35,220/800,3.636364,140,509,3.635714,53,11,42,0,92,-5.1235,-794.15,-14.98
36,220/800,3.636364,80,291,3.637500,62,13,49,0,83,-5.3581,-509.02,-8.21
37,220/800,3.636364,250,909,3.636000,41,8,33,0,104,-6.3228,-1675.54,-40.87
38,70/400,5.714286,110,629,5.718182,57,8,49,0,88,-6.6061,-825.77,-14.49
39,220/800,3.636364,260,945,3.634615,37,7,30,0,108,-6.7333,-1851.66,-50.04
40,70/300,4.285714,110,471,4.281818,57,10,47,0,88,-7.5334,-941.68,-16.52
41,70/300,4.285714,150,643,4.286667,53,9,44,0,92,-8.5364,-1408.51,-26.58
42,70/300,4.285714,200,857,4.285000,48,8,40,0,97,-8.5424,-1836.62,-38.26
43,70/400,5.714286,100,571,5.710000,59,8,51,0,86,-8.7892,-1010.76,-17.13
44,220/800,3.636364,230,836,3.634783,44,8,36,0,101,-9.5089,-2329.69,-52.95
45,70/300,4.285714,230,986,4.286957,44,7,37,0,101,-9.5785,-2346.73,-53.33
46,70/300,4.285714,220,943,4.286364,44,7,37,0,101,-9.5827,-2251.92,-51.18
47,70/300,4.285714,190,814,4.284211,49,8,41,0,96,-9.6075,-1969.54,-40.19
48,220/800,3.636364,150,545,3.633333,53,10,43,0,92,-9.7831,-1614.21,-30.46
49,220/800,3.636364,130,473,3.638462,55,10,45,0,90,-11.8494,-1718.16,-31.24
50,70/400,5.714286,80,457,5.712500,62,8,54,0,83,-11.9456,-1134.83,-18.30
51,70/600,8.571429,110,943,8.572727,57,5,52,0,88,-12.4880,-1561.00,-27.39
52,220/800,3.636364,210,764,3.638095,47,8,39,0,98,-12.6588,-2848.24,-60.60
53,70/300,4.285714,210,900,4.285714,47,7,40,0,98,-12.7636,-2871.81,-61.10
54,70/300,4.285714,120,514,4.283333,57,9,48,0,88,-12.8016,-1728.22,-30.32
55,70/400,5.714286,170,971,5.711765,51,6,45,0,94,-13.7282,-2539.72,-49.80
56,70/300,4.285714,160,686,4.287500,53,8,45,0,92,-13.8164,-2417.87,-45.62
57,220/800,3.636364,240,873,3.637500,44,7,37,0,101,-14.1247,-3601.80,-81.86
58,70/600,8.571429,100,857,8.570000,59,5,54,0,86,-14.6192,-1681.21,-28.50
59,70/400,5.714286,140,800,5.714286,53,6,47,0,92,-15.8307,-2453.76,-46.30
60,70/400,5.714286,150,857,5.713333,53,6,47,0,92,-15.8364,-2613.01,-49.30
61,70/400,5.714286,160,914,5.712500,53,6,47,0,92,-15.8414,-2772.24,-52.31
62,70/800,11.428571,80,914,11.425000,62,4,58,0,83,-15.9456,-1514.83,-24.43
63,70/300,4.285714,180,771,4.283333,50,7,43,0,95,-15.9567,-3111.55,-62.23
64,70/300,4.285714,130,557,4.284615,55,8,47,0,90,-15.9571,-2313.78,-42.07
65,70/300,4.285714,170,729,4.288235,51,7,44,0,94,-16.9812,-3141.51,-61.60
66,70/400,5.714286,120,686,5.716667,57,6,51,0,88,-20.0516,-2706.97,-47.49
67,70/400,5.714286,90,514,5.711111,61,6,55,0,84,-24.3201,-2553.61,-41.86
68,70/400,5.714286,130,743,5.715385,55,5,50,0,90,-24.6571,-3575.28,-65.01
69,70/600,8.571429,90,771,8.566667,61,4,57,0,84,-26.3201,-2763.61,-45.31
70,70/600,8.571429,80,686,8.575000,62,4,58,0,83,-27.3456,-2597.83,-41.90
BEST_NET_R,BUY,15:30-16:00,190/211,net_R=9.3241,entries=49

BUY AVOIDED SLOT 17:00-17:30 (IST); raw_signals=113
rank,source_sl_tp,source_rr,sl_points,tp_points,actual_rr,entries,wins,losses,open,skipped,net_R,net_points,expectancy_points
1,270/300,1.111111,300,333,1.110000,23,11,12,0,90,-1.1424,-359.86,-15.65
2,270/300,1.111111,370,411,1.110811,10,4,6,0,103,-2.1448,-825.73,-82.57
3,270/300,1.111111,320,356,1.112500,20,9,11,0,93,-2.1635,-724.77,-36.24
4,270/300,1.111111,310,344,1.109677,22,10,12,0,91,-2.1968,-713.97,-32.45
5,270/300,1.111111,290,322,1.110345,24,11,13,0,89,-2.1974,-670.21,-27.93
6,270/300,1.111111,280,311,1.110714,26,12,14,0,87,-2.2002,-649.07,-24.96
7,270/300,1.111111,360,400,1.111111,11,4,7,0,102,-3.2024,-1200.88,-109.17
8,270/300,1.111111,350,389,1.111429,13,5,8,0,100,-3.2073,-1170.65,-90.05
9,270/300,1.111111,340,378,1.111765,17,7,10,0,96,-3.2172,-1142.12,-67.18
10,270/300,1.111111,330,367,1.112121,19,8,11,0,94,-3.2202,-1110.98,-58.47
11,270/300,1.111111,260,289,1.111538,27,12,15,0,86,-3.2491,-893.51,-33.09
12,270/300,1.111111,250,278,1.112000,28,11,17,0,85,-6.4144,-1699.82,-60.71
13,270/300,1.111111,180,200,1.111111,38,15,23,0,75,-8.5677,-1670.71,-43.97
14,270/300,1.111111,240,267,1.112500,29,10,19,0,84,-9.5802,-2442.95,-84.24
15,220/800,3.636364,80,291,3.637500,53,10,43,0,60,-9.7414,-925.43,-17.46
16,220/800,3.636364,270,982,3.637037,18,2,16,0,95,-9.7843,-2788.53,-154.92
17,220/800,3.636364,70,255,3.642857,54,10,44,0,59,-10.7466,-913.46,-16.92
18,270/300,1.111111,230,256,1.113043,29,9,20,0,84,-11.6878,-2863.51,-98.74
19,270/300,1.111111,190,211,1.110526,37,13,24,0,76,-11.7388,-2406.45,-65.04
20,220/800,3.636364,90,327,3.633333,52,9,43,0,61,-13.3576,-1402.55,-26.97
21,70/600,8.571429,110,943,8.572727,49,4,45,0,64,-13.5903,-1698.79,-34.67
22,270/300,1.111111,220,244,1.109091,33,10,23,0,80,-13.8495,-3254.63,-98.63
23,270/300,1.111111,200,222,1.110000,37,12,25,0,76,-13.8556,-2978.95,-80.51
24,220/800,3.636364,260,945,3.634615,27,3,24,0,86,-14.6838,-4038.03,-149.56
25,70/300,4.285714,110,471,4.281818,49,7,42,0,64,-14.9085,-1863.56,-38.03
26,220/800,3.636364,250,909,3.636000,28,3,25,0,85,-15.7384,-4170.68,-148.95
27,270/300,1.111111,210,233,1.109524,35,10,25,0,78,-15.9628,-3591.62,-102.62
28,70/600,8.571429,90,771,8.566667,52,4,48,0,61,-16.7909,-1763.05,-33.90
29,220/800,3.636364,240,873,3.637500,29,3,26,0,84,-16.7927,-4282.14,-147.66
30,70/600,8.571429,80,686,8.575000,53,4,49,0,60,-17.8164,-1692.56,-31.94
31,70/400,5.714286,110,629,5.718182,49,5,44,0,64,-18.2903,-2286.29,-46.66
32,70/400,5.714286,120,686,5.716667,49,5,44,0,64,-18.2979,-2470.21,-50.41
33,70/800,11.428571,80,914,11.425000,53,3,50,0,60,-18.8414,-1789.93,-33.77
34,220/800,3.636364,110,400,3.636364,49,7,42,0,64,-19.4267,-2428.33,-49.56
35,220/800,3.636364,120,436,3.633333,49,7,42,0,64,-19.4479,-2625.46,-53.58
36,70/300,4.285714,230,986,4.286957,29,2,27,0,84,-20.1313,-4932.17,-170.07
37,70/300,4.285714,120,514,4.283333,49,6,43,0,64,-20.1812,-2724.46,-55.60
38,70/300,4.285714,170,729,4.288235,40,4,36,0,73,-21.1991,-3921.83,-98.05
39,220/800,3.636364,230,836,3.634783,29,2,27,0,84,-21.4356,-5251.73,-181.09
40,220/800,3.636364,180,655,3.638889,38,4,34,0,75,-21.6788,-4227.37,-111.25
41,70/300,4.285714,100,429,4.290000,51,6,45,0,62,-22.2588,-2559.76,-50.19
42,70/400,5.714286,80,457,5.712500,53,5,48,0,60,-22.5539,-2142.62,-40.43
43,70/300,4.285714,160,686,4.287500,42,4,38,0,71,-23.3196,-4080.93,-97.16
44,70/300,4.285714,90,386,4.288889,52,6,46,0,61,-23.3243,-2449.05,-47.10
45,220/800,3.636364,170,618,3.635294,40,4,36,0,73,-23.8108,-4405.00,-110.13
46,70/300,4.285714,150,643,4.286667,43,4,39,0,70,-24.3817,-4022.99,-93.56
47,70/300,4.285714,180,771,4.283333,38,3,35,0,75,-24.3844,-4754.96,-125.13
48,220/800,3.636364,140,509,3.635714,45,5,40,0,68,-24.4674,-3792.45,-84.28
49,220/800,3.636364,190,691,3.636842,37,3,34,0,76,-25.2651,-5179.34,-139.98
50,220/800,3.636364,200,727,3.635000,37,3,34,0,76,-25.2706,-5433.18,-146.84
51,70/600,8.571429,100,857,8.570000,51,3,48,0,62,-25.2888,-2908.21,-57.02
52,220/800,3.636364,130,473,3.638462,46,5,41,0,67,-25.5125,-3699.31,-80.42
53,220/800,3.636364,160,582,3.637500,42,4,38,0,71,-25.9196,-4535.93,-108.00
54,220/800,3.636364,100,364,3.640000,51,6,45,0,62,-26.1588,-3008.26,-58.99
55,70/300,4.285714,140,600,4.285714,45,4,41,0,68,-26.5031,-4107.99,-91.29
56,220/800,3.636364,150,545,3.633333,43,4,39,0,70,-26.9951,-4454.19,-103.59
57,70/400,5.714286,100,571,5.710000,51,4,47,0,62,-27.1588,-3123.26,-61.24
58,70/400,5.714286,140,800,5.714286,45,3,42,0,68,-27.5031,-4262.99,-94.73
59,70/400,5.714286,90,514,5.711111,52,4,48,0,61,-28.2132,-2962.38,-56.97
60,70/400,5.714286,130,743,5.715385,46,3,43,0,67,-28.5586,-4141.00,-90.02
61,70/300,4.285714,200,857,4.285000,37,2,35,0,76,-28.6056,-6150.20,-166.22
62,70/300,4.285714,190,814,4.284211,37,2,35,0,76,-28.6072,-5864.47,-158.50
63,70/400,5.714286,170,971,5.711765,40,2,38,0,73,-28.9285,-5351.77,-133.79
64,70/300,4.285714,220,943,4.286364,33,1,32,0,80,-29.6540,-6968.70,-211.17
65,70/300,4.285714,80,343,4.287500,53,5,48,0,60,-29.6789,-2819.50,-53.20
66,70/400,5.714286,160,914,5.712500,42,2,40,0,71,-31.0446,-5432.80,-129.35
67,70/400,5.714286,150,857,5.713333,43,2,41,0,70,-32.1017,-5296.79,-123.18
68,220/800,3.636364,210,764,3.638095,35,1,34,0,78,-32.4199,-7294.48,-208.41
69,70/300,4.285714,130,557,4.284615,46,3,43,0,67,-32.8510,-4763.39,-103.55
70,70/300,4.285714,210,900,4.285714,35,0,35,0,78,-37.0580,-8338.05,-238.23
BEST_NET_R,BUY,17:00-17:30,300/333,net_R=-1.1424,entries=23

BUY AVOIDED SLOT 18:30-19:00 (IST); raw_signals=168
rank,source_sl_tp,source_rr,sl_points,tp_points,actual_rr,entries,wins,losses,open,skipped,net_R,net_points,expectancy_points
1,220/800,3.636364,70,255,3.642857,89,22,67,0,79,7.9097,672.32,7.55
2,270/300,1.111111,310,344,1.109677,29,18,11,0,139,7.2690,2362.42,81.46
3,220/800,3.636364,270,982,3.637037,30,8,22,0,138,5.3323,1519.70,50.66
4,220/800,3.636364,80,291,3.637500,87,21,66,0,81,5.2719,500.83,5.76
5,270/300,1.111111,320,356,1.112500,29,17,12,0,139,5.2073,1744.45,60.15
6,270/300,1.111111,330,367,1.112121,29,17,12,0,139,5.2009,1794.30,61.87
7,270/300,1.111111,340,378,1.111765,29,17,12,0,139,5.1948,1844.15,63.59
8,270/300,1.111111,190,211,1.110526,61,33,28,0,107,5.0606,1037.42,17.01
9,70/400,5.714286,130,743,5.715385,78,13,65,0,90,4.7136,683.47,8.76
10,270/300,1.111111,370,411,1.110811,20,12,8,0,148,4.1537,1599.19,79.96
11,270/300,1.111111,360,400,1.111111,24,14,10,0,144,4.1444,1554.13,64.76
12,270/300,1.111111,350,389,1.111429,26,15,11,0,142,4.1426,1512.06,58.16
13,270/300,1.111111,180,200,1.111111,62,33,29,0,106,4.0211,784.11,12.65
14,270/300,1.111111,200,222,1.110000,58,31,27,0,110,3.9996,859.91,14.83
15,70/300,4.285714,80,343,4.287500,87,18,69,0,81,3.0594,290.64,3.34
16,270/300,1.111111,300,333,1.110000,31,17,14,0,137,3.0472,959.87,30.96
17,270/300,1.111111,290,322,1.110345,34,18,16,0,134,1.9870,606.04,17.82
18,220/800,3.636364,260,945,3.634615,43,10,33,0,125,0.8178,224.88,5.23
19,70/300,4.285714,210,900,4.285714,55,11,44,0,113,-0.0911,-20.51,-0.37
20,220/800,3.636364,250,909,3.636000,44,10,34,0,124,-0.2272,-60.21,-1.37
21,220/800,3.636364,100,364,3.640000,84,19,65,0,84,-0.7792,-89.61,-1.07
22,220/800,3.636364,200,727,3.635000,58,13,45,0,110,-1.1554,-248.41,-4.28
23,270/300,1.111111,210,233,1.109524,55,27,28,0,113,-1.2769,-287.29,-5.22
24,70/300,4.285714,230,986,4.286957,47,9,38,0,121,-2.1810,-534.34,-11.37
25,70/300,4.285714,220,943,4.286364,52,10,42,0,116,-2.1940,-515.58,-9.92
26,220/800,3.636364,240,873,3.637500,46,10,36,0,122,-2.3298,-594.10,-12.92
27,220/800,3.636364,210,764,3.638095,55,12,43,0,113,-2.5769,-579.79,-10.54
28,70/300,4.285714,200,857,4.285000,58,11,47,0,110,-3.2754,-704.21,-12.14
29,70/300,4.285714,130,557,4.284615,78,15,63,0,90,-3.3172,-480.99,-6.17
30,220/800,3.636364,190,691,3.636842,61,13,48,0,107,-4.3079,-883.11,-14.48
31,270/300,1.111111,240,267,1.112500,46,21,25,0,122,-4.3423,-1107.29,-24.07
32,270/300,1.111111,280,311,1.110714,38,17,21,0,130,-4.3523,-1283.92,-33.79
33,270/300,1.111111,220,244,1.109091,52,24,28,0,116,-4.4394,-1043.26,-20.06
34,270/300,1.111111,260,289,1.111538,43,19,24,0,125,-5.4092,-1487.52,-34.59
35,220/800,3.636364,110,400,3.636364,84,18,66,0,84,-5.4847,-685.58,-8.16
36,270/300,1.111111,250,278,1.112000,44,19,25,0,124,-6.4592,-1711.69,-38.90
37,70/300,4.285714,190,814,4.284211,61,11,50,0,107,-6.4605,-1324.40,-21.71
38,70/300,4.285714,140,600,4.285714,76,14,62,0,92,-6.4688,-1002.66,-13.19
39,70/400,5.714286,140,800,5.714286,76,11,65,0,92,-6.6117,-1024.81,-13.48
40,270/300,1.111111,230,256,1.113043,47,20,27,0,121,-7.5027,-1838.17,-39.11
41,220/800,3.636364,90,327,3.633333,86,18,68,0,82,-7.6568,-803.96,-9.35
42,220/800,3.636364,230,836,3.634783,47,9,38,0,121,-8.0506,-1972.39,-41.97
43,70/400,5.714286,110,629,5.718182,84,12,72,0,84,-8.3210,-1040.13,-12.38
44,70/400,5.714286,120,686,5.716667,84,12,72,0,84,-8.3392,-1125.79,-13.40
45,70/400,5.714286,170,971,5.711765,65,9,56,0,103,-8.4161,-1556.98,-23.95
46,70/300,4.285714,120,514,4.283333,84,15,69,0,84,-9.6892,-1308.04,-15.57
47,70/300,4.285714,110,471,4.281818,84,15,69,0,84,-9.7119,-1213.99,-14.45
48,220/800,3.636364,180,655,3.638889,62,12,50,0,106,-9.9789,-1945.89,-31.39
49,220/800,3.636364,120,436,3.633333,84,17,67,0,84,-10.1725,-1373.29,-16.35
50,220/800,3.636364,140,509,3.635714,76,15,61,0,92,-10.9331,-1694.63,-22.30
51,70/400,5.714286,80,457,5.712500,87,12,75,0,81,-11.5656,-1098.73,-12.63
52,70/300,4.285714,90,386,4.288889,86,15,71,0,82,-11.7235,-1230.96,-14.31
53,70/300,4.285714,150,643,4.286667,71,12,59,0,97,-11.7348,-1936.24,-27.27
54,70/600,8.571429,110,943,8.572727,84,8,76,0,84,-12.3574,-1544.67,-18.39
55,70/400,5.714286,160,914,5.712500,69,9,60,0,99,-12.6447,-2212.82,-32.07
56,70/300,4.285714,180,771,4.283333,62,10,52,0,106,-12.8123,-2498.39,-40.30
57,220/800,3.636364,130,473,3.638462,78,15,63,0,90,-13.0095,-1886.37,-24.18
58,220/800,3.636364,170,618,3.635294,65,12,53,0,103,-13.1985,-2441.72,-37.56
59,70/400,5.714286,150,857,5.713333,71,9,62,0,97,-14.7548,-2434.54,-34.29
60,70/300,4.285714,100,429,4.290000,84,14,70,0,84,-14.8792,-1711.11,-20.37
61,220/800,3.636364,150,545,3.633333,71,13,58,0,97,-14.9415,-2465.34,-34.72
62,70/600,8.571429,80,686,8.575000,87,8,79,0,81,-15.5156,-1473.98,-16.94
63,70/300,4.285714,170,729,4.288235,65,10,55,0,103,-15.9396,-2948.83,-45.37
64,70/400,5.714286,90,514,5.711111,86,11,75,0,82,-17.2346,-1809.63,-21.04
65,220/800,3.636364,160,582,3.637500,69,12,57,0,99,-17.4072,-3046.26,-44.15
66,70/300,4.285714,160,686,4.287500,69,10,59,0,99,-20.1822,-3531.88,-51.19
67,70/400,5.714286,100,571,5.710000,84,10,74,0,84,-21.8392,-2511.51,-29.90
68,70/800,11.428571,80,914,11.425000,87,5,82,0,81,-29.9906,-2849.11,-32.75
69,70/600,8.571429,100,857,8.570000,84,6,78,0,84,-31.5192,-3624.71,-43.15
70,70/600,8.571429,90,771,8.566667,86,5,81,0,82,-43.2235,-4538.46,-52.77
BEST_NET_R,BUY,18:30-19:00,70/255,net_R=7.9097,entries=89

BUY AVOIDED SLOT 19:30-20:00 (IST); raw_signals=208
rank,source_sl_tp,source_rr,sl_points,tp_points,actual_rr,entries,wins,losses,open,skipped,net_R,net_points,expectancy_points
1,70/400,5.714286,90,514,5.711111,102,19,83,0,106,19.5135,2048.92,20.09
2,70/400,5.714286,110,629,5.718182,99,18,81,0,109,16.1061,2013.26,20.34
3,70/400,5.714286,100,571,5.710000,100,18,82,0,108,14.9000,1713.50,17.14
4,70/600,8.571429,80,686,8.575000,104,13,91,0,104,14.3598,1364.18,13.12
5,70/400,5.714286,80,457,5.712500,104,18,86,0,104,10.7098,1017.43,9.78
6,70/600,8.571429,100,857,8.570000,100,12,88,0,108,8.9600,1030.40,10.30
7,220/800,3.636364,200,727,3.635000,70,17,53,0,138,4.6790,1005.98,14.37
8,220/800,3.636364,190,691,3.636842,75,18,57,0,133,4.0532,830.90,11.08
9,220/800,3.636364,180,655,3.638889,77,18,59,0,131,1.9724,384.62,5.00
10,70/800,11.428571,80,914,11.425000,104,9,95,0,104,1.7098,162.43,1.56
11,220/800,3.636364,160,582,3.637500,82,19,63,0,126,1.2909,225.91,2.75
12,70/400,5.714286,120,686,5.716667,94,15,79,0,114,1.2228,165.08,1.76
13,70/300,4.285714,120,514,4.283333,94,19,75,0,114,0.8561,115.58,1.23
14,70/300,4.285714,110,471,4.281818,99,20,79,0,109,0.8152,101.90,1.03
15,70/300,4.285714,150,643,4.286667,85,17,68,0,123,-0.1247,-20.57,-0.24
16,70/300,4.285714,140,600,4.285714,90,18,72,0,118,-0.1491,-23.12,-0.26
17,220/800,3.636364,210,764,3.638095,66,15,51,0,142,-0.3094,-69.61,-1.05
18,70/300,4.285714,210,900,4.285714,66,13,53,0,142,-1.1665,-262.47,-3.98
19,270/300,1.111111,250,278,1.112000,53,26,27,0,155,-1.2044,-319.17,-6.02
20,70/300,4.285714,130,557,4.284615,91,18,73,0,117,-1.2277,-178.02,-1.96
21,220/800,3.636364,170,618,3.635294,80,18,62,0,128,-1.2687,-234.71,-2.93
22,70/300,4.285714,160,686,4.287500,82,16,66,0,126,-2.2216,-388.78,-4.74
23,70/600,8.571429,90,771,8.566667,102,11,91,0,106,-2.7643,-290.25,-2.85
24,70/300,4.285714,220,943,4.286364,63,12,51,0,145,-3.2680,-767.99,-12.19
25,270/300,1.111111,240,267,1.112500,59,28,31,0,149,-3.3192,-846.40,-14.35
26,270/300,1.111111,320,356,1.112500,38,17,21,0,170,-4.3219,-1447.84,-38.10
27,220/800,3.636364,250,909,3.636000,53,11,42,0,155,-5.1204,-1356.91,-25.60
28,270/300,1.111111,370,411,1.110811,27,11,16,0,181,-5.3687,-2066.94,-76.55
29,70/300,4.285714,100,429,4.290000,100,19,81,0,108,-5.3700,-617.55,-6.18
30,70/300,4.285714,170,729,4.288235,80,15,65,0,128,-5.3805,-995.39,-12.44
31,70/300,4.285714,200,857,4.285000,70,13,57,0,138,-5.4110,-1163.37,-16.62
32,270/300,1.111111,260,289,1.111538,49,22,27,0,159,-5.4274,-1492.52,-30.46
33,70/300,4.285714,190,814,4.284211,75,14,61,0,133,-5.4311,-1113.37,-14.84
34,270/300,1.111111,290,322,1.110345,43,19,24,0,165,-5.4318,-1656.71,-38.53
35,270/300,1.111111,220,244,1.109091,63,29,34,0,145,-5.5408,-1302.08,-20.67
36,270/300,1.111111,360,400,1.111111,30,12,18,0,178,-6.4307,-2411.50,-80.38
37,270/300,1.111111,330,367,1.112121,38,16,22,0,170,-6.4405,-2221.96,-58.47
38,270/300,1.111111,230,256,1.113043,60,27,33,0,148,-6.4758,-1586.58,-26.44
39,270/300,1.111111,310,344,1.109677,40,17,23,0,168,-6.4875,-2108.43,-52.71
40,270/300,1.111111,300,333,1.110000,42,18,24,0,166,-6.4896,-2044.22,-48.67
41,270/300,1.111111,210,233,1.109524,66,30,36,0,142,-6.5951,-1483.89,-22.48
42,220/800,3.636364,150,545,3.633333,85,18,67,0,123,-6.5980,-1088.67,-12.81
43,220/800,3.636364,240,873,3.637500,59,12,47,0,149,-6.8192,-1738.90,-29.47
44,220/800,3.636364,140,509,3.635714,90,19,71,0,118,-7.2134,-1118.08,-12.42
45,270/300,1.111111,340,378,1.111765,33,13,20,0,175,-7.4875,-2658.05,-80.55
46,70/300,4.285714,90,386,4.288889,102,19,83,0,106,-7.5087,-788.41,-7.73
47,270/300,1.111111,280,311,1.110714,47,20,27,0,161,-7.5493,-2227.05,-47.38
48,220/800,3.636364,230,836,3.634783,60,12,48,0,148,-7.9106,-1938.10,-32.30
49,70/400,5.714286,140,800,5.714286,90,13,77,0,118,-8.0063,-1240.97,-13.79
50,270/300,1.111111,350,389,1.111429,32,12,20,0,176,-8.5445,-3118.73,-97.46
51,270/300,1.111111,200,222,1.110000,70,31,39,0,138,-8.7060,-1871.79,-26.74
52,220/800,3.636364,120,436,3.633333,94,19,75,0,114,-11.4939,-1551.67,-16.51
53,220/800,3.636364,110,400,3.636364,99,20,79,0,109,-12.0939,-1511.74,-15.27
54,70/300,4.285714,180,771,4.283333,77,13,64,0,131,-12.8443,-2504.63,-32.53
55,220/800,3.636364,130,473,3.638462,91,18,73,0,117,-12.8585,-1864.48,-20.49
56,270/300,1.111111,190,211,1.110526,75,31,44,0,133,-13.9837,-2866.66,-38.22
57,220/800,3.636364,260,945,3.634615,49,8,41,0,159,-14.8043,-4071.18,-83.09
58,70/300,4.285714,80,343,4.287500,104,18,86,0,104,-14.9402,-1419.32,-13.65
59,70/400,5.714286,130,743,5.715385,91,12,79,0,117,-15.7662,-2286.10,-25.12
60,70/300,4.285714,230,986,4.286957,60,9,51,0,148,-15.9454,-3906.62,-65.11
61,220/800,3.636364,270,982,3.637037,37,5,32,0,171,-15.9904,-4557.27,-123.17
62,270/300,1.111111,180,200,1.111111,77,31,46,0,131,-16.0832,-3136.22,-40.73
63,70/400,5.714286,150,857,5.713333,85,11,74,0,123,-16.1513,-2664.97,-31.35
64,220/800,3.636364,80,291,3.637500,104,20,84,0,104,-17.3652,-1649.69,-15.86
65,220/800,3.636364,100,364,3.640000,100,19,81,0,108,-17.7200,-2037.80,-20.38
66,70/400,5.714286,160,914,5.712500,82,10,72,0,126,-19.6966,-3446.90,-42.04
67,220/800,3.636364,90,327,3.633333,102,19,83,0,106,-19.9643,-2096.25,-20.55
68,70/600,8.571429,110,943,8.572727,99,8,91,0,109,-28.2394,-3529.92,-35.66
69,220/800,3.636364,70,255,3.642857,106,18,88,0,102,-28.6614,-2436.22,-22.98
70,70/400,5.714286,170,971,5.711765,80,8,72,0,128,-31.0099,-5736.83,-71.71
BEST_NET_R,BUY,19:30-20:00,90/514,net_R=19.5135,entries=102

BUY AVOIDED SLOT 20:00-20:30 (IST); raw_signals=244
rank,source_sl_tp,source_rr,sl_points,tp_points,actual_rr,entries,wins,losses,open,skipped,net_R,net_points,expectancy_points
1,70/800,11.428571,80,914,11.425000,123,17,106,0,121,80.9926,7694.30,62.56
2,70/600,8.571429,80,686,8.575000,123,21,102,0,121,70.8426,6730.05,54.72
3,70/600,8.571429,90,771,8.566667,123,21,102,0,121,70.6676,7420.10,60.33
4,70/400,5.714286,80,457,5.712500,123,28,95,0,121,57.7176,5483.17,44.58
5,70/400,5.714286,90,514,5.711111,123,28,95,0,121,57.6787,6056.26,49.24
6,70/400,5.714286,120,686,5.716667,115,26,89,0,129,52.8713,7137.63,62.07
7,70/400,5.714286,130,743,5.715385,113,25,88,0,131,48.2402,6994.83,61.90
8,70/400,5.714286,100,571,5.710000,120,26,94,0,124,47.4040,5451.46,45.43
9,70/300,4.285714,120,514,4.283333,115,32,83,0,129,47.3047,6386.13,55.53
10,70/400,5.714286,140,800,5.714286,109,24,85,0,135,45.7337,7088.72,65.03
11,70/600,8.571429,100,857,8.570000,120,18,102,0,124,45.2040,5198.46,43.32
12,70/300,4.285714,80,343,4.287500,123,33,90,0,121,44.2551,4204.23,34.18
13,70/300,4.285714,140,600,4.285714,109,30,79,0,135,43.1622,6690.15,61.38
14,220/800,3.636364,90,327,3.633333,123,37,86,0,121,41.2009,4326.10,35.17
15,70/300,4.285714,90,386,4.288889,123,32,91,0,121,39.0120,4096.26,33.30
16,70/300,4.285714,130,557,4.284615,113,30,83,0,131,38.8941,5639.64,49.91
17,70/600,8.571429,110,943,8.572727,117,17,100,0,127,38.8568,4857.10,41.51
18,70/400,5.714286,110,629,5.718182,117,24,93,0,127,37.3568,4669.60,39.91
19,220/800,3.636364,80,291,3.637500,123,36,87,0,121,36.7176,3488.17,28.36
20,70/400,5.714286,150,857,5.713333,105,22,83,0,139,36.5193,6025.69,57.39
21,220/800,3.636364,100,364,3.640000,120,35,85,0,124,35.3440,4064.56,33.87
22,220/800,3.636364,140,509,3.635714,109,32,77,0,135,32.9337,5104.72,46.83
23,220/800,3.636364,150,545,3.633333,105,31,74,0,139,32.4593,5355.79,51.01
24,70/300,4.285714,150,643,4.286667,105,27,78,0,139,31.5660,5208.39,49.60
25,70/300,4.285714,110,471,4.281818,117,29,88,0,127,29.2931,3661.64,31.30
26,220/800,3.636364,110,400,3.636364,117,33,84,0,127,29.1204,3640.05,31.11
27,220/800,3.636364,70,255,3.642857,126,35,91,0,118,29.0912,2472.75,19.63
28,220/800,3.636364,130,473,3.638462,113,32,81,0,131,28.7864,4174.02,36.94
29,220/800,3.636364,120,436,3.633333,115,32,83,0,129,26.5047,3578.13,31.11
30,70/300,4.285714,100,429,4.290000,120,29,91,0,124,26.3540,3030.71,25.26
31,70/300,4.285714,180,771,4.283333,96,23,73,0,148,19.8719,3875.01,40.36
32,220/800,3.636364,160,582,3.637500,102,27,75,0,142,17.2149,3012.61,29.54
33,220/800,3.636364,170,618,3.635294,100,26,74,0,144,14.6376,2707.96,27.08
34,220/800,3.636364,180,655,3.638889,96,25,71,0,148,14.3274,2793.85,29.10
35,70/300,4.285714,190,814,4.284211,91,20,71,0,153,9.3334,1913.35,21.03
36,70/300,4.285714,160,686,4.287500,102,22,80,0,142,8.3274,1457.30,14.29
37,70/300,4.285714,200,857,4.285000,87,19,68,0,157,8.2994,1784.37,20.51
38,270/300,1.111111,220,244,1.109091,76,42,34,0,168,8.1130,1906.56,25.09
39,270/300,1.111111,210,233,1.109524,83,45,38,0,161,7.0482,1585.84,19.11
40,70/400,5.714286,160,914,5.712500,102,17,85,0,142,6.1149,1070.11,10.49
41,220/800,3.636364,200,727,3.635000,87,21,66,0,157,5.2194,1122.17,12.90
42,70/300,4.285714,170,729,4.288235,100,21,79,0,144,5.1729,956.99,9.57
43,270/300,1.111111,330,367,1.112121,43,24,19,0,201,5.1625,1781.07,41.42
44,270/300,1.111111,230,256,1.113043,71,38,33,0,173,5.1209,1254.61,17.67
45,220/800,3.636364,210,764,3.638095,83,20,63,0,161,4.8815,1098.34,13.23
46,270/300,1.111111,320,356,1.112500,44,24,20,0,200,4.1128,1377.79,31.31
47,270/300,1.111111,340,378,1.111765,40,22,18,0,204,4.1068,1457.92,36.45
48,270/300,1.111111,260,289,1.111538,60,32,28,0,184,4.0412,1111.34,18.52
49,270/300,1.111111,310,344,1.109677,47,25,22,0,197,2.9783,967.96,20.59
50,270/300,1.111111,280,311,1.110714,57,30,27,0,187,2.9698,876.10,15.37
51,270/300,1.111111,200,222,1.110000,87,45,42,0,157,2.8344,609.40,7.00
52,70/300,4.285714,210,900,4.285714,83,17,66,0,161,1.9767,444.77,5.36
53,270/300,1.111111,240,267,1.112500,68,35,33,0,176,1.9391,494.47,7.27
54,270/300,1.111111,250,278,1.112000,62,32,30,0,182,1.9384,513.68,8.29
55,70/400,5.714286,170,971,5.711765,100,16,84,0,144,1.5082,279.02,2.79
56,220/800,3.636364,190,691,3.636842,91,21,70,0,153,1.0229,209.69,2.30
57,270/300,1.111111,300,333,1.110000,50,25,25,0,194,-0.1900,-59.85,-1.20
58,270/300,1.111111,290,322,1.110345,54,27,27,0,190,-0.1959,-59.75,-1.11
59,270/300,1.111111,360,400,1.111111,33,16,17,0,211,-1.1626,-435.98,-13.21
60,270/300,1.111111,370,411,1.110811,28,13,15,0,216,-2.2059,-849.26,-30.33
61,270/300,1.111111,350,389,1.111429,36,17,19,0,208,-2.2225,-811.22,-22.53
62,270/300,1.111111,190,211,1.110526,91,44,47,0,153,-3.4876,-714.97,-7.86
63,270/300,1.111111,180,200,1.111111,96,46,50,0,148,-4.5337,-884.07,-9.21
64,220/800,3.636364,250,909,3.636000,62,13,49,0,182,-5.3776,-1425.06,-22.98
65,220/800,3.636364,230,836,3.634783,71,15,56,0,173,-5.6531,-1385.00,-19.51
66,70/300,4.285714,230,986,4.286957,71,13,58,0,173,-6.4444,-1578.87,-22.24
67,70/300,4.285714,220,943,4.286364,76,14,62,0,168,-6.4597,-1518.03,-19.97
68,220/800,3.636364,240,873,3.637500,68,13,55,0,176,-11.7109,-2986.28,-43.92
69,220/800,3.636364,260,945,3.634615,60,11,49,0,184,-12.5472,-3450.49,-57.51
70,220/800,3.636364,270,982,3.637037,42,5,37,0,202,-21.2844,-6066.06,-144.43
BEST_NET_R,BUY,20:00-20:30,80/914,net_R=80.9926,entries=123

BUY AVOIDED SLOT 21:00-21:30 (IST); raw_signals=178
rank,source_sl_tp,source_rr,sl_points,tp_points,actual_rr,entries,wins,losses,open,skipped,net_R,net_points,expectancy_points
1,70/400,5.714286,170,971,5.711765,75,15,60,0,103,21.2665,3934.30,52.46
2,70/400,5.714286,150,857,5.713333,83,16,67,0,95,19.5329,3222.93,38.83
3,70/300,4.285714,230,986,4.286957,58,15,43,0,120,17.8939,4384.02,75.59
4,70/400,5.714286,160,914,5.712500,79,15,64,0,99,17.0423,2982.40,37.75
5,220/800,3.636364,240,873,3.637500,58,16,42,0,120,12.7896,3261.35,56.23
6,70/400,5.714286,140,800,5.714286,84,15,69,0,94,11.7751,1825.14,21.73
7,70/300,4.285714,200,857,4.285000,64,15,49,0,114,11.5118,2475.04,38.67
8,70/300,4.285714,220,943,4.286364,60,14,46,0,118,10.4811,2463.06,41.05
9,70/300,4.285714,210,900,4.285714,61,14,47,0,117,9.4132,2117.97,34.72
10,220/800,3.636364,260,945,3.634615,53,14,39,0,125,8.7682,2411.26,45.50
11,220/800,3.636364,230,836,3.634783,58,15,43,0,120,8.1113,1987.28,34.26
12,220/800,3.636364,250,909,3.636000,55,14,41,0,123,6.6700,1767.55,32.14
13,220/800,3.636364,200,727,3.635000,64,16,48,0,114,6.3968,1375.31,21.49
14,70/300,4.285714,180,771,4.283333,69,15,54,0,109,6.1928,1207.60,17.50
15,70/300,4.285714,170,729,4.288235,75,16,59,0,103,5.2018,962.33,12.83
16,220/800,3.636364,210,764,3.638095,61,15,46,0,117,4.9846,1121.54,18.39
17,70/300,4.285714,190,814,4.284211,66,14,52,0,112,4.0981,840.12,12.73
18,70/300,4.285714,160,686,4.287500,79,16,63,0,99,0.9548,167.09,2.12
19,270/300,1.111111,310,344,1.109677,41,21,20,0,137,0.8924,290.04,7.07
20,270/300,1.111111,320,356,1.112500,38,19,19,0,140,-0.0969,-32.46,-0.85
21,270/300,1.111111,350,389,1.111429,34,17,17,0,144,-0.1049,-38.29,-1.13
22,270/300,1.111111,280,311,1.110714,48,24,24,0,130,-0.1653,-48.75,-1.02
23,270/300,1.111111,290,322,1.110345,46,23,23,0,132,-0.1669,-50.90,-1.11
24,270/300,1.111111,300,333,1.110000,43,21,22,0,135,-1.2184,-383.80,-8.93
25,220/800,3.636364,270,982,3.637037,41,9,32,0,137,-1.6775,-478.08,-11.66
26,270/300,1.111111,330,367,1.112121,38,18,20,0,140,-2.2162,-764.60,-20.12
27,270/300,1.111111,340,378,1.111765,36,17,19,0,142,-2.2168,-786.96,-21.86
28,270/300,1.111111,370,411,1.110811,29,13,16,0,149,-3.2647,-1256.89,-43.34
29,270/300,1.111111,360,400,1.111111,31,14,17,0,147,-3.2672,-1225.22,-39.52
30,70/300,4.285714,150,643,4.286667,83,16,67,0,95,-3.2937,-543.47,-6.55
31,270/300,1.111111,260,289,1.111538,53,25,28,0,125,-3.3279,-915.18,-17.27
32,220/800,3.636364,180,655,3.638889,69,15,54,0,109,-3.4739,-677.40,-9.82
33,270/300,1.111111,240,267,1.112500,58,27,31,0,120,-4.3729,-1115.09,-19.23
34,70/400,5.714286,130,743,5.715385,87,13,74,0,91,-4.8156,-698.26,-8.03
35,220/800,3.636364,190,691,3.636842,66,14,52,0,112,-4.9650,-1017.83,-15.42
36,220/800,3.636364,170,618,3.635294,75,16,59,0,103,-5.2453,-970.38,-12.94
37,270/300,1.111111,250,278,1.112000,55,25,30,0,123,-5.4340,-1440.01,-26.18
38,270/300,1.111111,230,256,1.113043,58,25,33,0,120,-8.5843,-2103.16,-36.26
39,270/300,1.111111,220,244,1.109091,60,26,34,0,118,-8.6916,-2042.53,-34.04
40,220/800,3.636364,160,582,3.637500,79,16,63,0,99,-9.4452,-1652.91,-20.92
41,70/300,4.285714,140,600,4.285714,84,15,69,0,94,-9.6535,-1496.29,-17.81
42,270/300,1.111111,210,233,1.109524,61,26,35,0,117,-9.7392,-2191.32,-35.92
43,270/300,1.111111,200,222,1.110000,64,27,37,0,114,-10.7932,-2320.54,-36.26
44,270/300,1.111111,180,200,1.111111,69,29,40,0,109,-11.8350,-2307.82,-33.45
45,270/300,1.111111,190,211,1.110526,66,27,39,0,112,-12.8966,-2643.80,-40.06
46,220/800,3.636364,150,545,3.633333,83,16,67,0,95,-13.7471,-2268.27,-27.33
47,220/800,3.636364,140,509,3.635714,84,16,68,0,94,-14.7678,-2289.00,-27.25
48,70/800,11.428571,80,914,11.425000,99,7,92,0,79,-17.8462,-1695.39,-17.13
49,70/600,8.571429,100,857,8.570000,93,8,85,0,85,-21.9084,-2519.47,-27.09
50,220/800,3.636364,130,473,3.638462,87,15,72,0,91,-22.5387,-3268.11,-37.56
51,70/300,4.285714,130,557,4.284615,87,13,74,0,91,-23.4156,-3395.26,-39.03
52,70/600,8.571429,90,771,8.566667,96,8,88,0,82,-25.1115,-2636.70,-27.47
53,70/400,5.714286,120,686,5.716667,89,10,79,0,89,-27.0665,-3653.98,-41.06
54,70/600,8.571429,80,686,8.575000,99,8,91,0,79,-28.2212,-2681.01,-27.08
55,220/800,3.636364,70,255,3.642857,102,17,85,0,76,-29.0690,-2470.87,-24.22
56,220/800,3.636364,120,436,3.633333,89,14,75,0,89,-29.3665,-3964.48,-44.54
57,70/600,8.571429,110,943,8.572727,92,7,85,0,86,-30.4005,-3800.06,-41.31
58,220/800,3.636364,80,291,3.637500,99,15,84,0,79,-35.2587,-3349.58,-33.83
59,70/300,4.285714,120,514,4.283333,89,11,78,0,89,-36.1165,-4875.73,-54.78
60,220/800,3.636364,90,327,3.633333,96,14,82,0,82,-36.7781,-3861.70,-40.23
61,70/300,4.285714,100,429,4.290000,93,11,82,0,85,-40.2784,-4632.02,-49.81
62,70/300,4.285714,80,343,4.287500,99,12,87,0,79,-41.3712,-3930.26,-39.70
63,220/800,3.636364,110,400,3.636364,92,12,80,0,86,-41.7732,-5221.65,-56.76
64,220/800,3.636364,100,364,3.640000,93,12,81,0,85,-42.7884,-4920.67,-52.91
65,70/400,5.714286,110,629,5.718182,92,8,84,0,86,-43.6641,-5458.02,-59.33
66,70/400,5.714286,80,457,5.712500,99,9,90,0,79,-44.4087,-4218.83,-42.61
67,70/300,4.285714,110,471,4.281818,92,10,82,0,86,-44.5914,-5573.93,-60.59
68,70/400,5.714286,100,571,5.710000,93,8,85,0,85,-44.7884,-5150.67,-55.38
69,70/400,5.714286,90,514,5.711111,96,8,88,0,82,-47.9559,-5035.37,-52.45
70,70/300,4.285714,90,386,4.288889,96,10,86,0,82,-48.7559,-5119.37,-53.33
BEST_NET_R,BUY,21:00-21:30,170/971,net_R=21.2665,entries=75

SELL AVOIDED SLOT 01:00-01:30 (IST); raw_signals=141
rank,source_sl_tp,source_rr,sl_points,tp_points,actual_rr,entries,wins,losses,open,skipped,net_R,net_points,expectancy_points
1,70/600,8.571429,110,943,8.572727,26,5,21,0,115,20.3348,2541.85,97.76
2,70/800,11.428571,80,914,11.425000,29,4,25,0,112,18.9948,1804.51,62.22
3,70/600,8.571429,100,857,8.570000,28,5,23,0,113,18.2036,2093.41,74.76
4,70/300,4.285714,230,986,4.286957,15,6,9,0,126,15.8397,3880.74,258.72
5,220/800,3.636364,270,982,3.637037,13,6,7,0,128,14.0578,4006.48,308.19
6,220/800,3.636364,260,945,3.634615,13,6,7,0,128,14.0433,3861.91,297.07
7,70/300,4.285714,220,943,4.286364,17,6,11,0,124,13.7186,3223.87,189.64
8,220/800,3.636364,240,873,3.637500,14,6,8,0,127,13.0018,3315.46,236.82
9,220/800,3.636364,250,909,3.636000,14,6,8,0,127,12.9928,3443.09,245.94
10,70/300,4.285714,210,900,4.285714,18,6,12,0,123,12.6559,2847.57,158.20
11,220/800,3.636364,230,836,3.634783,15,6,9,0,126,11.9267,2922.04,194.80
12,70/400,5.714286,160,914,5.712500,21,5,16,0,120,11.3277,1982.35,94.40
13,70/400,5.714286,170,971,5.711765,21,5,16,0,120,11.3240,2094.94,99.76
14,70/400,5.714286,150,857,5.713333,22,5,17,0,119,10.2731,1695.06,77.05
15,70/400,5.714286,80,457,5.712500,29,6,23,0,112,9.5698,909.13,31.35
16,70/300,4.285714,110,471,4.281818,26,7,19,0,115,9.4439,1180.49,45.40
17,220/800,3.636364,210,764,3.638095,18,6,12,0,123,8.7702,1973.29,109.63
18,270/300,1.111111,290,322,1.110345,12,10,2,0,129,8.3978,2561.34,213.45
19,270/300,1.111111,300,333,1.110000,12,10,2,0,129,8.3944,2644.24,220.35
20,270/300,1.111111,310,344,1.109677,12,10,2,0,129,8.3912,2727.13,227.26
21,70/400,5.714286,120,686,5.716667,24,5,19,0,117,8.1721,1103.24,45.97
22,70/400,5.714286,130,743,5.715385,24,5,19,0,117,8.1657,1184.03,49.33
23,70/400,5.714286,140,800,5.714286,24,5,19,0,117,8.1602,1264.84,52.70
24,70/600,8.571429,80,686,8.575000,29,4,25,0,112,7.5948,721.51,24.88
25,70/600,8.571429,90,771,8.566667,29,4,25,0,112,7.5615,793.95,27.38
26,220/800,3.636364,100,364,3.640000,28,8,20,0,113,7.4736,859.46,30.70
27,70/300,4.285714,100,429,4.290000,28,7,21,0,113,7.3836,849.11,30.33
28,270/300,1.111111,230,256,1.113043,15,11,4,0,126,7.3615,1803.56,120.24
29,220/800,3.636364,130,473,3.638462,24,7,17,0,117,7.0580,1023.41,42.64
30,220/800,3.636364,120,436,3.633333,24,7,17,0,117,7.0221,947.99,39.50
31,70/300,4.285714,200,857,4.285000,19,5,14,0,122,6.3078,1356.18,71.38
32,70/300,4.285714,80,343,4.287500,29,7,22,0,112,6.3073,599.19,20.66
33,270/300,1.111111,240,267,1.112500,14,10,4,0,127,6.3018,1606.96,114.78
34,270/300,1.111111,250,278,1.112000,14,10,4,0,127,6.2968,1668.65,119.19
35,270/300,1.111111,180,200,1.111111,20,13,7,0,121,6.2684,1222.35,61.12
36,270/300,1.111111,190,211,1.110526,20,13,7,0,121,6.2608,1283.47,64.17
37,270/300,1.111111,210,233,1.109524,18,12,6,0,123,6.2559,1407.57,78.20
38,70/400,5.714286,110,629,5.718182,26,5,21,0,115,6.0621,757.76,29.14
39,70/300,4.285714,190,814,4.284211,20,5,15,0,121,5.2451,1075.24,53.76
40,70/300,4.285714,180,771,4.283333,20,5,15,0,121,5.2407,1021.93,51.10
41,270/300,1.111111,260,289,1.111538,13,9,4,0,128,5.2394,1440.85,110.83
42,270/300,1.111111,280,311,1.110714,13,9,4,0,128,5.2320,1543.45,118.73
43,270/300,1.111111,200,222,1.110000,19,12,7,0,122,5.2028,1118.60,58.87
44,270/300,1.111111,220,244,1.109091,17,11,6,0,124,5.2004,1222.09,71.89
45,220/800,3.636364,110,400,3.636364,26,7,19,0,115,4.9257,615.72,23.68
46,70/300,4.285714,170,729,4.288235,21,5,16,0,120,4.2064,778.18,37.06
47,70/300,4.285714,160,686,4.287500,21,5,16,0,120,4.2027,735.47,35.02
48,270/300,1.111111,320,356,1.112500,12,8,4,0,129,4.1944,1405.12,117.09
49,270/300,1.111111,360,400,1.111111,10,7,3,0,131,4.1898,1571.17,157.12
50,70/400,5.714286,100,571,5.710000,28,5,23,0,113,3.9036,448.91,16.03
51,70/300,4.285714,150,643,4.286667,22,5,17,0,119,3.1397,518.06,23.55
52,270/300,1.111111,330,367,1.112121,11,7,4,0,130,3.1380,1082.63,98.42
53,270/300,1.111111,370,411,1.110811,9,6,3,0,132,3.1357,1207.23,134.14
54,270/300,1.111111,340,378,1.111765,11,7,4,0,130,3.1356,1113.12,101.19
55,270/300,1.111111,350,389,1.111429,11,7,4,0,130,3.1332,1143.62,103.97
56,220/800,3.636364,200,727,3.635000,19,5,14,0,122,3.0578,657.43,34.60
57,220/800,3.636364,140,509,3.635714,24,6,18,0,117,2.4031,372.48,15.52
58,220/800,3.636364,180,655,3.638889,20,5,15,0,121,2.0184,393.60,19.68
59,220/800,3.636364,190,691,3.636842,20,5,15,0,121,2.0082,411.68,20.58
60,220/800,3.636364,80,291,3.637500,29,7,22,0,112,1.7573,166.94,5.76
61,220/800,3.636364,90,327,3.633333,29,7,22,0,112,1.7281,181.45,6.26
62,70/300,4.285714,90,386,4.288889,29,6,23,0,112,1.0281,107.95,3.72
63,70/300,4.285714,140,600,4.285714,24,5,19,0,117,1.0174,157.69,6.57
64,70/300,4.285714,130,557,4.284615,24,5,19,0,117,1.0119,146.72,6.11
65,70/300,4.285714,120,514,4.283333,24,5,19,0,117,1.0055,135.74,5.66
66,220/800,3.636364,160,582,3.637500,21,5,16,0,120,0.9527,166.72,7.94
67,220/800,3.636364,170,618,3.635294,21,5,16,0,120,0.9417,174.21,8.30
68,220/800,3.636364,70,255,3.642857,30,7,23,0,111,0.7360,62.56,2.09
69,220/800,3.636364,150,545,3.633333,22,5,17,0,119,-0.1269,-20.94,-0.95
70,70/400,5.714286,90,514,5.711111,29,4,25,0,112,-3.8608,-405.38,-13.98
BEST_NET_R,SELL,01:00-01:30,110/943,net_R=20.3348,entries=26

SELL AVOIDED SLOT 02:00-02:30 (IST); raw_signals=130
rank,source_sl_tp,source_rr,sl_points,tp_points,actual_rr,entries,wins,losses,open,skipped,net_R,net_points,expectancy_points
1,70/300,4.285714,220,943,4.286364,36,8,28,0,94,4.1741,980.92,27.25
2,270/300,1.111111,300,333,1.110000,26,15,11,0,104,4.1212,1298.18,49.93
3,270/300,1.111111,310,344,1.109677,26,15,11,0,104,4.1164,1337.82,51.45
4,70/400,5.714286,170,971,5.711765,41,7,34,0,89,3.5716,660.74,16.12
5,70/300,4.285714,210,900,4.285714,37,8,29,0,93,3.1101,699.78,18.91
6,270/300,1.111111,320,356,1.112500,25,14,11,0,105,3.1050,1040.18,41.61
7,70/300,4.285714,200,857,4.285000,37,8,29,0,93,3.1044,667.45,18.04
8,70/300,4.285714,190,814,4.284211,37,8,29,0,93,3.0981,635.11,17.17
9,270/300,1.111111,240,267,1.112500,33,18,15,0,97,3.0846,786.57,23.84
10,270/300,1.111111,250,278,1.112000,33,18,15,0,97,3.0756,815.03,24.70
11,270/300,1.111111,260,289,1.111538,33,18,15,0,97,3.0673,843.51,25.56
12,270/300,1.111111,190,211,1.110526,37,20,17,0,93,3.0349,622.16,16.82
13,270/300,1.111111,200,222,1.110000,37,20,17,0,93,3.0244,650.25,17.57
14,220/800,3.636364,190,691,3.636842,37,9,28,0,93,2.5560,523.98,14.16
15,220/800,3.636364,200,727,3.635000,37,9,28,0,93,2.5394,545.97,14.76
16,70/400,5.714286,160,914,5.712500,42,7,35,0,88,2.5179,440.63,10.49
17,220/800,3.636364,240,873,3.637500,33,8,25,0,97,2.1596,550.70,16.69
18,220/800,3.636364,250,909,3.636000,33,8,25,0,97,2.1476,569.11,17.25
19,220/800,3.636364,260,945,3.634615,33,8,25,0,97,2.1365,587.54,17.80
20,270/300,1.111111,330,367,1.112121,22,12,10,0,108,2.0519,707.89,32.18
21,270/300,1.111111,290,322,1.110345,30,16,14,0,100,2.0015,610.46,20.35
22,270/300,1.111111,280,311,1.110714,32,17,15,0,98,2.0005,590.16,18.44
23,270/300,1.111111,340,378,1.111765,21,11,10,0,109,0.9946,353.09,16.81
24,270/300,1.111111,230,256,1.113043,35,18,17,0,95,0.9768,239.31,6.84
25,270/300,1.111111,210,233,1.109524,37,19,18,0,93,0.9054,203.70,5.51
26,220/800,3.636364,230,836,3.634783,35,8,27,0,95,0.0203,4.96,0.14
27,70/300,4.285714,230,986,4.286957,35,7,28,0,95,-0.0493,-12.08,-0.35
28,270/300,1.111111,220,244,1.109091,36,18,18,0,94,-0.1532,-35.99,-1.00
29,220/800,3.636364,90,327,3.633333,49,11,38,0,81,-0.9145,-96.03,-1.96
30,70/300,4.285714,170,729,4.288235,41,8,33,0,89,-1.1049,-204.41,-4.99
31,270/300,1.111111,360,400,1.111111,19,9,10,0,111,-1.1172,-418.95,-22.05
32,270/300,1.111111,370,411,1.110811,19,9,10,0,111,-1.1199,-431.16,-22.69
33,270/300,1.111111,350,389,1.111429,21,10,11,0,109,-1.1205,-408.99,-19.48
34,220/800,3.636364,170,618,3.635294,41,9,32,0,89,-1.6932,-313.23,-7.64
35,220/800,3.636364,210,764,3.638095,37,8,29,0,93,-2.0708,-465.94,-12.59
36,70/300,4.285714,160,686,4.287500,42,8,34,0,88,-2.1696,-379.68,-9.04
37,270/300,1.111111,180,200,1.111111,40,19,21,0,90,-2.2409,-436.97,-10.92
38,220/800,3.636364,100,364,3.640000,48,10,38,0,82,-4.4224,-508.58,-10.60
39,220/800,3.636364,180,655,3.638889,40,8,32,0,90,-5.2409,-1021.97,-25.55
40,70/400,5.714286,150,857,5.713333,43,6,37,0,87,-5.2484,-865.99,-20.14
41,70/300,4.285714,80,343,4.287500,50,9,41,0,80,-5.3525,-508.49,-10.17
42,70/300,4.285714,180,771,4.283333,40,7,33,0,90,-5.3687,-1046.89,-26.17
43,220/800,3.636364,270,982,3.637037,32,6,26,0,98,-6.0594,-1726.92,-53.97
44,70/400,5.714286,140,800,5.714286,44,6,38,0,86,-6.3015,-976.73,-22.20
45,220/800,3.636364,80,291,3.637500,50,10,40,0,80,-6.5650,-623.68,-12.47
46,70/400,5.714286,130,743,5.715385,45,6,39,0,85,-7.3537,-1066.29,-23.70
47,220/800,3.636364,160,582,3.637500,42,8,34,0,88,-7.3696,-1289.68,-30.71
48,70/300,4.285714,150,643,4.286667,43,7,36,0,87,-8.5217,-1406.09,-32.70
49,70/300,4.285714,140,600,4.285714,44,7,37,0,86,-9.5872,-1486.02,-33.77
50,220/800,3.636364,130,473,3.638462,45,8,37,0,85,-10.5383,-1528.05,-33.96
51,70/300,4.285714,130,557,4.284615,45,7,38,0,85,-10.6537,-1544.79,-34.33
52,220/800,3.636364,70,255,3.642857,50,9,41,0,80,-11.1543,-948.11,-18.96
53,70/600,8.571429,110,943,8.572727,48,4,44,0,82,-12.5315,-1566.44,-32.63
54,70/600,8.571429,100,857,8.570000,48,4,44,0,82,-12.5424,-1442.38,-30.05
55,220/800,3.636364,150,545,3.633333,43,7,36,0,87,-13.0951,-2160.69,-50.25
56,70/600,8.571429,90,771,8.566667,49,4,45,0,81,-13.6145,-1429.53,-29.17
57,220/800,3.636364,110,400,3.636364,48,8,40,0,82,-13.7315,-1716.44,-35.76
58,220/800,3.636364,140,509,3.635714,44,7,37,0,86,-14.1372,-2191.27,-49.80
59,70/300,4.285714,90,386,4.288889,49,7,42,0,81,-14.8590,-1560.19,-31.84
60,70/800,11.428571,80,914,11.425000,50,3,47,0,80,-15.6650,-1488.17,-29.76
61,70/400,5.714286,120,686,5.716667,47,5,42,0,83,-16.1803,-2184.34,-46.48
62,70/400,5.714286,110,629,5.718182,48,5,43,0,82,-17.2315,-2153.94,-44.87
63,70/300,4.285714,110,471,4.281818,48,6,42,0,82,-19.1315,-2391.44,-49.82
64,220/800,3.636364,120,436,3.633333,47,6,41,0,83,-21.9636,-2965.09,-63.09
65,70/300,4.285714,120,514,4.283333,47,5,42,0,83,-23.3469,-3151.84,-67.06
66,70/400,5.714286,100,571,5.710000,48,4,44,0,82,-23.9824,-2757.98,-57.46
67,70/600,8.571429,80,686,8.575000,50,3,47,0,80,-24.2150,-2300.42,-46.01
68,70/300,4.285714,100,429,4.290000,48,5,43,0,82,-24.3724,-2802.83,-58.39
69,70/400,5.714286,90,514,5.711111,49,4,45,0,81,-25.0368,-2628.86,-53.65
70,70/400,5.714286,80,457,5.712500,50,4,46,0,80,-26.0900,-2478.55,-49.57
BEST_NET_R,SELL,02:00-02:30,220/943,net_R=4.1741,entries=36

SELL AVOIDED SLOT 02:30-03:00 (IST); raw_signals=146
rank,source_sl_tp,source_rr,sl_points,tp_points,actual_rr,entries,wins,losses,open,skipped,net_R,net_points,expectancy_points
1,220/800,3.636364,90,327,3.633333,48,14,34,0,98,14.0443,1474.65,30.72
2,220/800,3.636364,100,364,3.640000,44,13,31,0,102,13.7328,1579.27,35.89
3,220/800,3.636364,80,291,3.637500,49,14,35,0,97,13.0438,1239.16,25.29
4,220/800,3.636364,270,982,3.637037,23,8,15,0,123,12.7439,3632.01,157.91
5,70/300,4.285714,90,386,4.288889,48,12,36,0,98,12.6443,1327.65,27.66
6,70/300,4.285714,80,343,4.287500,49,12,37,0,97,11.5688,1099.04,22.43
7,220/800,3.636364,110,400,3.636364,44,12,32,0,102,9.0492,1131.15,25.71
8,70/400,5.714286,80,457,5.712500,49,9,40,0,97,8.5313,810.47,16.54
9,220/800,3.636364,230,836,3.634783,27,8,19,0,119,8.4907,2080.21,77.04
10,70/300,4.285714,230,986,4.286957,27,7,20,0,119,8.4211,2063.17,76.41
11,220/800,3.636364,260,945,3.634615,24,7,17,0,122,7.0311,1933.55,80.56
12,220/800,3.636364,250,909,3.636000,25,7,18,0,121,5.9820,1585.23,63.41
13,70/300,4.285714,220,943,4.286364,30,7,23,0,116,5.2405,1231.53,41.05
14,270/300,1.111111,200,222,1.110000,31,18,13,0,115,5.1572,1108.80,35.77
15,220/800,3.636364,240,873,3.637500,26,7,19,0,120,4.9337,1258.09,48.39
16,270/300,1.111111,370,411,1.110811,11,7,4,0,135,3.1289,1204.62,109.51
17,270/300,1.111111,300,333,1.110000,19,11,8,0,127,3.0928,974.23,51.28
18,270/300,1.111111,260,289,1.111538,24,13,11,0,122,2.0388,560.67,23.36
19,270/300,1.111111,290,322,1.110345,20,11,9,0,126,2.0378,621.53,31.08
20,270/300,1.111111,280,311,1.110714,22,12,10,0,124,2.0350,600.32,27.29
21,270/300,1.111111,210,233,1.109524,30,16,14,0,116,1.9884,447.39,14.91
22,220/800,3.636364,70,255,3.642857,51,12,39,0,95,1.7155,145.82,2.86
23,70/600,8.571429,110,943,8.572727,44,5,39,0,102,1.2764,159.55,3.63
24,70/600,8.571429,100,857,8.570000,44,5,39,0,102,1.2628,145.22,3.30
25,70/300,4.285714,100,429,4.290000,44,9,35,0,102,1.0228,117.62,2.67
26,270/300,1.111111,360,400,1.111111,13,7,6,0,133,1.0134,380.02,29.23
27,70/300,4.285714,110,471,4.281818,44,9,35,0,102,0.9492,118.65,2.70
28,270/300,1.111111,190,211,1.110526,31,16,15,0,115,0.9456,193.85,6.25
29,220/800,3.636364,210,764,3.638095,30,7,23,0,116,0.7027,158.10,5.27
30,70/400,5.714286,110,629,5.718182,44,7,37,0,102,0.4401,55.01,1.25
31,70/400,5.714286,100,571,5.710000,44,7,37,0,102,0.3828,44.02,1.00
32,270/300,1.111111,340,378,1.111765,14,7,7,0,132,-0.0408,-14.50,-1.04
33,70/300,4.285714,210,900,4.285714,30,6,24,0,116,-0.0497,-11.19,-0.37
34,270/300,1.111111,220,244,1.109091,30,15,15,0,116,-0.1276,-29.99,-1.00
35,220/800,3.636364,130,473,3.638462,40,9,31,0,106,-0.6058,-87.85,-2.20
36,270/300,1.111111,350,389,1.111429,13,6,7,0,133,-1.0958,-399.98,-30.77
37,270/300,1.111111,330,367,1.112121,15,7,8,0,131,-1.0972,-378.52,-25.23
38,270/300,1.111111,230,256,1.113043,27,13,14,0,119,-1.1180,-273.92,-10.15
39,270/300,1.111111,310,344,1.109677,17,8,9,0,129,-1.1222,-364.71,-21.45
40,270/300,1.111111,250,278,1.112000,25,12,13,0,121,-1.1260,-298.39,-11.94
41,270/300,1.111111,180,200,1.111111,33,16,17,0,113,-1.1626,-226.71,-6.87
42,70/400,5.714286,170,971,5.711765,33,5,28,0,113,-1.3816,-255.59,-7.75
43,70/400,5.714286,130,743,5.715385,40,6,34,0,106,-2.0597,-298.66,-7.47
44,70/400,5.714286,140,800,5.714286,40,6,34,0,106,-2.0663,-320.27,-8.01
45,270/300,1.111111,320,356,1.112500,16,7,9,0,130,-2.1533,-721.36,-45.08
46,270/300,1.111111,240,267,1.112500,26,12,14,0,120,-2.1788,-555.59,-21.37
47,70/800,11.428571,80,914,11.425000,49,4,45,0,97,-2.1812,-207.21,-4.23
48,70/600,8.571429,90,771,8.566667,48,5,43,0,98,-2.9891,-313.85,-6.54
49,70/400,5.714286,120,686,5.716667,41,6,35,0,105,-3.1108,-419.96,-10.24
50,70/400,5.714286,160,914,5.712500,35,5,30,0,111,-3.4955,-611.71,-17.48
51,70/400,5.714286,90,514,5.711111,48,7,41,0,98,-3.8446,-403.69,-8.41
52,70/600,8.571429,80,686,8.575000,49,5,44,0,97,-4.0062,-380.59,-7.77
53,220/800,3.636364,190,691,3.636842,31,6,25,0,115,-5.0017,-1025.36,-33.08
54,220/800,3.636364,200,727,3.635000,31,6,25,0,115,-5.0128,-1077.75,-34.77
55,220/800,3.636364,140,509,3.635714,40,8,32,0,106,-5.2663,-816.27,-20.41
56,70/300,4.285714,160,686,4.287500,35,6,29,0,111,-5.3330,-933.27,-26.66
57,70/300,4.285714,140,600,4.285714,40,7,33,0,106,-5.3520,-829.56,-20.74
58,70/300,4.285714,130,557,4.284615,40,7,33,0,106,-5.3597,-777.16,-19.43
59,70/400,5.714286,150,857,5.713333,37,5,32,0,109,-5.6089,-925.47,-25.01
60,220/800,3.636364,120,436,3.633333,41,8,33,0,105,-6.3441,-856.46,-20.89
61,70/300,4.285714,200,857,4.285000,31,5,26,0,115,-6.3978,-1375.53,-44.37
62,70/300,4.285714,190,814,4.284211,31,5,26,0,115,-6.4017,-1312.36,-42.33
63,220/800,3.636364,180,655,3.638889,33,6,27,0,113,-7.1071,-1385.88,-42.00
64,220/800,3.636364,170,618,3.635294,33,6,27,0,113,-7.1286,-1318.80,-39.96
65,70/300,4.285714,150,643,4.286667,37,6,31,0,109,-7.4556,-1230.17,-33.25
66,70/300,4.285714,170,729,4.288235,33,5,28,0,113,-8.4992,-1572.36,-47.65
67,70/300,4.285714,180,771,4.283333,33,5,28,0,113,-8.5237,-1662.13,-50.37
68,220/800,3.636364,160,582,3.637500,35,6,29,0,111,-9.2330,-1615.77,-46.16
69,220/800,3.636364,150,545,3.633333,37,6,31,0,109,-11.3756,-1876.97,-50.73
70,70/300,4.285714,120,514,4.283333,41,6,35,0,105,-11.7108,-1580.96,-38.56
BEST_NET_R,SELL,02:30-03:00,90/327,net_R=14.0443,entries=48

SELL AVOIDED SLOT 03:30-04:00 (IST); raw_signals=172
rank,source_sl_tp,source_rr,sl_points,tp_points,actual_rr,entries,wins,losses,open,skipped,net_R,net_points,expectancy_points
1,270/300,1.111111,370,411,1.110811,17,12,5,0,155,7.3301,2822.10,166.01
2,220/800,3.636364,260,945,3.634615,37,10,27,0,135,7.1706,1971.90,53.29
3,70/400,5.714286,90,514,5.711111,57,10,47,0,115,6.7595,709.75,12.45
4,70/300,4.285714,100,429,4.290000,57,12,45,0,115,3.1284,359.77,6.31
5,270/300,1.111111,350,389,1.111429,21,12,9,0,151,3.1023,1132.36,53.92
6,270/300,1.111111,330,367,1.112121,27,15,12,0,145,3.0942,1067.51,39.54
7,270/300,1.111111,320,356,1.112500,31,17,14,0,141,3.0897,1035.05,33.39
8,70/400,5.714286,110,629,5.718182,55,9,46,0,117,2.2296,278.70,5.07
9,70/400,5.714286,120,686,5.716667,55,9,46,0,117,2.2160,299.16,5.44
10,270/300,1.111111,360,400,1.111111,20,11,9,0,152,2.0462,767.33,38.37
11,270/300,1.111111,340,378,1.111765,24,13,11,0,148,2.0417,724.82,30.20
12,70/300,4.285714,130,557,4.284615,54,11,43,0,118,0.9556,138.56,2.57
13,220/800,3.636364,150,545,3.633333,52,12,40,0,120,0.5424,89.50,1.72
14,220/800,3.636364,250,909,3.636000,39,9,30,0,133,0.4308,114.16,2.93
15,70/400,5.714286,100,571,5.710000,57,9,48,0,115,0.0384,4.42,0.08
16,220/800,3.636364,270,982,3.637037,35,8,27,0,137,0.0383,10.91,0.31
17,220/800,3.636364,100,364,3.640000,57,13,44,0,115,-0.0316,-3.63,-0.06
18,70/300,4.285714,120,514,4.283333,55,11,44,0,117,-0.1173,-15.84,-0.29
19,270/300,1.111111,290,322,1.110345,34,17,17,0,138,-0.1233,-37.62,-1.11
20,270/300,1.111111,310,344,1.109677,32,16,16,0,140,-0.1268,-41.20,-1.29
21,70/300,4.285714,110,471,4.281818,55,11,44,0,117,-0.1340,-16.75,-0.30
22,220/800,3.636364,240,873,3.637500,40,9,31,0,132,-0.6145,-156.70,-3.92
23,70/600,8.571429,110,943,8.572727,55,6,49,0,117,-0.7976,-99.70,-1.81
24,270/300,1.111111,260,289,1.111538,37,18,19,0,135,-1.1679,-321.17,-8.68
25,270/300,1.111111,280,311,1.110714,35,17,18,0,137,-1.1759,-346.88,-9.91
26,70/400,5.714286,150,857,5.713333,52,8,44,0,120,-1.3509,-222.90,-4.29
27,220/800,3.636364,130,473,3.638462,54,12,42,0,118,-1.5137,-219.48,-4.06
28,270/300,1.111111,300,333,1.110000,34,16,18,0,138,-2.2392,-705.35,-20.75
29,70/600,8.571429,100,857,8.570000,57,6,51,0,115,-2.9316,-337.13,-5.91
30,70/600,8.571429,90,771,8.566667,57,6,51,0,115,-2.9516,-309.92,-5.44
31,270/300,1.111111,250,278,1.112000,39,18,21,0,133,-3.2772,-868.46,-22.27
32,70/400,5.714286,130,743,5.715385,54,8,46,0,118,-3.4521,-500.56,-9.27
33,220/800,3.636364,140,509,3.635714,52,11,41,0,120,-4.0647,-630.04,-12.12
34,270/300,1.111111,230,256,1.113043,42,19,23,0,130,-4.3218,-1058.83,-25.21
35,270/300,1.111111,240,267,1.112500,40,18,22,0,132,-4.3270,-1103.38,-27.58
36,270/300,1.111111,220,244,1.109091,44,20,24,0,128,-4.4054,-1035.26,-23.53
37,220/800,3.636364,80,291,3.637500,57,12,45,0,115,-4.7016,-446.65,-7.84
38,220/800,3.636364,90,327,3.633333,57,12,45,0,115,-4.7516,-498.92,-8.75
39,70/300,4.285714,160,686,4.287500,50,9,41,0,122,-5.3525,-936.69,-18.73
40,270/300,1.111111,200,222,1.110000,47,21,26,0,125,-5.4536,-1172.52,-24.95
41,270/300,1.111111,210,233,1.109524,45,20,25,0,127,-5.4555,-1227.49,-27.28
42,220/800,3.636364,190,691,3.636842,49,10,39,0,123,-5.5128,-1130.12,-23.06
43,70/400,5.714286,160,914,5.712500,50,7,43,0,122,-5.9525,-1041.69,-20.83
44,220/800,3.636364,160,582,3.637500,50,10,40,0,122,-6.5650,-1148.87,-22.98
45,70/400,5.714286,80,457,5.712500,57,8,49,0,115,-6.6516,-631.90,-11.09
46,220/800,3.636364,70,255,3.642857,59,12,47,0,113,-6.7549,-574.17,-9.73
47,220/800,3.636364,110,400,3.636364,55,11,44,0,117,-7.2340,-904.25,-16.44
48,220/800,3.636364,120,436,3.633333,55,11,44,0,117,-7.2673,-981.09,-17.84
49,220/800,3.636364,230,836,3.634783,42,8,34,0,130,-7.3913,-1810.88,-43.12
50,70/300,4.285714,90,386,4.288889,57,10,47,0,115,-7.4627,-783.58,-13.75
51,70/300,4.285714,80,343,4.287500,57,10,47,0,115,-7.4766,-710.28,-12.46
52,70/300,4.285714,150,643,4.286667,52,9,43,0,120,-7.4776,-1233.80,-23.73
53,70/300,4.285714,200,857,4.285000,47,8,39,0,125,-7.4836,-1608.97,-34.23
54,70/300,4.285714,140,600,4.285714,52,9,43,0,120,-7.4862,-1160.36,-22.31
55,270/300,1.111111,180,200,1.111111,49,21,28,0,123,-7.5479,-1471.83,-30.04
56,270/300,1.111111,190,211,1.110526,49,21,28,0,123,-7.5601,-1549.83,-31.63
57,220/800,3.636364,200,727,3.635000,47,9,38,0,125,-8.0486,-1730.45,-36.82
58,70/400,5.714286,140,800,5.714286,52,7,45,0,120,-8.0576,-1248.93,-24.02
59,70/300,4.285714,220,943,4.286364,44,7,37,0,128,-9.5827,-2251.92,-51.18
60,70/300,4.285714,190,814,4.284211,49,8,41,0,123,-9.6075,-1969.54,-40.19
61,70/300,4.285714,180,771,4.283333,49,8,41,0,123,-9.6145,-1874.83,-38.26
62,220/800,3.636364,180,655,3.638889,49,9,40,0,123,-10.1312,-1975.58,-40.32
63,220/800,3.636364,210,764,3.638095,45,8,37,0,127,-10.5412,-2371.78,-52.71
64,70/300,4.285714,170,729,4.288235,50,8,42,0,122,-10.6341,-1967.31,-39.35
65,70/300,4.285714,210,900,4.285714,45,7,38,0,127,-10.6460,-2395.35,-53.23
66,220/800,3.636364,170,618,3.635294,50,9,41,0,122,-11.2224,-2076.14,-41.52
67,70/600,8.571429,80,686,8.575000,57,5,52,0,115,-12.4766,-1185.28,-20.79
68,70/400,5.714286,170,971,5.711765,50,6,44,0,122,-12.6694,-2343.84,-46.88
69,70/300,4.285714,230,986,4.286957,42,6,36,0,130,-12.7479,-3123.23,-74.36
70,70/800,11.428571,80,914,11.425000,57,3,54,0,115,-23.0766,-2192.28,-38.46
BEST_NET_R,SELL,03:30-04:00,370/411,net_R=7.3301,entries=17

SELL AVOIDED SLOT 04:30-05:00 (IST); raw_signals=137
rank,source_sl_tp,source_rr,sl_points,tp_points,actual_rr,entries,wins,losses,open,skipped,net_R,net_points,expectancy_points
1,220/800,3.636364,250,909,3.636000,35,12,23,0,102,18.5740,4922.11,140.63
2,220/800,3.636364,260,945,3.634615,35,12,23,0,102,18.5574,5103.28,145.81
3,220/800,3.636364,270,982,3.637037,33,11,22,0,104,16.0670,4579.10,138.76
4,70/400,5.714286,160,914,5.712500,41,8,33,0,96,10.2892,1800.61,43.92
5,70/400,5.714286,150,857,5.713333,42,8,34,0,95,9.2371,1524.12,36.29
6,220/800,3.636364,240,873,3.637500,36,10,26,0,101,8.2582,2105.84,58.50
7,70/600,8.571429,110,943,8.572727,47,6,41,0,90,7.6728,959.10,20.41
8,220/800,3.636364,230,836,3.634783,38,10,28,0,99,6.1134,1497.79,39.42
9,70/400,5.714286,140,800,5.714286,42,7,35,0,95,2.5304,392.21,9.34
10,70/300,4.285714,230,986,4.286957,38,8,30,0,99,2.0613,505.01,13.29
11,70/300,4.285714,220,943,4.286364,38,8,30,0,99,2.0565,483.28,12.72
12,70/300,4.285714,210,900,4.285714,38,8,30,0,99,2.0513,461.55,12.15
13,70/300,4.285714,200,857,4.285000,39,8,31,0,98,0.9868,212.16,5.44
14,70/300,4.285714,190,814,4.284211,39,8,31,0,98,0.9805,201.00,5.15
15,70/300,4.285714,180,771,4.283333,39,8,31,0,98,0.9735,189.83,4.87
16,220/800,3.636364,200,727,3.635000,39,9,30,0,98,0.4218,90.69,2.33
17,70/400,5.714286,130,743,5.715385,44,7,37,0,93,0.4205,60.97,1.39
18,70/300,4.285714,170,729,4.288235,40,8,32,0,97,-0.0461,-8.53,-0.21
19,270/300,1.111111,360,400,1.111111,16,8,8,0,121,-0.0519,-19.47,-1.22
20,270/300,1.111111,350,389,1.111429,18,9,9,0,119,-0.0555,-20.27,-1.13
21,270/300,1.111111,370,411,1.110811,15,7,8,0,122,-1.1063,-425.93,-28.40
22,70/300,4.285714,160,686,4.287500,41,8,33,0,96,-1.1108,-194.39,-4.74
23,270/300,1.111111,340,378,1.111765,19,9,10,0,118,-1.1113,-394.52,-20.76
24,70/400,5.714286,170,971,5.711765,40,6,34,0,97,-2.0814,-385.06,-9.63
25,270/300,1.111111,330,367,1.112121,20,9,11,0,117,-2.1669,-747.58,-37.38
26,70/300,4.285714,150,643,4.286667,42,8,34,0,95,-2.1763,-359.08,-8.55
27,220/800,3.636364,210,764,3.638095,38,8,30,0,99,-3.1296,-704.17,-18.53
28,270/300,1.111111,320,356,1.112500,21,9,12,0,116,-3.2223,-1079.47,-51.40
29,270/300,1.111111,250,278,1.112000,35,16,19,0,102,-3.2660,-865.49,-24.73
30,220/800,3.636364,180,655,3.638889,39,8,31,0,98,-4.1821,-815.51,-20.91
31,220/800,3.636364,190,691,3.636842,39,8,31,0,98,-4.1985,-860.68,-22.07
32,70/800,11.428571,80,914,11.425000,51,4,47,0,86,-4.2988,-408.39,-8.01
33,220/800,3.636364,170,618,3.635294,40,8,32,0,97,-5.2696,-974.88,-24.37
34,270/300,1.111111,280,311,1.110714,31,13,18,0,106,-5.3835,-1588.14,-51.23
35,270/300,1.111111,260,289,1.111538,35,15,20,0,102,-5.3849,-1480.85,-42.31
36,70/600,8.571429,80,686,8.575000,51,5,46,0,86,-6.1238,-581.76,-11.41
37,70/600,8.571429,100,857,8.570000,51,5,46,0,86,-6.1488,-707.11,-13.86
38,70/600,8.571429,90,771,8.566667,51,5,46,0,86,-6.1655,-647.37,-12.69
39,220/800,3.636364,160,582,3.637500,41,8,33,0,96,-6.3108,-1104.39,-26.94
40,270/300,1.111111,240,267,1.112500,36,15,21,0,101,-6.4293,-1639.47,-45.54
41,70/400,5.714286,120,686,5.716667,45,6,39,0,92,-7.3460,-991.71,-22.04
42,220/800,3.636364,150,545,3.633333,42,8,34,0,95,-7.4029,-1221.48,-29.08
43,70/300,4.285714,140,600,4.285714,42,7,35,0,95,-7.4696,-1157.79,-27.57
44,270/300,1.111111,310,344,1.109677,25,9,16,0,112,-7.4829,-2431.94,-97.28
45,270/300,1.111111,230,256,1.113043,38,15,23,0,99,-8.5387,-2091.99,-55.05
46,270/300,1.111111,290,322,1.110345,28,10,18,0,109,-8.5430,-2605.60,-93.06
47,70/400,5.714286,110,629,5.718182,47,6,41,0,90,-9.4545,-1181.81,-25.14
48,70/300,4.285714,130,557,4.284615,44,7,37,0,93,-9.5949,-1391.26,-31.62
49,270/300,1.111111,300,333,1.110000,27,9,18,0,110,-9.5976,-3023.24,-111.97
50,220/800,3.636364,140,509,3.635714,42,7,35,0,95,-12.0196,-1863.04,-44.36
51,70/400,5.714286,100,571,5.710000,51,6,45,0,86,-13.7388,-1579.96,-30.98
52,270/300,1.111111,180,200,1.111111,39,13,26,0,98,-13.8488,-2700.51,-69.24
53,270/300,1.111111,190,211,1.110526,39,13,26,0,98,-13.8564,-2840.55,-72.83
54,270/300,1.111111,200,222,1.110000,39,13,26,0,98,-13.8632,-2980.59,-76.43
55,220/800,3.636364,130,473,3.638462,44,7,37,0,93,-14.1180,-2047.11,-46.53
56,270/300,1.111111,210,233,1.109524,38,12,26,0,99,-14.9201,-3357.03,-88.34
57,270/300,1.111111,220,244,1.109091,38,12,26,0,99,-14.9253,-3507.45,-92.30
58,70/300,4.285714,120,514,4.283333,45,6,39,0,92,-15.9460,-2152.71,-47.84
59,220/800,3.636364,80,291,3.637500,51,8,43,0,86,-16.8988,-1605.39,-31.48
60,70/300,4.285714,110,471,4.281818,47,6,41,0,90,-18.0727,-2259.09,-48.07
61,220/800,3.636364,120,436,3.633333,45,6,39,0,92,-19.8460,-2679.21,-59.54
62,70/400,5.714286,80,457,5.712500,51,5,46,0,86,-20.4363,-1941.45,-38.07
63,70/400,5.714286,90,514,5.711111,51,5,46,0,86,-20.4432,-2146.54,-42.09
64,220/800,3.636364,90,327,3.633333,51,7,44,0,86,-21.5655,-2264.37,-44.40
65,220/800,3.636364,110,400,3.636364,47,6,41,0,90,-21.9454,-2743.18,-58.37
66,70/300,4.285714,100,429,4.290000,51,6,45,0,86,-22.2588,-2559.76,-50.19
67,70/300,4.285714,90,386,4.288889,51,6,45,0,86,-22.2655,-2337.87,-45.84
68,70/300,4.285714,80,343,4.287500,51,6,45,0,86,-22.2738,-2116.01,-41.49
69,220/800,3.636364,70,255,3.642857,54,7,47,0,83,-24.6752,-2097.39,-38.84
70,220/800,3.636364,100,364,3.640000,51,6,45,0,86,-26.1588,-3008.26,-58.99
BEST_NET_R,SELL,04:30-05:00,250/909,net_R=18.5740,entries=35

SELL AVOIDED SLOT 05:00-05:30 (IST); raw_signals=120
rank,source_sl_tp,source_rr,sl_points,tp_points,actual_rr,entries,wins,losses,open,skipped,net_R,net_points,expectancy_points
1,70/400,5.714286,90,514,5.711111,41,9,32,0,79,16.9892,1783.87,43.51
2,220/800,3.636364,80,291,3.637500,41,13,28,0,79,16.8767,1603.29,39.10
3,220/800,3.636364,90,327,3.633333,41,13,28,0,79,16.8225,1766.37,43.08
4,70/300,4.285714,90,386,4.288889,41,11,30,0,79,14.7670,1550.53,37.82
5,70/300,4.285714,80,343,4.287500,41,11,30,0,79,14.7517,1401.41,34.18
6,220/800,3.636364,100,364,3.640000,40,12,28,0,80,13.3280,1532.72,38.32
7,70/300,4.285714,140,600,4.285714,33,9,24,0,87,12.6310,1957.81,59.33
8,70/300,4.285714,130,557,4.284615,33,9,24,0,87,12.6211,1830.07,55.46
9,220/800,3.636364,170,618,3.635294,28,9,19,0,92,12.0712,2233.18,79.76
10,70/300,4.285714,120,514,4.283333,34,9,25,0,86,11.5508,1559.36,45.86
11,70/400,5.714286,100,571,5.710000,40,8,32,0,80,11.3280,1302.72,32.57
12,220/800,3.636364,160,582,3.637500,29,9,20,0,91,11.0323,1930.65,66.57
13,70/400,5.714286,120,686,5.716667,34,7,27,0,86,11.0175,1487.36,43.75
14,70/600,8.571429,110,943,8.572727,35,5,30,0,85,10.8056,1350.70,38.59
15,70/400,5.714286,80,457,5.712500,41,8,33,0,79,10.2892,977.47,23.84
16,70/400,5.714286,110,629,5.718182,35,7,28,0,85,9.9693,1246.16,35.60
17,70/300,4.285714,150,643,4.286667,32,8,24,0,88,8.4117,1387.94,43.37
18,220/800,3.636364,150,545,3.633333,32,9,23,0,88,7.8184,1290.04,40.31
19,220/800,3.636364,180,655,3.638889,28,8,20,0,92,7.4647,1455.62,51.99
20,220/800,3.636364,130,473,3.638462,33,9,24,0,87,6.8058,986.83,29.90
21,220/800,3.636364,140,509,3.635714,33,9,24,0,87,6.7810,1051.06,31.85
22,220/800,3.636364,70,255,3.642857,42,11,31,0,78,6.6018,561.16,13.36
23,70/300,4.285714,160,686,4.287500,29,7,22,0,91,6.3073,1103.78,38.06
24,70/800,11.428571,80,914,11.425000,41,4,37,0,79,6.2892,597.47,14.57
25,220/800,3.636364,120,436,3.633333,34,9,25,0,86,5.7008,769.61,22.64
26,70/600,8.571429,100,857,8.570000,40,5,35,0,80,5.4980,632.27,15.81
27,70/300,4.285714,110,471,4.281818,35,8,27,0,85,5.1965,649.57,18.56
28,220/800,3.636364,110,400,3.636364,35,9,26,0,85,4.6693,583.66,16.68
29,70/600,8.571429,90,771,8.566667,41,5,36,0,79,4.4225,464.37,11.33
30,270/300,1.111111,230,256,1.113043,24,14,10,0,96,4.1714,1022.00,42.58
31,270/300,1.111111,180,200,1.111111,28,16,12,0,92,4.1314,805.62,28.77
32,270/300,1.111111,220,244,1.109091,24,14,10,0,96,4.1161,967.28,40.30
33,270/300,1.111111,210,233,1.109524,26,15,11,0,94,4.1141,925.66,35.60
34,70/400,5.714286,170,971,5.711765,28,5,23,0,92,3.9124,723.80,25.85
35,220/800,3.636364,190,691,3.636842,27,7,20,0,93,3.8703,793.41,29.39
36,270/300,1.111111,190,211,1.110526,27,15,12,0,93,3.0703,629.41,23.31
37,270/300,1.111111,200,222,1.110000,27,15,12,0,93,3.0624,658.42,24.39
38,70/400,5.714286,160,914,5.712500,29,5,24,0,91,2.8573,500.03,17.24
39,270/300,1.111111,240,267,1.112500,24,13,11,0,96,2.0513,523.08,21.80
40,70/300,4.285714,230,986,4.286957,24,5,19,0,96,1.0236,250.78,10.45
41,70/300,4.285714,220,943,4.286364,24,5,19,0,96,1.0206,239.85,9.99
42,70/300,4.285714,100,429,4.290000,40,8,32,0,80,-0.0320,-3.68,-0.09
43,270/300,1.111111,260,289,1.111538,22,11,11,0,98,-0.0667,-18.34,-0.83
44,270/300,1.111111,250,278,1.112000,24,12,12,0,96,-0.0672,-17.81,-0.74
45,70/400,5.714286,150,857,5.713333,32,5,27,0,88,-0.3149,-51.96,-1.62
46,220/800,3.636364,200,727,3.635000,27,6,21,0,93,-0.7776,-167.18,-6.19
47,70/300,4.285714,210,900,4.285714,26,5,21,0,94,-1.1002,-247.55,-9.52
48,70/400,5.714286,130,743,5.715385,33,5,28,0,87,-1.3635,-197.70,-5.99
49,70/400,5.714286,140,800,5.714286,33,5,28,0,87,-1.3690,-212.19,-6.43
50,270/300,1.111111,350,389,1.111429,8,3,5,0,112,-2.1361,-779.68,-97.46
51,70/300,4.285714,200,857,4.285000,27,5,22,0,93,-2.1626,-464.96,-17.22
52,70/300,4.285714,190,814,4.284211,27,5,22,0,93,-2.1665,-444.14,-16.45
53,220/800,3.636364,240,873,3.637500,24,5,19,0,96,-2.2237,-567.04,-23.63
54,220/800,3.636364,250,909,3.636000,24,5,19,0,96,-2.2312,-591.27,-24.64
55,220/800,3.636364,230,836,3.634783,24,5,19,0,96,-2.2373,-548.14,-22.84
56,270/300,1.111111,360,400,1.111111,7,2,5,0,113,-3.1894,-1196.02,-170.86
57,270/300,1.111111,370,411,1.110811,7,2,5,0,113,-3.1900,-1228.14,-175.45
58,270/300,1.111111,340,378,1.111765,9,3,6,0,111,-3.1939,-1133.84,-125.98
59,70/300,4.285714,170,729,4.288235,28,5,23,0,92,-3.2052,-592.97,-21.18
60,270/300,1.111111,280,311,1.110714,17,7,10,0,103,-3.2246,-951.26,-55.96
61,70/300,4.285714,180,771,4.283333,28,5,23,0,92,-3.2297,-629.80,-22.49
62,270/300,1.111111,330,367,1.112121,10,3,7,0,110,-4.2516,-1466.81,-146.68
63,220/800,3.636364,210,764,3.638095,26,5,21,0,94,-4.3383,-976.12,-37.54
64,220/800,3.636364,270,982,3.637037,22,4,18,0,98,-4.7455,-1352.45,-61.48
65,220/800,3.636364,260,945,3.634615,22,4,18,0,98,-4.7551,-1307.66,-59.44
66,70/600,8.571429,80,686,8.575000,41,4,37,0,79,-5.1108,-485.53,-11.84
67,270/300,1.111111,320,356,1.112500,11,3,8,0,109,-5.3093,-1778.62,-161.69
68,270/300,1.111111,290,322,1.110345,15,5,10,0,105,-5.3303,-1625.73,-108.38
69,270/300,1.111111,310,344,1.109677,12,3,9,0,108,-6.3766,-2072.38,-172.70
70,270/300,1.111111,300,333,1.110000,14,4,10,0,106,-6.3832,-2010.71,-143.62
BEST_NET_R,SELL,05:00-05:30,90/514,net_R=16.9892,entries=41

SELL AVOIDED SLOT 08:00-08:30 (IST); raw_signals=119
rank,source_sl_tp,source_rr,sl_points,tp_points,actual_rr,entries,wins,losses,open,skipped,net_R,net_points,expectancy_points
1,70/400,5.714286,80,457,5.712500,51,11,40,0,68,19.8387,1884.68,36.95
2,70/400,5.714286,90,514,5.711111,50,10,40,0,69,14.1711,1487.97,29.76
3,70/300,4.285714,110,471,4.281818,47,12,35,0,72,13.6182,1702.28,36.22
4,70/600,8.571429,80,686,8.575000,51,7,44,0,68,13.0262,1237.49,24.26
5,220/800,3.636364,130,473,3.638462,45,13,32,0,74,12.6540,1834.83,40.77
6,220/800,3.636364,90,327,3.633333,50,14,36,0,69,11.9267,1252.30,25.05
7,70/300,4.285714,100,429,4.290000,49,12,37,0,70,11.5988,1333.86,27.22
8,220/800,3.636364,120,436,3.633333,46,13,33,0,73,11.5285,1556.35,33.83
9,70/300,4.285714,90,386,4.288889,50,12,38,0,69,10.5267,1105.30,22.11
10,270/300,1.111111,280,311,1.110714,24,17,7,0,95,10.4709,3088.93,128.71
11,220/800,3.636364,70,255,3.642857,52,14,38,0,67,9.9424,845.10,16.25
12,70/300,4.285714,120,514,4.283333,46,11,35,0,73,9.4119,1270.60,27.62
13,220/800,3.636364,210,764,3.638095,35,10,25,0,84,9.3230,2097.66,59.93
14,70/400,5.714286,100,571,5.710000,49,9,40,0,70,8.5088,978.51,19.97
15,270/300,1.111111,300,333,1.110000,18,13,5,0,101,8.3716,2637.05,146.50
16,270/300,1.111111,310,344,1.109677,18,13,5,0,101,8.3674,2719.41,151.08
17,70/800,11.428571,80,914,11.425000,51,5,46,0,68,8.1262,771.99,15.14
18,220/800,3.636364,140,509,3.635714,45,12,33,0,74,7.9826,1237.30,27.50
19,270/300,1.111111,350,389,1.111429,11,9,2,0,108,7.3561,2684.96,244.09
20,270/300,1.111111,320,356,1.112500,17,12,5,0,102,7.3504,2462.38,144.85
21,270/300,1.111111,260,289,1.111538,27,17,10,0,92,7.3086,2009.85,74.44
22,270/300,1.111111,210,233,1.109524,35,21,14,0,84,7.2420,1629.45,46.56
23,220/800,3.636364,150,545,3.633333,42,11,31,0,77,6.4971,1072.02,25.52
24,220/800,3.636364,80,291,3.637500,51,13,38,0,68,6.2887,597.43,11.71
25,220/800,3.636364,110,400,3.636364,47,12,35,0,72,5.8728,734.10,15.62
26,270/300,1.111111,360,400,1.111111,9,7,2,0,110,5.2486,1968.22,218.69
27,70/300,4.285714,140,600,4.285714,45,10,35,0,74,5.2111,807.73,17.95
28,270/300,1.111111,250,278,1.112000,27,16,11,0,92,5.2044,1379.17,51.08
29,70/300,4.285714,130,557,4.284615,45,10,35,0,74,5.2002,754.02,16.76
30,270/300,1.111111,290,322,1.110345,21,13,8,0,98,5.1997,1585.90,75.52
31,220/800,3.636364,170,618,3.635294,39,10,29,0,80,5.0597,936.05,24.00
32,70/600,8.571429,90,771,8.566667,50,6,44,0,69,4.4600,468.30,9.37
33,270/300,1.111111,370,411,1.110811,8,6,2,0,111,4.1945,1614.87,201.86
34,70/300,4.285714,80,343,4.287500,51,11,40,0,68,4.1637,395.55,7.76
35,270/300,1.111111,230,256,1.113043,32,18,14,0,87,4.1532,1017.53,31.80
36,270/300,1.111111,200,222,1.110000,36,20,16,0,83,4.0832,877.89,24.39
37,270/300,1.111111,220,244,1.109091,34,19,15,0,85,4.0735,957.28,28.16
38,220/800,3.636364,160,582,3.637500,40,10,30,0,79,4.0230,704.03,17.60
39,70/400,5.714286,110,629,5.718182,47,8,39,0,72,3.9819,497.73,10.59
40,220/800,3.636364,100,364,3.640000,49,12,37,0,70,3.7988,436.86,8.92
41,220/800,3.636364,200,727,3.635000,36,9,27,0,83,3.5982,773.61,21.49
42,270/300,1.111111,330,367,1.112121,15,9,6,0,104,3.1271,1078.85,71.92
43,270/300,1.111111,340,378,1.111765,15,9,6,0,104,3.1239,1108.98,73.93
44,70/300,4.285714,150,643,4.286667,42,9,33,0,77,3.1104,513.22,12.22
45,270/300,1.111111,240,267,1.112500,29,16,13,0,90,3.0948,789.17,27.21
46,270/300,1.111111,190,211,1.110526,37,20,17,0,82,3.0349,622.16,16.82
47,220/800,3.636364,190,691,3.636842,37,9,28,0,82,2.5560,523.98,14.16
48,70/300,4.285714,180,771,4.283333,38,8,30,0,81,2.0323,396.29,10.43
49,270/300,1.111111,180,200,1.111111,38,20,18,0,81,1.9878,387.63,10.20
50,220/800,3.636364,180,655,3.638889,38,9,29,0,81,1.5156,295.54,7.78
51,70/300,4.285714,170,729,4.288235,39,8,31,0,80,1.0127,187.35,4.80
52,70/300,4.285714,160,686,4.287500,40,8,32,0,79,-0.0520,-9.10,-0.23
53,70/400,5.714286,120,686,5.716667,46,7,39,0,73,-1.6881,-227.90,-4.95
54,70/400,5.714286,130,743,5.715385,45,6,39,0,74,-7.3537,-1066.29,-23.70
55,70/300,4.285714,190,814,4.284211,37,6,31,0,82,-7.4703,-1531.42,-41.39
56,220/800,3.636364,230,836,3.634783,32,5,27,0,87,-10.7077,-2623.38,-81.98
57,70/400,5.714286,150,857,5.713333,42,5,37,0,77,-10.9029,-1798.98,-42.83
58,220/800,3.636364,270,982,3.637037,24,3,21,0,95,-11.5001,-3277.53,-136.56
59,70/300,4.285714,200,857,4.285000,36,5,31,0,83,-11.6918,-2513.74,-69.83
60,220/800,3.636364,240,873,3.637500,29,4,25,0,90,-12.1552,-3099.58,-106.88
61,70/300,4.285714,230,986,4.286957,32,4,28,0,87,-12.7338,-3119.77,-97.49
62,70/600,8.571429,100,857,8.570000,49,4,45,0,70,-13.6012,-1564.14,-31.92
63,70/400,5.714286,140,800,5.714286,45,5,40,0,74,-14.0746,-2181.56,-48.48
64,70/400,5.714286,170,971,5.711765,39,4,35,0,80,-14.4461,-2672.54,-68.53
65,220/800,3.636364,250,909,3.636000,27,3,24,0,92,-14.6796,-3890.09,-144.08
66,220/800,3.636364,260,945,3.634615,27,3,24,0,92,-14.6838,-4038.03,-149.56
67,70/300,4.285714,220,943,4.286364,34,4,30,0,85,-14.8537,-3490.63,-102.67
68,70/400,5.714286,160,914,5.712500,40,4,36,0,79,-15.5020,-2712.85,-67.82
69,70/300,4.285714,210,900,4.285714,35,4,31,0,84,-15.9151,-3580.91,-102.31
70,70/600,8.571429,110,943,8.572727,47,3,44,0,72,-21.0454,-2630.68,-55.97
BEST_NET_R,SELL,08:00-08:30,80/457,net_R=19.8387,entries=51

SELL AVOIDED SLOT 09:00-09:30 (IST); raw_signals=80
rank,source_sl_tp,source_rr,sl_points,tp_points,actual_rr,entries,wins,losses,open,skipped,net_R,net_points,expectancy_points
1,220/800,3.636364,260,945,3.634615,23,8,15,0,57,12.7245,3499.24,152.14
2,70/300,4.285714,230,986,4.286957,23,7,16,0,57,12.6563,3100.79,134.82
3,70/300,4.285714,220,943,4.286364,24,7,17,0,56,11.5933,2724.44,113.52
4,70/400,5.714286,160,914,5.712500,28,6,22,0,52,10.6286,1860.01,66.43
5,70/400,5.714286,170,971,5.711765,28,6,22,0,52,10.6242,1965.47,70.20
6,70/300,4.285714,210,900,4.285714,25,7,18,0,55,10.5300,2369.25,94.77
7,220/800,3.636364,200,727,3.635000,26,8,18,0,54,9.5512,2053.51,78.98
8,70/300,4.285714,200,857,4.285000,26,7,19,0,54,9.4662,2035.23,78.28
9,270/300,1.111111,230,256,1.113043,23,16,7,0,57,9.4563,2316.79,100.73
10,270/300,1.111111,260,289,1.111538,23,16,7,0,57,9.4322,2593.86,112.78
11,270/300,1.111111,210,233,1.109524,25,17,8,0,55,9.3919,2113.18,84.53
12,220/800,3.636364,270,982,3.637037,22,7,15,0,58,9.1657,2612.21,118.74
13,270/300,1.111111,180,200,1.111111,28,18,10,0,52,8.3536,1628.95,58.18
14,270/300,1.111111,190,211,1.110526,26,17,9,0,54,8.3501,1711.78,65.84
15,270/300,1.111111,200,222,1.110000,26,17,9,0,54,8.3412,1793.36,68.98
16,270/300,1.111111,220,244,1.109091,24,16,8,0,56,8.3343,1958.55,81.61
17,220/800,3.636364,240,873,3.637500,23,7,16,0,57,8.1101,2068.08,89.92
18,220/800,3.636364,250,909,3.636000,23,7,16,0,57,8.0996,2146.39,93.32
19,220/800,3.636364,230,836,3.634783,23,7,16,0,57,8.0911,1982.31,86.19
20,70/300,4.285714,170,729,4.288235,28,7,21,0,52,7.3712,1363.68,48.70
21,70/300,4.285714,160,686,4.287500,28,7,21,0,52,7.3661,1289.07,46.04
22,270/300,1.111111,240,267,1.112500,23,15,8,0,57,7.3351,1870.45,81.32
23,270/300,1.111111,250,278,1.112000,23,15,8,0,57,7.3276,1941.81,84.43
24,220/800,3.636364,210,764,3.638095,25,7,18,0,55,5.9967,1349.25,53.97
25,220/800,3.636364,190,691,3.636842,26,7,19,0,54,4.9291,1010.46,38.86
26,70/300,4.285714,190,814,4.284211,26,6,20,0,54,4.1765,856.17,32.93
27,270/300,1.111111,280,311,1.110714,22,13,9,0,58,4.1457,1222.98,55.59
28,270/300,1.111111,300,333,1.110000,19,11,8,0,61,3.0928,974.23,51.28
29,270/300,1.111111,310,344,1.109677,19,11,8,0,61,3.0893,1004.01,52.84
30,220/800,3.636364,180,655,3.638889,28,7,21,0,52,2.8258,551.04,19.68
31,220/800,3.636364,160,582,3.637500,28,7,21,0,52,2.8161,492.82,17.60
32,220/800,3.636364,170,618,3.635294,28,7,21,0,52,2.8007,518.12,18.50
33,270/300,1.111111,320,356,1.112500,18,10,8,0,62,2.0666,692.31,38.46
34,270/300,1.111111,330,367,1.112121,18,10,8,0,62,2.0628,711.67,39.54
35,70/300,4.285714,180,771,4.283333,28,6,22,0,52,2.0536,400.45,14.30
36,270/300,1.111111,290,322,1.110345,20,11,9,0,60,2.0378,621.53,31.08
37,270/300,1.111111,340,378,1.111765,15,8,7,0,65,1.0121,359.30,23.95
38,270/300,1.111111,360,400,1.111111,11,5,6,0,69,-1.0912,-409.22,-37.20
39,270/300,1.111111,370,411,1.110811,11,5,6,0,69,-1.0927,-420.71,-38.25
40,270/300,1.111111,350,389,1.111429,13,6,7,0,67,-1.0958,-399.98,-30.77
41,70/300,4.285714,150,643,4.286667,29,4,25,0,51,-9.5585,-1577.16,-54.38
42,70/400,5.714286,150,857,5.713333,29,3,26,0,51,-10.5652,-1743.26,-60.11
43,220/800,3.636364,90,327,3.633333,33,5,28,0,47,-11.7737,-1236.24,-37.46
44,220/800,3.636364,150,545,3.633333,29,4,25,0,51,-12.1719,-2008.36,-69.25
45,220/800,3.636364,70,255,3.642857,34,5,29,0,46,-12.7849,-1086.72,-31.96
46,220/800,3.636364,80,291,3.637500,34,5,29,0,46,-12.8117,-1217.11,-35.80
47,70/400,5.714286,120,686,5.716667,32,3,29,0,48,-13.7316,-1853.77,-57.93
48,70/300,4.285714,110,471,4.281818,33,4,29,0,47,-13.8131,-1726.64,-52.32
49,70/400,5.714286,110,629,5.718182,33,3,30,0,47,-14.7859,-1848.23,-56.01
50,70/300,4.285714,80,343,4.287500,34,4,30,0,46,-14.8492,-1410.67,-41.49
51,220/800,3.636364,120,436,3.633333,32,4,28,0,48,-15.3483,-2072.02,-64.75
52,70/600,8.571429,110,943,8.572727,33,2,31,0,47,-15.7949,-1974.37,-59.83
53,70/400,5.714286,80,457,5.712500,34,3,31,0,46,-15.8617,-1506.86,-44.32
54,220/800,3.636364,110,400,3.636364,33,4,29,0,47,-16.3949,-2049.37,-62.10
55,220/800,3.636364,130,473,3.638462,29,3,26,0,51,-16.7898,-2434.52,-83.95
56,220/800,3.636364,140,509,3.635714,29,3,26,0,51,-16.7981,-2603.70,-89.78
57,70/300,4.285714,120,514,4.283333,32,3,29,0,48,-18.0316,-2434.27,-76.07
58,70/300,4.285714,100,429,4.290000,33,3,30,0,47,-19.0704,-2193.10,-66.46
59,70/300,4.285714,90,386,4.288889,33,3,30,0,47,-19.0737,-2002.74,-60.69
60,70/300,4.285714,140,600,4.285714,29,2,27,0,51,-20.1338,-3120.73,-107.61
61,70/300,4.285714,130,557,4.284615,29,2,27,0,51,-20.1360,-2919.72,-100.68
62,220/800,3.636364,100,364,3.640000,33,3,30,0,47,-21.0204,-2417.35,-73.25
63,70/400,5.714286,90,514,5.711111,33,2,31,0,47,-21.5182,-2259.41,-68.47
64,70/400,5.714286,100,571,5.710000,33,2,31,0,47,-21.5204,-2474.85,-75.00
65,70/800,11.428571,80,914,11.425000,34,1,33,0,46,-23.5742,-2239.55,-65.87
66,70/400,5.714286,130,743,5.715385,29,1,28,0,51,-23.9898,-3478.52,-119.95
67,70/400,5.714286,140,800,5.714286,29,1,28,0,51,-23.9909,-3718.59,-128.23
68,70/600,8.571429,100,857,8.570000,33,1,32,0,47,-25.3704,-2917.60,-88.41
69,70/600,8.571429,90,771,8.566667,33,1,32,0,47,-25.3737,-2664.24,-80.73
70,70/600,8.571429,80,686,8.575000,34,1,33,0,46,-26.4242,-2510.30,-73.83
BEST_NET_R,SELL,09:00-09:30,260/945,net_R=12.7245,entries=23

SELL AVOIDED SLOT 09:30-10:00 (IST); raw_signals=107
rank,source_sl_tp,source_rr,sl_points,tp_points,actual_rr,entries,wins,losses,open,skipped,net_R,net_points,expectancy_points
1,70/300,4.285714,140,600,4.285714,36,11,25,0,71,20.0261,3104.04,86.22
2,70/400,5.714286,90,514,5.711111,39,9,30,0,68,19.1068,2006.21,51.44
3,70/400,5.714286,80,457,5.712500,40,9,31,0,67,18.0605,1715.75,42.89
4,220/800,3.636364,160,582,3.637500,33,11,22,0,74,16.0721,2812.62,85.23
5,220/800,3.636364,170,618,3.635294,33,11,22,0,74,16.0478,2968.85,89.97
6,220/800,3.636364,70,255,3.642857,42,13,29,0,65,15.8875,1350.44,32.15
7,70/300,4.285714,80,343,4.287500,40,11,29,0,67,15.8105,1502.00,37.55
8,70/600,8.571429,80,686,8.575000,40,6,34,0,67,15.0980,1434.31,35.86
9,70/400,5.714286,130,743,5.715385,37,8,29,0,70,14.5475,2109.38,57.01
10,220/800,3.636364,90,327,3.633333,39,12,27,0,68,14.3068,1502.21,38.52
11,220/800,3.636364,150,545,3.633333,35,11,24,0,72,13.9087,2294.93,65.57
12,70/300,4.285714,130,557,4.284615,37,10,27,0,70,13.6706,1982.23,53.57
13,220/800,3.636364,200,727,3.635000,31,10,21,0,76,13.5272,2908.35,93.82
14,70/400,5.714286,100,571,5.710000,38,8,30,0,69,13.4456,1546.24,40.69
15,220/800,3.636364,80,291,3.637500,40,12,28,0,67,13.2980,1263.31,31.58
16,220/800,3.636364,140,509,3.635714,36,11,25,0,71,12.8761,1995.79,55.44
17,70/300,4.285714,170,729,4.288235,33,9,24,0,74,12.6537,2340.94,70.94
18,70/300,4.285714,160,686,4.287500,33,9,24,0,74,12.6471,2213.24,67.07
19,70/300,4.285714,180,771,4.283333,33,9,24,0,74,12.6096,2458.87,74.51
20,220/800,3.636364,180,655,3.638889,33,10,23,0,74,11.4485,2232.46,67.65
21,70/300,4.285714,150,643,4.286667,35,9,26,0,72,10.5220,1736.13,49.60
22,270/300,1.111111,240,267,1.112500,24,17,7,0,83,10.5013,2677.83,111.58
23,270/300,1.111111,260,289,1.111538,24,17,7,0,83,10.4850,2883.36,120.14
24,270/300,1.111111,190,211,1.110526,32,21,11,0,75,10.4395,2140.09,66.88
25,220/800,3.636364,210,764,3.638095,30,9,21,0,77,9.9789,2245.24,74.84
26,270/300,1.111111,180,200,1.111111,33,21,12,0,74,9.3929,1831.62,55.50
27,70/400,5.714286,140,800,5.714286,36,7,29,0,71,8.8832,1376.90,38.25
28,70/300,4.285714,190,814,4.284211,32,8,24,0,75,8.3921,1720.38,53.76
29,270/300,1.111111,250,278,1.112000,24,16,8,0,83,8.3808,2220.91,92.54
30,70/300,4.285714,120,514,4.283333,37,9,28,0,70,8.3744,1130.54,30.56
31,270/300,1.111111,280,311,1.110714,20,14,6,0,87,8.3740,2470.33,123.52
32,220/800,3.636364,190,691,3.636842,32,9,23,0,75,7.8500,1609.25,50.29
33,70/400,5.714286,120,686,5.716667,37,7,30,0,70,7.8411,1058.54,28.61
34,70/800,11.428571,80,914,11.425000,40,4,36,0,67,7.3480,698.06,17.45
35,270/300,1.111111,230,256,1.113043,27,17,10,0,80,7.3341,1796.86,66.55
36,270/300,1.111111,300,333,1.110000,17,12,5,0,90,7.3204,2305.93,135.64
37,270/300,1.111111,290,322,1.110345,19,13,6,0,88,7.3173,2231.77,117.46
38,270/300,1.111111,200,222,1.110000,31,19,12,0,76,7.2672,1562.45,50.40
39,270/300,1.111111,220,244,1.109091,29,18,11,0,78,7.2584,1705.73,58.82
40,220/800,3.636364,130,473,3.638462,37,10,27,0,70,7.2090,1045.31,28.25
41,220/800,3.636364,260,945,3.634615,24,7,17,0,83,7.0311,1933.55,80.56
42,70/600,8.571429,90,771,8.566667,39,5,34,0,68,6.5401,686.71,17.61
43,70/300,4.285714,90,386,4.288889,39,9,30,0,68,6.3068,662.21,16.98
44,70/300,4.285714,220,943,4.286364,29,7,22,0,78,6.2993,1480.35,51.05
45,270/300,1.111111,310,344,1.109677,16,11,5,0,91,6.2657,2036.34,127.27
46,270/300,1.111111,210,233,1.109524,30,18,12,0,77,6.2074,1396.67,46.56
47,220/800,3.636364,100,364,3.640000,38,10,28,0,69,6.1656,709.04,18.66
48,70/400,5.714286,160,914,5.712500,33,6,27,0,74,5.3346,933.56,28.29
49,270/300,1.111111,330,367,1.112121,13,9,4,0,94,5.2447,1809.42,139.19
50,70/300,4.285714,210,900,4.285714,30,7,23,0,77,5.2360,1178.10,39.27
51,270/300,1.111111,320,356,1.112500,14,9,5,0,93,4.1893,1403.42,100.24
52,70/300,4.285714,200,857,4.285000,31,7,24,0,76,4.1722,897.02,28.94
53,220/800,3.636364,230,836,3.634783,27,7,20,0,80,3.8559,944.69,34.99
54,70/400,5.714286,150,857,5.713333,35,6,29,0,72,3.2220,531.63,15.19
55,220/800,3.636364,120,436,3.633333,37,9,28,0,70,2.5244,340.79,9.21
56,220/800,3.636364,240,873,3.637500,24,6,18,0,83,2.4138,615.52,25.65
57,220/800,3.636364,250,909,3.636000,24,6,18,0,83,2.4048,637.27,26.55
58,70/300,4.285714,100,429,4.290000,38,8,30,0,69,2.0856,239.84,6.31
59,270/300,1.111111,340,378,1.111765,12,7,5,0,95,2.0768,737.25,61.44
60,270/300,1.111111,350,389,1.111429,12,7,5,0,95,2.0744,757.16,63.10
61,270/300,1.111111,360,400,1.111111,12,7,5,0,95,2.0722,777.07,64.76
62,70/300,4.285714,110,471,4.281818,38,8,30,0,69,2.0201,252.52,6.65
63,70/400,5.714286,110,629,5.718182,38,6,32,0,69,0.0747,9.34,0.25
64,270/300,1.111111,370,411,1.110811,10,5,5,0,97,-0.0339,-13.07,-1.31
65,70/400,5.714286,170,971,5.711765,33,5,28,0,74,-1.3816,-255.59,-7.75
66,70/600,8.571429,110,943,8.572727,38,4,34,0,69,-1.9435,-242.94,-6.39
67,70/600,8.571429,100,857,8.570000,38,4,34,0,69,-1.9544,-224.76,-5.91
68,70/300,4.285714,230,986,4.286957,27,5,22,0,80,-2.1528,-527.44,-19.53
69,220/800,3.636364,270,982,3.637037,20,4,16,0,87,-2.6279,-748.94,-37.45
70,220/800,3.636364,110,400,3.636364,38,8,30,0,69,-3.1435,-392.94,-10.34
BEST_NET_R,SELL,09:30-10:00,140/600,net_R=20.0261,entries=36

SELL AVOIDED SLOT 10:00-10:30 (IST); raw_signals=85
rank,source_sl_tp,source_rr,sl_points,tp_points,actual_rr,entries,wins,losses,open,skipped,net_R,net_points,expectancy_points
1,220/800,3.636364,270,982,3.637037,21,7,14,0,64,10.2245,2913.97,138.76
2,220/800,3.636364,260,945,3.634615,22,6,16,0,63,4.5141,1241.38,56.43
3,270/300,1.111111,250,278,1.112000,24,14,10,0,61,4.1568,1101.55,45.90
4,270/300,1.111111,320,356,1.112500,17,10,7,0,68,3.1254,1047.01,61.59
5,270/300,1.111111,330,367,1.112121,17,10,7,0,68,3.1216,1076.96,63.35
6,270/300,1.111111,290,322,1.110345,19,11,8,0,66,3.0966,944.46,49.71
7,220/800,3.636364,250,909,3.636000,24,6,18,0,61,2.4048,637.27,26.55
8,270/300,1.111111,260,289,1.111538,22,12,10,0,63,2.0449,562.34,25.56
9,270/300,1.111111,280,311,1.110714,20,11,9,0,65,2.0419,602.35,30.12
10,270/300,1.111111,300,333,1.110000,18,10,8,0,67,2.0416,643.10,35.73
11,270/300,1.111111,310,344,1.109677,18,10,8,0,67,2.0384,662.47,36.80
12,270/300,1.111111,350,389,1.111429,13,7,6,0,72,1.0156,370.69,28.51
13,270/300,1.111111,240,267,1.112500,25,13,12,0,60,0.9925,253.09,10.12
14,270/300,1.111111,210,233,1.109524,27,14,13,0,58,0.9457,212.79,7.88
15,270/300,1.111111,370,411,1.110811,10,5,5,0,75,-0.0339,-13.07,-1.31
16,270/300,1.111111,340,378,1.111765,14,7,7,0,71,-0.0408,-14.50,-1.04
17,220/800,3.636364,210,764,3.638095,27,6,21,0,58,-0.7590,-170.78,-6.33
18,270/300,1.111111,360,400,1.111111,11,5,6,0,74,-1.0912,-409.22,-37.20
19,270/300,1.111111,230,256,1.113043,27,13,14,0,58,-1.1180,-273.92,-10.15
20,270/300,1.111111,220,244,1.109091,27,13,14,0,58,-1.1694,-274.81,-10.18
21,70/300,4.285714,230,986,4.286957,27,5,22,0,58,-2.1528,-527.44,-19.53
22,70/300,4.285714,220,943,4.286364,27,5,22,0,58,-2.1558,-506.61,-18.76
23,70/300,4.285714,210,900,4.285714,27,5,22,0,58,-2.1590,-485.78,-17.99
24,270/300,1.111111,180,200,1.111111,29,13,16,0,56,-3.2608,-635.85,-21.93
25,270/300,1.111111,200,222,1.110000,27,12,15,0,58,-3.2676,-702.53,-26.02
26,270/300,1.111111,190,211,1.110526,29,13,16,0,56,-3.2684,-670.01,-23.10
27,220/800,3.636364,240,873,3.637500,25,5,20,0,60,-3.2825,-837.04,-33.48
28,70/400,5.714286,170,971,5.711765,29,4,25,0,56,-3.8581,-713.76,-24.61
29,70/300,4.285714,180,771,4.283333,29,5,24,0,56,-4.2885,-836.26,-28.84
30,220/800,3.636364,200,727,3.635000,27,5,22,0,58,-5.4126,-1163.71,-43.10
31,220/800,3.636364,230,836,3.634783,27,5,22,0,58,-5.4137,-1326.35,-49.12
32,70/400,5.714286,130,743,5.715385,32,4,28,0,53,-7.0201,-1017.91,-31.81
33,70/300,4.285714,200,857,4.285000,27,4,23,0,58,-7.4476,-1601.23,-59.30
34,220/800,3.636364,180,655,3.638889,29,5,24,0,56,-7.5108,-1464.60,-50.50
35,220/800,3.636364,190,691,3.636842,29,5,24,0,56,-7.5210,-1541.80,-53.17
36,70/300,4.285714,170,729,4.288235,29,4,25,0,56,-9.5523,-1767.17,-60.94
37,70/300,4.285714,190,814,4.284211,29,4,25,0,56,-9.5684,-1961.51,-67.64
38,220/800,3.636364,100,364,3.640000,36,6,30,0,49,-10.2768,-1181.83,-32.83
39,220/800,3.636364,90,327,3.633333,36,6,30,0,49,-10.3168,-1083.26,-30.09
40,70/400,5.714286,160,914,5.712500,29,3,26,0,56,-10.5677,-1849.35,-63.77
41,70/400,5.714286,100,571,5.710000,36,4,32,0,49,-11.2768,-1296.83,-36.02
42,220/800,3.636364,170,618,3.635294,29,4,25,0,56,-12.1640,-2250.34,-77.60
43,70/400,5.714286,150,857,5.713333,31,3,28,0,54,-12.6828,-2092.66,-67.51
44,70/300,4.285714,80,343,4.287500,37,5,32,0,48,-12.7381,-1210.12,-32.71
45,70/300,4.285714,140,600,4.285714,32,4,28,0,53,-12.7387,-1974.51,-61.70
46,70/300,4.285714,130,557,4.284615,32,4,28,0,53,-12.7431,-1847.76,-57.74
47,220/800,3.636364,70,255,3.642857,39,6,33,0,46,-13.4361,-1142.06,-29.28
48,70/400,5.714286,140,800,5.714286,32,3,29,0,53,-13.7387,-2129.51,-66.55
49,70/300,4.285714,160,686,4.287500,29,3,26,0,56,-14.8427,-2597.47,-89.57
50,220/800,3.636364,130,473,3.638462,32,4,28,0,53,-15.3278,-2222.52,-69.45
51,220/800,3.636364,140,509,3.635714,32,4,28,0,53,-15.3387,-2377.51,-74.30
52,70/400,5.714286,120,686,5.716667,34,3,31,0,51,-15.8492,-2139.64,-62.93
53,220/800,3.636364,80,291,3.637500,37,5,32,0,48,-15.9881,-1518.87,-41.05
54,220/800,3.636364,160,582,3.637500,29,3,26,0,56,-16.7927,-2938.72,-101.34
55,70/300,4.285714,100,429,4.290000,36,4,32,0,49,-16.9568,-1950.03,-54.17
56,70/300,4.285714,90,386,4.288889,36,4,32,0,49,-16.9612,-1780.93,-49.47
57,70/300,4.285714,150,643,4.286667,31,3,28,0,54,-16.9628,-2798.86,-90.29
58,70/400,5.714286,90,514,5.711111,36,3,33,0,49,-17.9835,-1888.26,-52.45
59,220/800,3.636364,110,400,3.636364,35,4,31,0,50,-18.5125,-2314.07,-66.12
60,220/800,3.636364,150,545,3.633333,31,3,28,0,54,-18.9228,-3122.26,-100.72
61,70/400,5.714286,80,457,5.712500,37,3,34,0,48,-19.0381,-1808.62,-48.88
62,70/600,8.571429,80,686,8.575000,37,2,35,0,48,-20.0256,-1902.43,-51.42
63,70/300,4.285714,120,514,4.283333,34,3,31,0,51,-20.1492,-2720.14,-80.00
64,70/300,4.285714,110,471,4.281818,35,3,32,0,50,-21.2125,-2651.57,-75.76
65,220/800,3.636364,120,436,3.633333,34,3,31,0,51,-22.0992,-2983.39,-87.75
66,70/400,5.714286,110,629,5.718182,35,2,33,0,50,-23.6216,-2952.70,-84.36
67,70/600,8.571429,110,943,8.572727,35,1,34,0,50,-27.4853,-3435.66,-98.16
68,70/600,8.571429,100,857,8.570000,36,1,35,0,49,-28.5468,-3282.88,-91.19
69,70/600,8.571429,90,771,8.566667,36,1,35,0,49,-28.5501,-2997.76,-83.27
70,70/800,11.428571,80,914,11.425000,37,0,37,0,48,-39.1756,-3721.68,-100.59
BEST_NET_R,SELL,10:00-10:30,270/982,net_R=10.2245,entries=21

SELL AVOIDED SLOT 10:30-11:00 (IST); raw_signals=100
rank,source_sl_tp,source_rr,sl_points,tp_points,actual_rr,entries,wins,losses,open,skipped,net_R,net_points,expectancy_points
1,220/800,3.636364,70,255,3.642857,34,10,24,0,66,10.4294,886.50,26.07
2,220/800,3.636364,80,291,3.637500,33,8,25,0,67,2.1596,205.16,6.22
3,220/800,3.636364,90,327,3.633333,33,8,25,0,67,2.1263,223.26,6.77
4,70/300,4.285714,80,343,4.287500,33,7,26,0,67,2.0721,196.85,5.97
5,270/300,1.111111,250,278,1.112000,24,13,11,0,76,2.0448,541.87,22.58
6,270/300,1.111111,260,289,1.111538,24,13,11,0,76,2.0388,560.67,23.36
7,270/300,1.111111,180,200,1.111111,26,14,12,0,74,2.0268,395.22,15.20
8,270/300,1.111111,190,211,1.110526,26,14,12,0,74,2.0186,413.81,15.92
9,270/300,1.111111,200,222,1.110000,26,14,12,0,74,2.0112,432.41,16.63
10,270/300,1.111111,210,233,1.109524,26,14,12,0,74,2.0045,451.02,17.35
11,270/300,1.111111,280,311,1.110714,23,12,11,0,77,0.9762,287.97,12.52
12,270/300,1.111111,220,244,1.109091,25,13,12,0,75,0.9482,222.82,8.91
13,270/300,1.111111,290,322,1.110345,22,11,11,0,78,-0.0798,-24.34,-1.11
14,220/800,3.636364,100,364,3.640000,31,7,24,0,69,-0.3428,-39.42,-1.27
15,270/300,1.111111,230,256,1.113043,25,12,13,0,75,-1.1135,-272.80,-10.91
16,270/300,1.111111,240,267,1.112500,25,12,13,0,75,-1.1200,-285.60,-11.42
17,70/400,5.714286,140,800,5.714286,28,4,24,0,72,-2.7893,-432.33,-15.44
18,70/300,4.285714,90,386,4.288889,33,6,27,0,67,-3.2071,-336.74,-10.20
19,220/800,3.636364,110,400,3.636364,30,6,24,0,70,-3.9458,-493.23,-16.44
20,270/300,1.111111,300,333,1.110000,22,9,13,0,78,-4.3036,-1355.63,-61.62
21,270/300,1.111111,310,344,1.109677,21,8,13,0,79,-5.3574,-1741.15,-82.91
22,270/300,1.111111,350,389,1.111429,12,3,9,0,88,-6.3713,-2325.53,-193.79
23,270/300,1.111111,360,400,1.111111,12,3,9,0,88,-6.3723,-2389.60,-199.13
24,270/300,1.111111,330,367,1.112121,16,5,11,0,84,-6.3802,-2201.17,-137.57
25,270/300,1.111111,340,378,1.111765,16,5,11,0,84,-6.3820,-2265.60,-141.60
26,220/800,3.636364,270,982,3.637037,24,4,20,0,76,-6.8631,-1955.97,-81.50
27,220/800,3.636364,250,909,3.636000,24,4,20,0,76,-6.8672,-1819.81,-75.83
28,220/800,3.636364,260,945,3.634615,24,4,20,0,76,-6.8727,-1890.00,-78.75
29,70/400,5.714286,160,914,5.712500,26,3,23,0,74,-7.3913,-1293.48,-49.75
30,70/400,5.714286,170,971,5.711765,26,3,23,0,74,-7.3935,-1367.80,-52.61
31,270/300,1.111111,370,411,1.110811,11,2,9,0,89,-7.4252,-2858.69,-259.88
32,70/400,5.714286,150,857,5.713333,27,3,24,0,73,-8.4476,-1393.85,-51.62
33,270/300,1.111111,320,356,1.112500,18,5,13,0,82,-8.4959,-2846.13,-158.12
34,70/300,4.285714,140,600,4.285714,28,4,24,0,72,-8.5035,-1318.05,-47.07
35,70/400,5.714286,130,743,5.715385,28,3,25,0,72,-9.5002,-1377.54,-49.20
36,70/800,11.428571,80,914,11.425000,33,2,31,0,67,-10.0904,-958.59,-29.05
37,70/300,4.285714,230,986,4.286957,25,3,22,0,75,-10.6091,-2599.24,-103.97
38,70/300,4.285714,220,943,4.286364,25,3,22,0,75,-10.6109,-2493.56,-99.74
39,220/800,3.636364,140,509,3.635714,28,4,24,0,72,-11.1035,-1721.05,-61.47
40,70/300,4.285714,100,429,4.290000,31,4,27,0,69,-11.6628,-1341.22,-43.27
41,70/300,4.285714,170,729,4.288235,26,3,23,0,74,-11.6641,-2157.86,-82.99
42,70/300,4.285714,160,686,4.287500,26,3,23,0,74,-11.6663,-2041.60,-78.52
43,70/300,4.285714,210,900,4.285714,26,3,23,0,74,-11.6717,-2626.12,-101.00
44,70/300,4.285714,200,857,4.285000,26,3,23,0,74,-11.6738,-2509.87,-96.53
45,70/300,4.285714,190,814,4.284211,26,3,23,0,74,-11.6762,-2393.61,-92.06
46,70/300,4.285714,180,771,4.283333,26,3,23,0,74,-11.6788,-2277.37,-87.59
47,220/800,3.636364,120,436,3.633333,29,4,25,0,71,-12.1719,-1643.20,-56.66
48,220/800,3.636364,240,873,3.637500,25,3,22,0,75,-12.5575,-3202.16,-128.09
49,220/800,3.636364,230,836,3.634783,25,3,22,0,75,-12.5657,-3078.58,-123.14
50,70/600,8.571429,110,943,8.572727,30,2,28,0,70,-12.6185,-1577.32,-52.58
51,70/300,4.285714,150,643,4.286667,27,3,24,0,73,-12.7276,-2100.05,-77.78
52,220/800,3.636364,180,655,3.638889,26,3,23,0,74,-13.6121,-2654.37,-102.09
53,220/800,3.636364,210,764,3.638095,26,3,23,0,74,-13.6145,-3063.27,-117.82
54,220/800,3.636364,160,582,3.637500,26,3,23,0,74,-13.6163,-2382.85,-91.65
55,220/800,3.636364,190,691,3.636842,26,3,23,0,74,-13.6183,-2791.75,-107.37
56,220/800,3.636364,170,618,3.635294,26,3,23,0,74,-13.6229,-2520.24,-96.93
57,220/800,3.636364,200,727,3.635000,26,3,23,0,74,-13.6238,-2929.12,-112.66
58,70/600,8.571429,100,857,8.570000,31,2,29,0,69,-13.6828,-1573.52,-50.76
59,70/300,4.285714,130,557,4.284615,28,3,25,0,72,-13.7926,-1999.92,-71.43
60,220/800,3.636364,150,545,3.633333,27,3,24,0,73,-14.6876,-2423.45,-89.76
61,220/800,3.636364,130,473,3.638462,28,3,25,0,72,-15.7310,-2281.00,-81.46
62,70/600,8.571429,80,686,8.575000,33,2,31,0,67,-15.7904,-1500.09,-45.46
63,70/600,8.571429,90,771,8.566667,33,2,31,0,67,-15.8071,-1659.74,-50.30
64,70/400,5.714286,120,686,5.716667,29,2,27,0,71,-17.2719,-2331.70,-80.40
65,70/400,5.714286,110,629,5.718182,30,2,28,0,70,-18.3276,-2290.95,-76.37
66,70/400,5.714286,100,571,5.710000,31,2,29,0,69,-19.4028,-2231.32,-71.98
67,70/300,4.285714,120,514,4.283333,29,2,27,0,71,-20.1385,-2718.70,-93.75
68,70/300,4.285714,110,471,4.281818,30,2,28,0,70,-21.2004,-2650.05,-88.33
69,70/400,5.714286,80,457,5.712500,33,2,31,0,67,-21.5154,-2043.96,-61.94
70,70/400,5.714286,90,514,5.711111,33,2,31,0,67,-21.5182,-2259.41,-68.47
BEST_NET_R,SELL,10:30-11:00,70/255,net_R=10.4294,entries=34

SELL AVOIDED SLOT 11:30-12:00 (IST); raw_signals=81
rank,source_sl_tp,source_rr,sl_points,tp_points,actual_rr,entries,wins,losses,open,skipped,net_R,net_points,expectancy_points
1,70/400,5.714286,130,743,5.715385,34,7,27,0,47,11.0085,1596.23,46.95
2,70/400,5.714286,120,686,5.716667,35,7,28,0,46,9.9587,1344.42,38.41
3,70/600,8.571429,110,943,8.572727,36,5,31,0,45,9.7468,1218.35,33.84
4,70/400,5.714286,110,629,5.718182,36,7,29,0,45,8.9105,1113.81,30.94
5,220/800,3.636364,110,400,3.636364,36,10,26,0,45,8.2468,1030.85,28.63
6,70/300,4.285714,140,600,4.285714,33,8,25,0,48,7.3453,1138.52,34.50
7,70/300,4.285714,130,557,4.284615,34,8,26,0,47,6.2777,910.27,26.77
8,70/400,5.714286,170,971,5.711765,26,5,21,0,55,6.0300,1115.55,42.91
9,70/400,5.714286,140,800,5.714286,33,6,27,0,48,5.3453,828.52,25.11
10,70/300,4.285714,120,514,4.283333,35,8,27,0,46,5.2087,703.17,20.09
11,220/800,3.636364,120,436,3.633333,35,9,26,0,46,4.6420,626.67,17.90
12,70/300,4.285714,90,386,4.288889,36,8,28,0,45,4.1943,440.40,12.23
13,70/300,4.285714,110,471,4.281818,36,8,28,0,45,4.1377,517.22,14.37
14,70/400,5.714286,160,914,5.712500,28,5,23,0,53,3.9161,685.32,24.48
15,220/800,3.636364,90,327,3.633333,36,9,27,0,45,3.5832,376.24,10.45
16,70/400,5.714286,90,514,5.711111,36,6,30,0,45,2.1499,225.74,6.27
17,220/800,3.636364,140,509,3.635714,33,8,25,0,48,2.1453,332.52,10.08
18,70/400,5.714286,100,571,5.710000,36,6,30,0,45,2.1432,246.47,6.85
19,220/800,3.636364,130,473,3.638462,34,8,26,0,47,1.1085,160.73,4.73
20,70/400,5.714286,150,857,5.713333,31,5,26,0,50,0.7439,122.74,3.96
21,70/600,8.571429,100,857,8.570000,36,4,32,0,45,0.1632,18.77,0.52
22,70/600,8.571429,90,771,8.566667,36,4,32,0,45,0.1499,15.74,0.44
23,70/300,4.285714,210,900,4.285714,25,5,20,0,56,-0.0414,-9.32,-0.37
24,70/300,4.285714,200,857,4.285000,25,5,20,0,56,-0.0450,-9.68,-0.39
25,70/300,4.285714,190,814,4.284211,25,5,20,0,56,-0.0489,-10.03,-0.40
26,220/800,3.636364,150,545,3.633333,31,7,24,0,50,-0.3895,-64.26,-2.07
27,220/800,3.636364,100,364,3.640000,36,8,28,0,45,-0.9968,-114.63,-3.18
28,70/300,4.285714,100,429,4.290000,36,7,29,0,45,-1.0868,-124.98,-3.47
29,70/300,4.285714,170,729,4.288235,26,5,21,0,55,-1.0876,-201.21,-7.74
30,70/300,4.285714,150,643,4.286667,31,6,25,0,50,-1.1028,-181.96,-5.87
31,70/300,4.285714,80,343,4.287500,36,7,29,0,45,-1.1043,-104.91,-2.91
32,270/300,1.111111,340,378,1.111765,17,8,9,0,64,-1.1055,-392.45,-23.09
33,270/300,1.111111,350,389,1.111429,17,8,9,0,64,-1.1082,-404.48,-23.79
34,70/300,4.285714,180,771,4.283333,26,5,21,0,55,-1.1121,-216.87,-8.34
35,220/800,3.636364,160,582,3.637500,28,6,22,0,53,-1.8214,-318.74,-11.38
36,220/800,3.636364,70,255,3.642857,37,8,29,0,44,-2.0327,-172.78,-4.67
37,70/300,4.285714,230,986,4.286957,22,4,18,0,59,-2.1458,-525.71,-23.90
38,270/300,1.111111,330,367,1.112121,18,8,10,0,63,-2.1614,-745.69,-41.43
39,270/300,1.111111,230,256,1.113043,22,10,12,0,59,-2.1632,-529.98,-24.09
40,70/300,4.285714,220,943,4.286364,23,4,19,0,58,-3.2069,-753.63,-32.77
41,70/300,4.285714,160,686,4.287500,28,5,23,0,53,-3.2089,-561.56,-20.06
42,270/300,1.111111,370,411,1.110811,13,5,8,0,68,-3.2103,-1235.98,-95.08
43,270/300,1.111111,360,400,1.111111,15,6,9,0,66,-3.2153,-1205.75,-80.38
44,270/300,1.111111,190,211,1.110526,25,11,14,0,56,-3.2542,-667.11,-26.68
45,270/300,1.111111,200,222,1.110000,25,11,14,0,56,-3.2600,-700.90,-28.04
46,220/800,3.636364,210,764,3.638095,25,5,20,0,56,-3.2795,-737.89,-29.52
47,220/800,3.636364,190,691,3.636842,25,5,20,0,56,-3.2858,-673.59,-26.94
48,220/800,3.636364,200,727,3.635000,25,5,20,0,56,-3.2950,-708.43,-28.34
49,270/300,1.111111,240,267,1.112500,22,9,13,0,59,-4.2811,-1091.68,-49.62
50,270/300,1.111111,250,278,1.112000,22,9,13,0,59,-4.2856,-1135.68,-51.62
51,270/300,1.111111,260,289,1.111538,22,9,13,0,59,-4.2898,-1179.68,-53.62
52,270/300,1.111111,180,200,1.111111,26,11,15,0,55,-4.3066,-839.78,-32.30
53,220/800,3.636364,180,655,3.638889,26,5,21,0,55,-4.3344,-845.20,-32.51
54,220/800,3.636364,170,618,3.635294,26,5,21,0,55,-4.3523,-805.18,-30.97
55,220/800,3.636364,240,873,3.637500,22,4,18,0,59,-4.7436,-1209.62,-54.98
56,220/800,3.636364,270,982,3.637037,22,4,18,0,59,-4.7455,-1352.45,-61.48
57,220/800,3.636364,250,909,3.636000,22,4,18,0,59,-4.7496,-1258.64,-57.21
58,220/800,3.636364,230,836,3.634783,22,4,18,0,59,-4.7545,-1164.85,-52.95
59,220/800,3.636364,260,945,3.634615,22,4,18,0,59,-4.7551,-1307.66,-59.44
60,270/300,1.111111,320,356,1.112500,21,8,13,0,60,-5.3348,-1787.16,-85.10
61,270/300,1.111111,220,244,1.109091,23,9,14,0,58,-5.3706,-1262.09,-54.87
62,270/300,1.111111,210,233,1.109524,25,10,15,0,56,-5.3748,-1209.32,-48.37
63,220/800,3.636364,80,291,3.637500,36,7,29,0,45,-5.6543,-537.16,-14.92
64,270/300,1.111111,310,344,1.109677,22,8,14,0,59,-6.4162,-2085.26,-94.78
65,270/300,1.111111,280,311,1.110714,22,7,15,0,59,-8.5186,-2512.99,-114.23
66,270/300,1.111111,290,322,1.110345,22,7,15,0,59,-8.5212,-2598.96,-118.13
67,270/300,1.111111,300,333,1.110000,22,7,15,0,59,-8.5236,-2684.93,-122.04
68,70/600,8.571429,80,686,8.575000,36,3,33,0,45,-9.3918,-892.22,-24.78
69,70/400,5.714286,80,457,5.712500,36,4,32,0,45,-11.2668,-1070.35,-29.73
70,70/800,11.428571,80,914,11.425000,36,2,34,0,45,-13.2668,-1260.35,-35.01
BEST_NET_R,SELL,11:30-12:00,130/743,net_R=11.0085,entries=34

SELL AVOIDED SLOT 12:00-12:30 (IST); raw_signals=96
rank,source_sl_tp,source_rr,sl_points,tp_points,actual_rr,entries,wins,losses,open,skipped,net_R,net_points,expectancy_points
1,270/300,1.111111,350,389,1.111429,11,5,6,0,85,-1.0897,-397.72,-36.16
2,270/300,1.111111,220,244,1.109091,22,10,12,0,74,-2.2027,-517.63,-23.53
3,270/300,1.111111,360,400,1.111111,11,4,7,0,85,-3.2024,-1200.88,-109.17
4,270/300,1.111111,340,378,1.111765,13,5,8,0,83,-3.2056,-1137.98,-87.54
5,270/300,1.111111,370,411,1.110811,10,3,7,0,86,-4.2556,-1638.39,-163.84
6,270/300,1.111111,230,256,1.113043,22,9,13,0,74,-4.2762,-1047.67,-47.62
7,270/300,1.111111,330,367,1.112121,15,5,10,0,81,-5.3214,-1835.88,-122.39
8,270/300,1.111111,320,356,1.112500,17,6,11,0,79,-5.3246,-1783.74,-104.93
9,270/300,1.111111,240,267,1.112500,21,8,13,0,75,-5.3348,-1360.37,-64.78
10,270/300,1.111111,250,278,1.112000,21,8,13,0,75,-5.3388,-1414.78,-67.37
11,270/300,1.111111,310,344,1.109677,17,6,11,0,79,-5.3415,-1736.00,-102.12
12,270/300,1.111111,280,311,1.110714,19,7,12,0,77,-5.3422,-1575.95,-82.94
13,270/300,1.111111,260,289,1.111538,21,8,13,0,75,-5.3425,-1469.19,-69.96
14,270/300,1.111111,290,322,1.110345,19,7,12,0,77,-5.3448,-1630.16,-85.80
15,270/300,1.111111,180,200,1.111111,25,10,15,0,71,-5.3589,-1044.98,-41.80
16,270/300,1.111111,200,222,1.110000,23,9,14,0,73,-5.3624,-1152.92,-50.13
17,270/300,1.111111,210,233,1.109524,23,9,14,0,73,-5.3667,-1207.50,-52.50
18,270/300,1.111111,190,211,1.110526,24,9,15,0,72,-6.4165,-1315.37,-54.81
19,220/800,3.636364,240,873,3.637500,21,3,18,0,75,-8.3223,-2122.19,-101.06
20,70/300,4.285714,200,857,4.285000,23,3,20,0,73,-8.4974,-1826.94,-79.43
21,220/800,3.636364,230,836,3.634783,22,3,19,0,74,-9.3893,-2300.37,-104.56
22,270/300,1.111111,300,333,1.110000,17,4,13,0,79,-9.5596,-3011.27,-177.13
23,220/800,3.636364,210,764,3.638095,23,3,20,0,73,-10.4381,-2348.58,-102.11
24,220/800,3.636364,200,727,3.635000,23,3,20,0,73,-10.4474,-2246.19,-97.66
25,220/800,3.636364,180,655,3.638889,25,3,22,0,71,-12.5533,-2447.90,-97.92
26,220/800,3.636364,250,909,3.636000,21,2,19,0,75,-12.9628,-3435.14,-163.58
27,70/300,4.285714,210,900,4.285714,23,2,21,0,73,-13.7810,-3100.72,-134.81
28,70/300,4.285714,160,686,4.287500,29,3,26,0,67,-14.8427,-2597.47,-89.57
29,70/300,4.285714,170,729,4.288235,25,2,23,0,71,-15.8935,-2940.30,-117.61
30,70/300,4.285714,180,771,4.283333,25,2,23,0,71,-15.9033,-3101.15,-124.05
31,220/800,3.636364,190,691,3.636842,24,2,22,0,72,-16.1375,-3308.19,-137.84
32,220/800,3.636364,160,582,3.637500,29,3,26,0,67,-16.7927,-2938.72,-101.34
33,220/800,3.636364,170,618,3.635294,25,2,23,0,71,-17.1994,-3181.89,-127.28
34,220/800,3.636364,270,982,3.637037,21,1,20,0,75,-17.5978,-5015.36,-238.83
35,220/800,3.636364,260,945,3.634615,21,1,20,0,75,-17.6002,-4840.05,-230.48
36,70/300,4.285714,230,986,4.286957,22,1,21,0,74,-18.0066,-4411.63,-200.53
37,70/300,4.285714,220,943,4.286364,22,1,21,0,74,-18.0072,-4231.70,-192.35
38,70/300,4.285714,190,814,4.284211,24,1,23,0,72,-20.1270,-4126.03,-171.92
39,70/300,4.285714,80,343,4.287500,35,3,32,0,61,-21.1955,-2013.57,-57.53
40,220/800,3.636364,90,327,3.633333,34,3,31,0,62,-22.0992,-2320.42,-68.25
41,220/800,3.636364,80,291,3.637500,35,3,32,0,61,-23.1455,-2198.82,-62.82
42,70/300,4.285714,100,429,4.290000,32,2,30,0,64,-23.3016,-2679.68,-83.74
43,70/400,5.714286,160,914,5.712500,29,1,28,0,67,-23.9927,-4198.72,-144.78
44,220/800,3.636364,70,255,3.642857,36,3,33,0,60,-24.1882,-2056.00,-57.11
45,220/800,3.636364,100,364,3.640000,32,2,30,0,64,-24.6016,-2829.18,-88.41
46,220/800,3.636364,110,400,3.636364,32,2,30,0,64,-24.6089,-3076.11,-96.13
47,220/800,3.636364,120,436,3.633333,32,2,30,0,64,-24.6149,-3323.02,-103.84
48,70/400,5.714286,150,857,5.713333,30,1,29,0,66,-25.0507,-4133.36,-137.78
49,70/300,4.285714,90,386,4.288889,34,2,32,0,62,-25.4214,-2669.25,-78.51
50,70/400,5.714286,130,743,5.715385,31,1,30,0,65,-26.1074,-3785.58,-122.12
51,70/400,5.714286,140,800,5.714286,31,1,30,0,65,-26.1085,-4046.82,-130.54
52,70/600,8.571429,90,771,8.566667,34,1,33,0,62,-26.4325,-2775.42,-81.63
53,70/400,5.714286,170,971,5.711765,25,0,25,0,71,-26.4700,-4896.95,-195.88
54,70/300,4.285714,150,643,4.286667,30,1,29,0,66,-26.4773,-4368.76,-145.63
55,220/800,3.636364,150,545,3.633333,30,1,29,0,66,-27.1307,-4476.56,-149.22
56,70/400,5.714286,110,629,5.718182,32,1,31,0,64,-27.1634,-3395.43,-106.11
57,70/400,5.714286,120,686,5.716667,32,1,31,0,64,-27.1649,-3667.27,-114.60
58,70/400,5.714286,100,571,5.710000,32,1,31,0,64,-27.1716,-3124.73,-97.65
59,70/600,8.571429,80,686,8.575000,35,1,34,0,61,-27.4830,-2610.88,-74.60
60,70/300,4.285714,140,600,4.285714,31,1,30,0,65,-27.5371,-4268.25,-137.69
61,70/300,4.285714,130,557,4.284615,31,1,30,0,65,-27.5382,-3993.04,-128.81
62,220/800,3.636364,130,473,3.638462,31,1,30,0,65,-28.1843,-4086.73,-131.83
63,220/800,3.636364,140,509,3.635714,31,1,30,0,65,-28.1871,-4369.00,-140.94
64,70/300,4.285714,120,514,4.283333,32,1,31,0,64,-28.5983,-3860.77,-120.65
65,70/300,4.285714,110,471,4.281818,32,1,31,0,64,-28.5998,-3574.97,-111.72
66,70/400,5.714286,90,514,5.711111,34,1,33,0,62,-29.2881,-3075.25,-90.45
67,70/400,5.714286,80,457,5.712500,35,1,34,0,61,-30.3455,-2882.82,-82.37
68,70/600,8.571429,100,857,8.570000,32,0,32,0,64,-33.8816,-3896.38,-121.76
69,70/600,8.571429,110,943,8.572727,32,0,32,0,64,-33.8816,-4235.20,-132.35
70,70/800,11.428571,80,914,11.425000,35,0,35,0,61,-37.0580,-3520.51,-100.59
BEST_NET_R,SELL,12:00-12:30,350/389,net_R=-1.0897,entries=11

SELL AVOIDED SLOT 13:00-13:30 (IST); raw_signals=88
rank,source_sl_tp,source_rr,sl_points,tp_points,actual_rr,entries,wins,losses,open,skipped,net_R,net_points,expectancy_points
1,70/400,5.714286,140,800,5.714286,30,6,24,0,58,8.5217,1320.87,44.03
2,70/300,4.285714,140,600,4.285714,30,7,23,0,58,5.2360,811.58,27.05
3,70/400,5.714286,130,743,5.715385,31,5,26,0,57,0.7541,109.35,3.53
4,220/800,3.636364,140,509,3.635714,30,7,23,0,58,0.6860,106.33,3.54
5,220/800,3.636364,160,582,3.637500,26,6,20,0,62,0.2962,51.84,1.99
6,220/800,3.636364,170,618,3.635294,26,6,20,0,62,0.2830,52.35,2.01
7,270/300,1.111111,360,400,1.111111,6,3,3,0,82,-0.0195,-7.30,-1.22
8,270/300,1.111111,370,411,1.110811,6,3,3,0,82,-0.0204,-7.84,-1.31
9,270/300,1.111111,340,378,1.111765,8,4,4,0,80,-0.0233,-8.29,-1.04
10,270/300,1.111111,350,389,1.111429,8,4,4,0,80,-0.0247,-9.01,-1.13
11,270/300,1.111111,310,344,1.109677,10,5,5,0,78,-0.0396,-12.87,-1.29
12,70/400,5.714286,160,914,5.712500,26,4,22,0,62,-0.6788,-118.79,-4.57
13,70/400,5.714286,170,971,5.711765,26,4,22,0,62,-0.6817,-126.12,-4.85
14,270/300,1.111111,320,356,1.112500,9,4,5,0,79,-1.0792,-361.53,-40.17
15,270/300,1.111111,330,367,1.112121,9,4,5,0,79,-1.0807,-372.85,-41.43
16,70/300,4.285714,170,729,4.288235,26,5,21,0,62,-1.0876,-201.21,-7.74
17,70/300,4.285714,160,686,4.287500,26,5,21,0,62,-1.0913,-190.98,-7.35
18,270/300,1.111111,300,333,1.110000,10,4,6,0,78,-2.1480,-676.62,-67.66
19,270/300,1.111111,280,311,1.110714,12,5,7,0,76,-2.1520,-634.85,-52.90
20,220/800,3.636364,150,545,3.633333,29,6,23,0,59,-2.9052,-479.36,-16.53
21,270/300,1.111111,290,322,1.110345,11,4,7,0,77,-3.2054,-977.65,-88.88
22,270/300,1.111111,210,233,1.109524,19,8,11,0,69,-3.2410,-729.23,-38.38
23,270/300,1.111111,220,244,1.109091,19,8,11,0,69,-3.2445,-762.45,-40.13
24,70/400,5.714286,150,857,5.713333,29,4,25,0,59,-3.8519,-635.56,-21.92
25,270/300,1.111111,260,289,1.111538,16,6,10,0,72,-4.2716,-1174.68,-73.42
26,70/300,4.285714,150,643,4.286667,29,5,24,0,59,-4.2719,-704.86,-24.31
27,270/300,1.111111,230,256,1.113043,17,6,11,0,71,-5.3213,-1303.73,-76.69
28,270/300,1.111111,240,267,1.112500,17,6,11,0,71,-5.3246,-1357.77,-79.87
29,270/300,1.111111,250,278,1.112000,17,6,11,0,71,-5.3276,-1411.81,-83.05
30,220/800,3.636364,210,764,3.638095,19,3,16,0,69,-6.2029,-1395.66,-73.46
31,70/300,4.285714,130,557,4.284615,31,5,26,0,57,-6.3997,-927.96,-29.93
32,70/600,8.571429,110,943,8.572727,34,3,31,0,54,-7.2810,-910.13,-26.77
33,70/300,4.285714,230,986,4.286957,17,2,15,0,71,-7.4257,-1819.29,-107.02
34,270/300,1.111111,180,200,1.111111,23,8,15,0,65,-7.4635,-1455.38,-63.28
35,270/300,1.111111,200,222,1.110000,21,7,14,0,67,-7.4648,-1604.93,-76.43
36,270/300,1.111111,190,211,1.110526,23,8,15,0,65,-7.4682,-1530.98,-66.56
37,220/800,3.636364,260,945,3.634615,16,2,14,0,72,-7.6716,-2109.68,-131.86
38,70/400,5.714286,120,686,5.716667,33,4,29,0,55,-8.0737,-1089.95,-33.03
39,220/800,3.636364,200,727,3.635000,21,3,18,0,67,-8.3298,-1790.91,-85.28
40,70/300,4.285714,190,814,4.284211,23,3,20,0,65,-8.4998,-1742.45,-75.76
41,70/300,4.285714,180,771,4.283333,23,3,20,0,65,-8.5024,-1657.97,-72.09
42,70/300,4.285714,120,514,4.283333,33,5,28,0,55,-8.5237,-1150.70,-34.87
43,220/800,3.636364,240,873,3.637500,17,2,15,0,71,-8.7246,-2224.77,-130.87
44,220/800,3.636364,250,909,3.636000,17,2,15,0,71,-8.7276,-2312.81,-136.05
45,220/800,3.636364,230,836,3.634783,17,2,15,0,71,-8.7300,-2138.86,-125.82
46,70/300,4.285714,220,943,4.286364,19,2,17,0,69,-9.5445,-2242.95,-118.05
47,70/300,4.285714,210,900,4.285714,19,2,17,0,69,-9.5458,-2147.80,-113.04
48,220/800,3.636364,130,473,3.638462,31,5,26,0,57,-9.6305,-1396.42,-45.05
49,220/800,3.636364,180,655,3.638889,23,3,20,0,65,-10.4357,-2034.97,-88.48
50,220/800,3.636364,190,691,3.636842,23,3,20,0,65,-10.4419,-2140.58,-93.07
51,70/300,4.285714,200,857,4.285000,21,2,19,0,67,-11.6648,-2507.93,-119.43
52,220/800,3.636364,120,436,3.633333,33,5,28,0,55,-11.7737,-1589.45,-48.17
53,70/800,11.428571,80,914,11.425000,35,2,33,0,53,-12.2080,-1159.76,-33.14
54,220/800,3.636364,270,982,3.637037,13,0,13,0,75,-13.7644,-3922.85,-301.76
55,70/300,4.285714,110,471,4.281818,34,4,30,0,54,-14.8719,-1858.99,-54.68
56,70/400,5.714286,110,629,5.718182,34,3,31,0,54,-15.8447,-1980.58,-58.25
57,70/300,4.285714,80,343,4.287500,35,4,31,0,53,-15.9080,-1511.26,-43.18
58,220/800,3.636364,70,255,3.642857,37,5,32,0,51,-15.9613,-1356.71,-36.67
59,70/600,8.571429,100,857,8.570000,34,2,32,0,54,-16.8592,-1938.81,-57.02
60,70/400,5.714286,80,457,5.712500,35,3,32,0,53,-16.9205,-1607.45,-45.93
61,70/400,5.714286,90,514,5.711111,35,3,32,0,53,-16.9247,-1777.09,-50.77
62,220/800,3.636364,110,400,3.636364,34,4,30,0,54,-17.4537,-2181.72,-64.17
63,70/600,8.571429,80,686,8.575000,35,2,33,0,53,-17.9080,-1701.26,-48.61
64,70/600,8.571429,90,771,8.566667,35,2,33,0,53,-17.9247,-1882.09,-53.77
65,220/800,3.636364,80,291,3.637500,35,4,31,0,53,-18.5080,-1758.26,-50.24
66,220/800,3.636364,90,327,3.633333,35,4,31,0,53,-18.5247,-1945.09,-55.57
67,70/300,4.285714,90,386,4.288889,35,3,32,0,53,-21.1913,-2225.09,-63.57
68,70/400,5.714286,100,571,5.710000,34,2,32,0,54,-22.5792,-2596.61,-76.37
69,70/300,4.285714,100,429,4.290000,34,2,32,0,54,-25.4192,-2923.21,-85.98
70,220/800,3.636364,100,364,3.640000,34,2,32,0,54,-26.7192,-3072.71,-90.37
BEST_NET_R,SELL,13:00-13:30,140/800,net_R=8.5217,entries=30

SELL AVOIDED SLOT 14:00-14:30 (IST); raw_signals=102
rank,source_sl_tp,source_rr,sl_points,tp_points,actual_rr,entries,wins,losses,open,skipped,net_R,net_points,expectancy_points
1,270/300,1.111111,360,400,1.111111,14,8,6,0,88,2.0657,774.63,55.33
2,270/300,1.111111,370,411,1.110811,14,8,6,0,88,2.0633,794.37,56.74
3,220/800,3.636364,80,291,3.637500,44,10,34,0,58,-0.2122,-20.16,-0.46
4,270/300,1.111111,230,256,1.113043,28,13,15,0,74,-2.1768,-533.32,-19.05
5,270/300,1.111111,350,389,1.111429,17,7,10,0,85,-3.2196,-1175.15,-69.13
6,270/300,1.111111,330,367,1.112121,18,7,11,0,84,-4.2736,-1474.38,-81.91
7,70/300,4.285714,80,343,4.287500,44,8,36,0,58,-4.2872,-407.28,-9.26
8,270/300,1.111111,310,344,1.109677,20,8,12,0,82,-4.2986,-1397.04,-69.85
9,270/300,1.111111,220,244,1.109091,30,13,17,0,72,-4.3458,-1021.27,-34.04
10,270/300,1.111111,340,378,1.111765,17,6,11,0,85,-5.3290,-1891.80,-111.28
11,270/300,1.111111,240,267,1.112500,25,10,15,0,77,-5.3450,-1362.97,-54.52
12,270/300,1.111111,250,278,1.112000,25,10,15,0,77,-5.3500,-1417.75,-56.71
13,270/300,1.111111,290,322,1.110345,21,8,13,0,81,-5.3520,-1632.37,-77.73
14,270/300,1.111111,260,289,1.111538,25,10,15,0,77,-5.3546,-1472.52,-58.90
15,70/400,5.714286,80,457,5.712500,44,6,38,0,58,-6.3122,-599.66,-13.63
16,270/300,1.111111,320,356,1.112500,20,7,13,0,82,-6.3885,-2140.15,-107.01
17,270/300,1.111111,280,311,1.110714,24,9,15,0,78,-6.4148,-1892.36,-78.85
18,270/300,1.111111,300,333,1.110000,21,7,14,0,81,-7.4648,-2351.41,-111.97
19,270/300,1.111111,210,233,1.109524,31,12,19,0,71,-7.5085,-1689.42,-54.50
20,70/800,11.428571,80,914,11.425000,44,3,41,0,58,-9.3122,-884.66,-20.11
21,270/300,1.111111,200,222,1.110000,31,10,21,0,71,-11.7228,-2520.40,-81.30
22,270/300,1.111111,190,211,1.110526,33,11,22,0,69,-11.7246,-2403.55,-72.83
23,270/300,1.111111,180,200,1.111111,34,11,23,0,68,-12.7770,-2491.51,-73.28
24,70/600,8.571429,110,943,8.572727,40,3,37,0,62,-13.6338,-1704.23,-42.61
25,70/300,4.285714,230,986,4.286957,28,3,25,0,74,-13.7855,-3377.45,-120.62
26,220/800,3.636364,210,764,3.638095,31,4,27,0,71,-14.2704,-3210.84,-103.58
27,220/800,3.636364,110,400,3.636364,40,6,34,0,62,-14.5338,-1816.73,-45.42
28,220/800,3.636364,70,255,3.642857,45,7,38,0,57,-15.1460,-1287.41,-28.61
29,220/800,3.636364,230,836,3.634783,28,3,25,0,74,-15.7421,-3856.80,-137.74
30,70/300,4.285714,100,429,4.290000,40,5,35,0,62,-15.9020,-1828.73,-45.72
31,70/300,4.285714,220,943,4.286364,30,3,27,0,72,-15.9049,-3737.65,-124.59
32,70/300,4.285714,110,471,4.281818,40,5,35,0,62,-15.9429,-1992.86,-49.82
33,220/800,3.636364,150,545,3.633333,37,5,32,0,65,-16.0089,-2641.47,-71.39
34,220/800,3.636364,270,982,3.637037,24,2,22,0,78,-16.1371,-4599.08,-191.63
35,220/800,3.636364,90,327,3.633333,42,6,36,0,60,-16.6696,-1750.31,-41.67
36,70/300,4.285714,210,900,4.285714,31,3,28,0,71,-16.9657,-3817.27,-123.14
37,220/800,3.636364,240,873,3.637500,25,2,23,0,77,-17.1950,-4384.72,-175.39
38,220/800,3.636364,250,909,3.636000,25,2,23,0,77,-17.1980,-4557.47,-182.30
39,220/800,3.636364,260,945,3.634615,25,2,23,0,77,-17.2008,-4730.21,-189.21
40,70/600,8.571429,80,686,8.575000,44,3,41,0,58,-17.8622,-1696.91,-38.57
41,70/300,4.285714,90,386,4.288889,42,5,37,0,60,-18.0252,-1892.64,-45.06
42,220/800,3.636364,120,436,3.633333,39,5,34,0,63,-18.1265,-2447.08,-62.75
43,220/800,3.636364,100,364,3.640000,40,5,35,0,62,-19.1520,-2202.48,-55.06
44,70/300,4.285714,120,514,4.283333,39,4,35,0,63,-20.1599,-2721.58,-69.78
45,220/800,3.636364,160,582,3.637500,37,4,33,0,65,-20.6256,-3609.48,-97.55
46,220/800,3.636364,130,473,3.638462,38,4,34,0,64,-21.6806,-3143.68,-82.73
47,220/800,3.636364,140,509,3.635714,38,4,34,0,64,-21.6915,-3362.19,-88.48
48,70/400,5.714286,110,629,5.718182,40,3,37,0,62,-22.1975,-2774.68,-69.37
49,70/400,5.714286,100,571,5.710000,40,3,37,0,62,-22.2220,-2555.53,-63.89
50,70/300,4.285714,200,857,4.285000,31,2,29,0,71,-22.2528,-4784.35,-154.33
51,70/600,8.571429,100,857,8.570000,40,2,38,0,62,-23.2120,-2669.38,-66.73
52,220/800,3.636364,200,727,3.635000,31,2,29,0,71,-23.5528,-5063.85,-163.35
53,220/800,3.636364,170,618,3.635294,36,3,33,0,66,-24.2109,-4479.02,-124.42
54,70/400,5.714286,90,514,5.711111,42,3,39,0,60,-24.3363,-2555.31,-60.84
55,70/300,4.285714,190,814,4.284211,33,2,31,0,69,-24.3720,-4996.26,-151.40
56,70/300,4.285714,140,600,4.285714,38,3,35,0,64,-24.3773,-3778.47,-99.43
57,70/300,4.285714,130,557,4.284615,38,3,35,0,64,-24.3806,-3535.18,-93.03
58,70/400,5.714286,170,971,5.711765,36,2,34,0,66,-24.6933,-4568.26,-126.90
59,70/300,4.285714,180,771,4.283333,34,2,32,0,68,-25.4325,-4959.34,-145.86
60,220/800,3.636364,190,691,3.636842,33,2,31,0,69,-25.6667,-5261.68,-159.44
61,70/400,5.714286,150,857,5.713333,37,2,35,0,65,-25.7489,-4248.57,-114.83
62,70/400,5.714286,160,914,5.712500,37,2,35,0,65,-25.7506,-4506.36,-121.79
63,220/800,3.636364,180,655,3.638889,34,2,32,0,68,-26.7214,-5210.68,-153.26
64,70/400,5.714286,130,743,5.715385,38,2,36,0,64,-26.8036,-3886.53,-102.28
65,70/400,5.714286,140,800,5.714286,38,2,36,0,64,-26.8058,-4154.90,-109.34
66,70/300,4.285714,170,729,4.288235,36,2,34,0,66,-27.5403,-5094.96,-141.53
67,70/400,5.714286,120,686,5.716667,39,2,37,0,63,-27.8599,-3761.08,-96.44
68,70/300,4.285714,160,686,4.287500,37,2,35,0,65,-28.6006,-5005.11,-135.27
69,70/300,4.285714,150,643,4.286667,37,2,35,0,65,-28.6023,-4719.37,-127.55
70,70/600,8.571429,90,771,8.566667,42,1,41,0,60,-34.9029,-3664.81,-87.26
BEST_NET_R,SELL,14:00-14:30,360/400,net_R=2.0657,entries=14

SELL AVOIDED SLOT 14:30-15:00 (IST); raw_signals=123
rank,source_sl_tp,source_rr,sl_points,tp_points,actual_rr,entries,wins,losses,open,skipped,net_R,net_points,expectancy_points
1,70/800,11.428571,80,914,11.425000,44,6,38,0,79,27.9628,2656.47,60.37
2,70/300,4.285714,210,900,4.285714,24,9,15,0,99,22.1602,4986.05,207.75
3,70/300,4.285714,200,857,4.285000,30,10,20,0,93,21.0860,4533.49,151.12
4,70/400,5.714286,170,971,5.711765,31,8,23,0,92,20.8713,3861.19,124.55
5,70/600,8.571429,110,943,8.572727,38,6,32,0,85,17.2020,2150.25,56.59
6,220/800,3.636364,210,764,3.638095,24,9,15,0,99,16.3317,3674.62,153.11
7,70/600,8.571429,100,857,8.570000,39,6,33,0,84,16.1268,1854.58,47.55
8,70/300,4.285714,230,986,4.286957,20,7,13,0,103,15.8327,3879.01,193.95
9,70/300,4.285714,220,943,4.286364,21,7,14,0,102,14.7697,3470.89,165.28
10,70/300,4.285714,190,814,4.284211,31,9,22,0,92,14.7351,3020.69,97.44
11,70/300,4.285714,180,771,4.283333,31,9,22,0,92,14.7272,2871.80,92.64
12,220/800,3.636364,200,727,3.635000,30,10,20,0,93,14.5860,3135.99,104.53
13,70/600,8.571429,90,771,8.566667,41,6,35,0,82,13.9892,1468.87,35.83
14,220/800,3.636364,180,655,3.638889,31,10,21,0,92,13.5661,2645.39,85.34
15,220/800,3.636364,190,691,3.636842,31,10,21,0,92,13.5456,2776.85,89.58
16,70/400,5.714286,160,914,5.712500,32,7,25,0,91,13.1059,2293.53,71.67
17,70/400,5.714286,140,800,5.714286,33,7,26,0,90,12.0596,1869.24,56.64
18,70/400,5.714286,150,857,5.713333,33,7,26,0,90,12.0529,1988.73,60.26
19,220/800,3.636364,240,873,3.637500,20,7,13,0,103,11.2865,2878.06,143.90
20,220/800,3.636364,230,836,3.634783,20,7,13,0,103,11.2675,2760.53,138.03
21,70/400,5.714286,130,743,5.715385,34,7,27,0,89,11.0085,1596.23,46.95
22,70/600,8.571429,80,686,8.575000,44,6,38,0,79,10.8628,1031.97,23.45
23,220/800,3.636364,130,473,3.638462,34,10,24,0,89,10.3854,1505.89,44.29
24,70/300,4.285714,170,729,4.288235,31,8,23,0,92,9.4831,1754.37,56.59
25,220/800,3.636364,170,618,3.635294,31,9,22,0,92,8.8948,1645.55,53.08
26,70/300,4.285714,160,686,4.287500,32,8,24,0,91,8.4184,1473.22,46.04
27,220/800,3.636364,120,436,3.633333,36,10,26,0,87,8.2165,1109.23,30.81
28,70/300,4.285714,150,643,4.286667,33,8,25,0,90,7.3529,1213.23,36.76
29,70/300,4.285714,140,600,4.285714,33,8,25,0,90,7.3453,1138.52,34.50
30,70/300,4.285714,110,471,4.281818,38,9,29,0,85,7.3020,912.75,24.02
31,70/400,5.714286,80,457,5.712500,44,8,36,0,79,7.1128,675.72,15.36
32,70/400,5.714286,110,629,5.718182,38,7,31,0,85,6.7929,849.11,22.34
33,70/300,4.285714,100,429,4.290000,39,9,30,0,84,6.3168,726.43,18.63
34,70/300,4.285714,80,343,4.287500,44,10,34,0,79,6.2878,597.34,13.58
35,70/300,4.285714,130,557,4.284615,34,8,26,0,89,6.2777,910.27,26.77
36,220/800,3.636364,270,982,3.637037,16,5,11,0,107,6.2444,1779.65,111.23
37,220/800,3.636364,110,400,3.636364,38,10,28,0,85,6.1292,766.15,20.16
38,220/800,3.636364,250,909,3.636000,17,5,12,0,106,5.1804,1372.81,80.75
39,220/800,3.636364,260,945,3.634615,17,5,12,0,106,5.1735,1422.71,83.69
40,70/300,4.285714,90,386,4.288889,41,9,32,0,82,4.1892,439.87,10.73
41,70/300,4.285714,120,514,4.283333,36,8,28,0,87,4.1499,560.23,15.56
42,220/800,3.636364,160,582,3.637500,32,8,24,0,91,3.2184,563.22,17.60
43,70/400,5.714286,120,686,5.716667,36,6,30,0,87,2.1832,294.73,8.19
44,220/800,3.636364,140,509,3.635714,33,8,25,0,90,2.1453,332.52,10.08
45,220/800,3.636364,150,545,3.633333,33,8,25,0,90,2.1263,350.83,10.63
46,270/300,1.111111,280,311,1.110714,16,9,7,0,107,2.0556,606.41,37.90
47,270/300,1.111111,290,322,1.110345,16,9,7,0,107,2.0523,625.95,39.12
48,270/300,1.111111,370,411,1.110811,9,5,4,0,114,1.0249,394.57,43.84
49,270/300,1.111111,360,400,1.111111,11,6,5,0,112,1.0199,382.45,34.77
50,270/300,1.111111,350,389,1.111429,13,7,6,0,110,1.0156,370.69,28.51
51,270/300,1.111111,340,378,1.111765,15,8,7,0,108,1.0121,359.30,23.95
52,270/300,1.111111,250,278,1.112000,17,9,8,0,106,1.0084,267.23,15.72
53,270/300,1.111111,260,289,1.111538,17,9,8,0,106,1.0042,276.17,16.25
54,220/800,3.636364,100,364,3.640000,39,9,30,0,84,0.4668,53.68,1.38
55,270/300,1.111111,320,356,1.112500,16,8,8,0,107,-0.0408,-13.67,-0.85
56,270/300,1.111111,330,367,1.112121,16,8,8,0,107,-0.0438,-15.12,-0.95
57,270/300,1.111111,230,256,1.113043,20,10,10,0,103,-0.0456,-11.16,-0.56
58,270/300,1.111111,240,267,1.112500,20,10,10,0,103,-0.0510,-13.00,-0.65
59,270/300,1.111111,300,333,1.110000,16,8,8,0,107,-0.0608,-19.15,-1.20
60,270/300,1.111111,310,344,1.109677,16,8,8,0,107,-0.0634,-20.60,-1.29
61,270/300,1.111111,210,233,1.109524,24,12,12,0,99,-0.0969,-21.81,-0.91
62,270/300,1.111111,200,222,1.110000,30,15,15,0,93,-0.1140,-24.51,-0.82
63,220/800,3.636364,80,291,3.637500,44,10,34,0,79,-0.2122,-20.16,-0.46
64,70/400,5.714286,100,571,5.710000,39,6,33,0,84,-1.0332,-118.82,-3.05
65,270/300,1.111111,220,244,1.109091,21,10,11,0,102,-1.1439,-268.81,-12.80
66,270/300,1.111111,180,200,1.111111,31,15,16,0,92,-1.1561,-225.45,-7.27
67,220/800,3.636364,70,255,3.642857,45,10,35,0,78,-1.2174,-103.48,-2.30
68,220/800,3.636364,90,327,3.633333,41,9,32,0,82,-1.7108,-179.63,-4.38
69,70/400,5.714286,90,514,5.711111,41,6,35,0,82,-3.1441,-330.13,-8.05
70,270/300,1.111111,190,211,1.110526,31,14,17,0,92,-3.2754,-671.46,-21.66
BEST_NET_R,SELL,14:30-15:00,80/914,net_R=27.9628,entries=44

SELL AVOIDED SLOT 15:00-15:30 (IST); raw_signals=104
rank,source_sl_tp,source_rr,sl_points,tp_points,actual_rr,entries,wins,losses,open,skipped,net_R,net_points,expectancy_points
1,270/300,1.111111,370,411,1.110811,10,5,5,0,94,-0.0339,-13.07,-1.31
2,270/300,1.111111,360,400,1.111111,10,4,6,0,94,-2.1436,-803.83,-80.38
3,270/300,1.111111,350,389,1.111429,12,5,7,0,92,-2.1485,-784.19,-65.35
4,270/300,1.111111,330,367,1.112121,15,5,10,0,89,-5.3214,-1835.88,-122.39
5,270/300,1.111111,340,378,1.111765,14,4,10,0,90,-6.3761,-2263.53,-161.68
6,270/300,1.111111,320,356,1.112500,16,5,11,0,88,-6.3783,-2136.73,-133.55
7,270/300,1.111111,280,311,1.110714,16,5,11,0,88,-6.3872,-1884.23,-117.76
8,270/300,1.111111,290,322,1.110345,16,5,11,0,88,-6.3891,-1948.67,-121.79
9,270/300,1.111111,300,333,1.110000,16,5,11,0,88,-6.3908,-2013.10,-125.82
10,270/300,1.111111,310,344,1.109677,16,5,11,0,88,-6.3924,-2077.53,-129.85
11,70/400,5.714286,100,571,5.710000,32,4,28,0,72,-7.0416,-809.78,-25.31
12,270/300,1.111111,260,289,1.111538,19,6,13,0,85,-7.4480,-2048.19,-107.80
13,270/300,1.111111,200,222,1.110000,23,8,15,0,81,-7.4724,-1606.57,-69.85
14,270/300,1.111111,250,278,1.112000,20,6,14,0,84,-8.5040,-2253.56,-112.68
15,270/300,1.111111,210,233,1.109524,22,7,15,0,82,-8.5269,-1918.56,-87.21
16,270/300,1.111111,190,211,1.110526,24,8,16,0,80,-8.5270,-1748.03,-72.83
17,270/300,1.111111,230,256,1.113043,21,6,15,0,83,-9.5565,-2341.35,-111.49
18,70/400,5.714286,90,514,5.711111,35,4,31,0,69,-10.2136,-1072.42,-30.64
19,270/300,1.111111,240,267,1.112500,20,5,15,0,84,-10.6135,-2706.44,-135.32
20,270/300,1.111111,220,244,1.109091,22,6,16,0,82,-10.6391,-2500.18,-113.64
21,270/300,1.111111,180,200,1.111111,26,8,18,0,78,-10.6399,-2074.78,-79.80
22,70/400,5.714286,80,457,5.712500,36,4,32,0,68,-11.2668,-1070.35,-29.73
23,70/300,4.285714,220,943,4.286364,22,2,20,0,82,-12.7209,-2989.41,-135.88
24,70/300,4.285714,100,429,4.290000,32,4,28,0,72,-12.7216,-1462.98,-45.72
25,70/300,4.285714,210,900,4.285714,22,2,20,0,82,-12.7222,-2862.49,-130.11
26,70/800,11.428571,80,914,11.425000,36,2,34,0,68,-13.2668,-1260.35,-35.01
27,70/300,4.285714,200,857,4.285000,23,2,21,0,81,-13.7824,-2963.22,-128.84
28,220/800,3.636364,90,327,3.633333,35,5,30,0,69,-13.8913,-1458.59,-41.67
29,220/800,3.636364,210,764,3.638095,22,2,20,0,82,-14.0174,-3153.92,-143.36
30,220/800,3.636364,270,982,3.637037,18,1,17,0,86,-14.4214,-4110.09,-228.34
31,70/300,4.285714,190,814,4.284211,24,2,22,0,80,-14.8428,-3042.77,-126.78
32,220/800,3.636364,70,255,3.642857,36,5,31,0,68,-14.9025,-1266.71,-35.19
33,220/800,3.636364,200,727,3.635000,23,2,21,0,81,-15.0824,-3242.72,-140.99
34,220/800,3.636364,100,364,3.640000,32,4,28,0,72,-15.3216,-1761.98,-55.06
35,220/800,3.636364,260,945,3.634615,19,1,18,0,85,-15.4826,-4257.71,-224.09
36,70/300,4.285714,90,386,4.288889,35,4,31,0,69,-15.9024,-1669.76,-47.71
37,220/800,3.636364,190,691,3.636842,24,2,22,0,80,-16.1375,-3308.19,-137.84
38,220/800,3.636364,240,873,3.637500,20,1,19,0,84,-16.5385,-4217.32,-210.87
39,220/800,3.636364,250,909,3.636000,20,1,19,0,84,-16.5400,-4383.10,-219.15
40,70/300,4.285714,230,986,4.286957,21,1,20,0,83,-16.9478,-4152.22,-197.72
41,70/300,4.285714,80,343,4.287500,36,4,32,0,68,-16.9668,-1611.85,-44.77
42,70/300,4.285714,120,514,4.283333,31,3,28,0,73,-16.9728,-2291.33,-73.91
43,70/300,4.285714,110,471,4.281818,31,3,28,0,73,-16.9773,-2122.17,-68.46
44,220/800,3.636364,230,836,3.634783,21,1,20,0,83,-17.6000,-4312.00,-205.33
45,70/600,8.571429,90,771,8.566667,35,2,33,0,69,-17.9247,-1882.09,-53.77
46,220/800,3.636364,180,655,3.638889,26,2,24,0,78,-18.2510,-3558.95,-136.88
47,220/800,3.636364,110,400,3.636364,31,3,28,0,73,-18.9137,-2364.21,-76.26
48,220/800,3.636364,120,436,3.633333,31,3,28,0,73,-18.9228,-2554.58,-82.41
49,70/600,8.571429,80,686,8.575000,36,2,34,0,68,-18.9668,-1801.85,-50.05
50,220/800,3.636364,170,618,3.635294,27,2,25,0,77,-19.3170,-3573.65,-132.36
51,70/400,5.714286,110,629,5.718182,31,2,29,0,73,-19.3864,-2423.30,-78.17
52,220/800,3.636364,80,291,3.637500,36,4,32,0,68,-19.5668,-1858.85,-51.63
53,70/300,4.285714,150,643,4.286667,29,2,27,0,75,-20.1319,-3321.76,-114.54
54,70/300,4.285714,140,600,4.285714,30,2,28,0,74,-21.1926,-3284.85,-109.49
55,70/300,4.285714,130,557,4.284615,30,2,28,0,74,-21.1948,-3073.24,-102.44
56,220/800,3.636364,160,582,3.637500,29,2,27,0,75,-21.4302,-3750.28,-129.32
57,220/800,3.636364,150,545,3.633333,29,2,27,0,75,-21.4385,-3537.36,-121.98
58,70/400,5.714286,170,971,5.711765,27,1,26,0,77,-21.8758,-4047.03,-149.89
59,70/300,4.285714,180,771,4.283333,26,1,25,0,78,-22.2455,-4337.87,-166.84
60,220/800,3.636364,130,473,3.638462,30,2,28,0,74,-22.4871,-3260.63,-108.69
61,220/800,3.636364,140,509,3.635714,30,2,28,0,74,-22.4926,-3486.35,-116.21
62,70/300,4.285714,170,729,4.288235,27,1,26,0,77,-23.2994,-4310.38,-159.64
63,70/400,5.714286,150,857,5.713333,29,1,28,0,75,-23.9919,-3958.66,-136.51
64,70/400,5.714286,160,914,5.712500,29,1,28,0,75,-23.9927,-4198.72,-144.78
65,70/600,8.571429,100,857,8.570000,32,1,31,0,72,-24.3116,-2795.83,-87.37
66,70/400,5.714286,140,800,5.714286,30,1,29,0,74,-25.0497,-3882.71,-129.42
67,70/300,4.285714,160,686,4.287500,29,1,28,0,75,-25.4177,-4448.10,-153.38
68,70/400,5.714286,130,743,5.715385,30,0,30,0,74,-31.7640,-4605.78,-153.53
69,70/600,8.571429,110,943,8.572727,31,0,31,0,73,-32.8228,-4102.85,-132.35
70,70/400,5.714286,120,686,5.716667,31,0,31,0,73,-32.8228,-4431.08,-142.94
BEST_NET_R,SELL,15:00-15:30,370/411,net_R=-0.0339,entries=10

SELL AVOIDED SLOT 15:30-16:00 (IST); raw_signals=103
rank,source_sl_tp,source_rr,sl_points,tp_points,actual_rr,entries,wins,losses,open,skipped,net_R,net_points,expectancy_points
1,270/300,1.111111,280,311,1.110714,23,12,11,0,80,0.9762,287.97,12.52
2,220/800,3.636364,70,255,3.642857,43,10,33,0,60,0.9002,76.51,1.78
3,270/300,1.111111,290,322,1.110345,20,10,10,0,83,-0.0726,-22.13,-1.11
4,270/300,1.111111,300,333,1.110000,20,10,10,0,83,-0.0760,-23.94,-1.20
5,270/300,1.111111,310,344,1.109677,20,10,10,0,83,-0.0792,-25.75,-1.29
6,270/300,1.111111,340,378,1.111765,19,9,10,0,84,-1.1113,-394.52,-20.76
7,270/300,1.111111,240,267,1.112500,29,14,15,0,74,-1.1302,-288.20,-9.94
8,270/300,1.111111,250,278,1.112000,29,14,15,0,74,-1.1372,-301.36,-10.39
9,270/300,1.111111,260,289,1.111538,29,14,15,0,74,-1.1437,-314.51,-10.85
10,270/300,1.111111,320,356,1.112500,20,9,11,0,83,-2.1635,-724.77,-36.24
11,270/300,1.111111,330,367,1.112121,20,9,11,0,83,-2.1669,-747.58,-37.38
12,270/300,1.111111,350,389,1.111429,18,8,10,0,85,-2.1670,-790.94,-43.94
13,270/300,1.111111,230,256,1.113043,30,14,16,0,73,-2.1814,-534.44,-17.81
14,220/800,3.636364,80,291,3.637500,42,9,33,0,61,-2.7321,-259.55,-6.18
15,270/300,1.111111,220,244,1.109091,32,14,18,0,71,-4.3543,-1023.27,-31.98
16,270/300,1.111111,180,200,1.111111,35,15,20,0,68,-5.3913,-1051.31,-30.04
17,270/300,1.111111,190,211,1.110526,35,15,20,0,68,-5.4001,-1107.02,-31.63
18,270/300,1.111111,200,222,1.110000,33,14,19,0,70,-5.4004,-1161.09,-35.18
19,270/300,1.111111,210,233,1.109524,33,14,19,0,70,-5.4071,-1216.59,-36.87
20,270/300,1.111111,360,400,1.111111,18,6,12,0,85,-6.3917,-2396.90,-133.16
21,270/300,1.111111,370,411,1.110811,17,5,12,0,86,-7.4455,-2866.54,-168.62
22,70/300,4.285714,80,343,4.287500,42,6,36,0,61,-12.7446,-1210.74,-28.83
23,220/800,3.636364,90,327,3.633333,40,6,34,0,63,-14.5520,-1527.96,-38.20
24,220/800,3.636364,160,582,3.637500,36,5,31,0,67,-14.9293,-2612.63,-72.57
25,220/800,3.636364,270,982,3.637037,23,2,21,0,80,-15.0783,-4297.32,-186.84
26,220/800,3.636364,240,873,3.637500,29,3,26,0,74,-16.7927,-4282.14,-147.66
27,220/800,3.636364,250,909,3.636000,29,3,26,0,74,-16.7972,-4451.26,-153.49
28,70/300,4.285714,170,729,4.288235,36,4,32,0,67,-16.9639,-3138.31,-87.18
29,70/300,4.285714,160,686,4.287500,36,4,32,0,67,-16.9668,-2969.19,-82.48
30,220/800,3.636364,100,364,3.640000,39,5,34,0,64,-18.0932,-2080.72,-53.35
31,220/800,3.636364,170,618,3.635294,36,4,32,0,67,-19.5756,-3621.49,-100.60
32,70/300,4.285714,100,429,4.290000,39,4,35,0,64,-20.1332,-2315.32,-59.37
33,220/800,3.636364,210,764,3.638095,33,3,30,0,70,-21.0261,-4730.88,-143.36
34,220/800,3.636364,200,727,3.635000,33,3,30,0,70,-21.0354,-4522.61,-137.05
35,70/300,4.285714,90,386,4.288889,40,4,36,0,63,-21.1964,-2225.63,-55.64
36,70/300,4.285714,180,771,4.283333,35,3,32,0,68,-21.2080,-4135.56,-118.16
37,220/800,3.636364,260,945,3.634615,29,2,27,0,74,-21.4360,-5894.89,-203.27
38,220/800,3.636364,230,836,3.634783,30,2,28,0,73,-22.4944,-5511.14,-183.70
39,220/800,3.636364,110,400,3.636364,39,4,35,0,64,-22.7477,-2843.47,-72.91
40,220/800,3.636364,120,436,3.633333,39,4,35,0,64,-22.7599,-3072.58,-78.78
41,220/800,3.636364,180,655,3.638889,35,3,32,0,68,-23.1413,-4512.56,-128.93
42,220/800,3.636364,190,691,3.636842,35,3,32,0,68,-23.1475,-4745.23,-135.58
43,70/300,4.285714,200,857,4.285000,33,2,31,0,70,-24.3704,-5239.64,-158.78
44,70/400,5.714286,160,914,5.712500,36,2,34,0,67,-24.6918,-4321.07,-120.03
45,70/400,5.714286,170,971,5.711765,36,2,34,0,67,-24.6933,-4568.26,-126.90
46,70/600,8.571429,80,686,8.575000,42,2,40,0,61,-25.3196,-2405.36,-57.27
47,70/300,4.285714,230,986,4.286957,30,1,29,0,73,-26.4770,-6486.88,-216.23
48,70/300,4.285714,190,814,4.284211,35,2,33,0,68,-26.4896,-5430.36,-155.15
49,70/400,5.714286,130,743,5.715385,39,2,37,0,64,-27.8624,-4040.05,-103.59
50,70/300,4.285714,220,943,4.286364,32,1,31,0,71,-28.5952,-6719.88,-210.00
51,70/300,4.285714,150,643,4.286667,37,2,35,0,66,-28.6023,-4719.37,-127.55
52,70/300,4.285714,140,600,4.285714,37,2,35,0,66,-28.6042,-4433.65,-119.83
53,70/400,5.714286,90,514,5.711111,40,2,38,0,63,-28.9298,-3037.63,-75.94
54,70/300,4.285714,210,900,4.285714,33,1,32,0,70,-29.6547,-6672.30,-202.19
55,220/800,3.636364,140,509,3.635714,37,2,35,0,66,-29.9042,-4635.15,-125.27
56,220/800,3.636364,150,545,3.633333,37,2,35,0,66,-29.9089,-4934.97,-133.38
57,70/300,4.285714,130,557,4.284615,39,2,37,0,64,-30.7240,-4454.98,-114.23
58,70/400,5.714286,80,457,5.712500,42,2,40,0,61,-31.0446,-2949.24,-70.22
59,220/800,3.636364,130,473,3.638462,39,2,37,0,64,-32.0163,-4642.36,-119.03
60,70/800,11.428571,80,914,11.425000,42,1,41,0,61,-32.0446,-3044.24,-72.48
61,70/400,5.714286,140,800,5.714286,37,1,36,0,66,-32.4613,-5031.50,-135.99
62,70/400,5.714286,150,857,5.713333,37,1,36,0,66,-32.4623,-5356.27,-144.76
63,70/600,8.571429,90,771,8.566667,40,1,39,0,63,-32.7853,-3442.46,-86.06
64,70/400,5.714286,110,629,5.718182,39,1,38,0,64,-34.5750,-4321.88,-110.82
65,70/400,5.714286,120,686,5.716667,39,1,38,0,64,-34.5765,-4667.83,-119.69
66,70/400,5.714286,100,571,5.710000,39,1,38,0,64,-34.5832,-3977.07,-101.98
67,70/300,4.285714,120,514,4.283333,39,1,38,0,64,-36.0099,-4861.33,-124.65
68,70/300,4.285714,110,471,4.281818,39,1,38,0,64,-36.0114,-4501.42,-115.42
69,70/600,8.571429,100,857,8.570000,39,0,39,0,64,-41.2932,-4748.72,-121.76
70,70/600,8.571429,110,943,8.572727,39,0,39,0,64,-41.2932,-5161.65,-132.35
BEST_NET_R,SELL,15:30-16:00,280/311,net_R=0.9762,entries=23

SELL AVOIDED SLOT 16:00-16:30 (IST); raw_signals=83
rank,source_sl_tp,source_rr,sl_points,tp_points,actual_rr,entries,wins,losses,open,skipped,net_R,net_points,expectancy_points
1,70/800,11.428571,80,914,11.425000,25,3,22,0,58,10.8050,1026.48,41.06
2,70/600,8.571429,110,943,8.572727,24,3,21,0,59,3.3070,413.37,17.22
3,220/800,3.636364,130,473,3.638462,24,6,18,0,59,2.4196,350.84,14.62
4,70/600,8.571429,80,686,8.575000,25,3,22,0,58,2.2550,214.22,8.57
5,70/600,8.571429,100,857,8.570000,25,3,22,0,58,2.2400,257.60,10.30
6,70/600,8.571429,90,771,8.566667,25,3,22,0,58,2.2300,234.15,9.37
7,70/400,5.714286,130,743,5.715385,24,4,20,0,59,1.4503,210.30,8.76
8,70/400,5.714286,140,800,5.714286,24,4,20,0,59,1.4459,224.12,9.34
9,70/400,5.714286,80,457,5.712500,25,4,21,0,58,0.3800,36.10,1.44
10,70/400,5.714286,90,514,5.711111,25,4,21,0,58,0.3744,39.32,1.57
11,70/300,4.285714,100,429,4.290000,25,5,20,0,58,-0.0200,-2.30,-0.09
12,70/300,4.285714,90,386,4.288889,25,5,20,0,58,-0.0256,-2.68,-0.11
13,70/300,4.285714,80,343,4.287500,25,5,20,0,58,-0.0325,-3.09,-0.12
14,220/800,3.636364,140,509,3.635714,24,5,19,0,59,-2.2326,-346.06,-14.42
15,220/800,3.636364,120,436,3.633333,24,5,19,0,59,-2.2445,-303.01,-12.63
16,70/400,5.714286,160,914,5.712500,22,3,19,0,61,-3.1561,-552.32,-25.11
17,70/400,5.714286,170,971,5.711765,22,3,19,0,61,-3.1583,-584.29,-26.56
18,220/800,3.636364,70,255,3.642857,25,5,20,0,58,-3.2557,-276.74,-11.07
19,220/800,3.636364,100,364,3.640000,25,5,20,0,58,-3.2700,-376.05,-15.04
20,220/800,3.636364,80,291,3.637500,25,5,20,0,58,-3.2825,-311.84,-12.47
21,220/800,3.636364,90,327,3.633333,25,5,20,0,58,-3.3033,-346.85,-13.87
22,70/400,5.714286,150,857,5.713333,23,3,20,0,60,-4.2124,-695.05,-30.22
23,270/300,1.111111,280,311,1.110714,12,4,8,0,71,-4.2627,-1257.51,-104.79
24,270/300,1.111111,290,322,1.110345,12,4,8,0,71,-4.2642,-1300.59,-108.38
25,70/300,4.285714,140,600,4.285714,24,4,20,0,59,-4.2683,-661.59,-27.57
26,70/300,4.285714,130,557,4.284615,24,4,20,0,59,-4.2727,-619.55,-25.81
27,70/300,4.285714,120,514,4.283333,24,4,20,0,59,-4.2779,-577.51,-24.06
28,70/300,4.285714,110,471,4.281818,24,4,20,0,59,-4.2839,-535.49,-22.31
29,70/400,5.714286,110,629,5.718182,24,3,21,0,59,-5.2567,-657.08,-27.38
30,70/400,5.714286,120,686,5.716667,24,3,21,0,59,-5.2612,-710.26,-29.59
31,270/300,1.111111,300,333,1.110000,11,3,8,0,72,-5.3168,-1674.79,-152.25
32,220/800,3.636364,150,545,3.633333,23,4,19,0,60,-5.8191,-960.15,-41.75
33,70/400,5.714286,100,571,5.710000,25,3,22,0,58,-6.3400,-729.10,-29.16
34,270/300,1.111111,360,400,1.111111,8,1,7,0,75,-6.3593,-2384.73,-298.09
35,270/300,1.111111,370,411,1.110811,8,1,7,0,75,-6.3596,-2448.44,-306.06
36,270/300,1.111111,320,356,1.112500,10,2,8,0,73,-6.3630,-2131.60,-213.16
37,270/300,1.111111,330,367,1.112121,10,2,8,0,73,-6.3638,-2195.50,-219.55
38,270/300,1.111111,340,378,1.111765,10,2,8,0,73,-6.3645,-2259.39,-225.94
39,270/300,1.111111,310,344,1.109677,10,2,8,0,73,-6.3686,-2069.81,-206.98
40,270/300,1.111111,250,278,1.112000,16,5,11,0,67,-6.3808,-1690.91,-105.68
41,220/800,3.636364,110,400,3.636364,24,4,20,0,59,-6.8657,-858.22,-35.76
42,270/300,1.111111,350,389,1.111429,9,1,8,0,74,-7.4178,-2707.49,-300.83
43,70/300,4.285714,170,729,4.288235,22,3,19,0,61,-7.4289,-1374.35,-62.47
44,70/300,4.285714,160,686,4.287500,22,3,19,0,61,-7.4311,-1300.44,-59.11
45,270/300,1.111111,260,289,1.111538,15,4,11,0,68,-7.4358,-2044.86,-136.32
46,220/800,3.636364,270,982,3.637037,12,1,11,0,71,-8.0686,-2299.54,-191.63
47,70/300,4.285714,150,643,4.286667,23,3,20,0,60,-8.4924,-1401.25,-60.92
48,220/800,3.636364,160,582,3.637500,22,3,19,0,61,-9.3811,-1641.69,-74.62
49,220/800,3.636364,170,618,3.635294,22,3,19,0,61,-9.3877,-1736.73,-78.94
50,270/300,1.111111,240,267,1.112500,17,4,13,0,66,-9.5496,-2435.15,-143.24
51,270/300,1.111111,180,200,1.111111,21,6,15,0,62,-9.5681,-1865.79,-88.85
52,270/300,1.111111,190,211,1.110526,20,5,15,0,63,-10.6234,-2177.79,-108.89
53,270/300,1.111111,200,222,1.110000,20,5,15,0,63,-10.6260,-2284.59,-114.23
54,220/800,3.636364,260,945,3.634615,15,1,14,0,68,-11.2474,-3093.03,-206.20
55,270/300,1.111111,230,256,1.113043,17,3,14,0,66,-11.6605,-2856.82,-168.05
56,70/300,4.285714,180,771,4.283333,21,2,19,0,62,-11.6681,-2275.29,-108.35
57,270/300,1.111111,220,244,1.109091,17,3,14,0,66,-11.6723,-2743.00,-161.35
58,270/300,1.111111,210,233,1.109524,19,4,15,0,64,-11.6791,-2627.80,-138.31
59,220/800,3.636364,250,909,3.636000,16,1,15,0,67,-12.3048,-3260.77,-203.80
60,220/800,3.636364,180,655,3.638889,21,2,19,0,62,-12.9570,-2526.62,-120.32
61,220/800,3.636364,240,873,3.637500,17,1,16,0,66,-13.3621,-3407.34,-200.43
62,70/300,4.285714,210,900,4.285714,19,1,18,0,64,-14.8315,-3337.08,-175.64
63,220/800,3.636364,210,764,3.638095,19,1,18,0,64,-15.4791,-3482.80,-183.31
64,70/300,4.285714,200,857,4.285000,20,1,19,0,63,-15.8910,-3416.56,-170.83
65,70/300,4.285714,190,814,4.284211,20,1,19,0,63,-15.8918,-3257.82,-162.89
66,220/800,3.636364,190,691,3.636842,20,1,19,0,63,-16.5392,-3390.53,-169.53
67,220/800,3.636364,200,727,3.635000,20,1,19,0,63,-16.5410,-3556.31,-177.82
68,70/300,4.285714,220,943,4.286364,17,0,17,0,66,-17.9996,-4229.91,-248.82
69,220/800,3.636364,230,836,3.634783,17,0,17,0,66,-17.9996,-4409.90,-259.41
70,70/300,4.285714,230,986,4.286957,17,0,17,0,66,-17.9996,-4409.90,-259.41
BEST_NET_R,SELL,16:00-16:30,80/914,net_R=10.8050,entries=25

SELL AVOIDED SLOT 19:30-20:00 (IST); raw_signals=208
rank,source_sl_tp,source_rr,sl_points,tp_points,actual_rr,entries,wins,losses,open,skipped,net_R,net_points,expectancy_points
1,70/600,8.571429,80,686,8.575000,87,17,70,0,121,70.6594,6712.64,77.16
2,70/600,8.571429,90,771,8.566667,83,16,67,0,125,65.1863,6844.56,82.46
3,70/600,8.571429,100,857,8.570000,80,14,66,0,128,49.2760,5666.74,70.83
4,70/800,11.428571,80,914,11.425000,87,11,76,0,121,44.5594,4233.14,48.66
5,70/400,5.714286,130,743,5.715385,71,17,54,0,137,38.9867,5653.08,79.62
6,220/800,3.636364,70,255,3.642857,91,29,62,0,117,38.2921,3254.82,35.77
7,220/800,3.636364,80,291,3.637500,87,28,59,0,121,37.7344,3584.77,41.20
8,70/600,8.571429,110,943,8.572727,75,12,63,0,133,35.4627,4432.84,59.10
9,70/400,5.714286,120,686,5.716667,72,16,56,0,136,31.2331,4216.46,58.56
10,70/400,5.714286,110,629,5.718182,75,16,59,0,133,28.0809,3510.11,46.80
11,220/800,3.636364,90,327,3.633333,83,25,58,0,125,27.9529,2935.06,35.36
12,70/400,5.714286,140,800,5.714286,69,15,54,0,139,27.6571,4286.85,62.13
13,70/400,5.714286,90,514,5.711111,83,17,66,0,125,26.2085,2751.89,33.16
14,70/300,4.285714,80,343,4.287500,87,22,65,0,121,24.2094,2299.89,26.44
15,70/400,5.714286,150,857,5.713333,66,14,52,0,142,24.1059,3977.47,60.26
16,70/400,5.714286,160,914,5.712500,66,14,52,0,142,24.0942,4216.49,63.89
17,70/400,5.714286,100,571,5.710000,80,16,64,0,128,22.6560,2605.44,32.57
18,70/400,5.714286,80,457,5.712500,87,17,70,0,121,21.9969,2089.71,24.02
19,70/400,5.714286,170,971,5.711765,65,13,52,0,143,18.4309,3409.72,52.46
20,70/300,4.285714,90,386,4.288889,83,20,63,0,125,17.8974,1879.22,22.64
21,70/300,4.285714,130,557,4.284615,71,17,54,0,137,14.6637,2126.23,29.95
22,220/800,3.636364,100,364,3.640000,80,21,59,0,128,12.7360,1464.64,18.31
23,70/300,4.285714,140,600,4.285714,69,16,53,0,139,11.5142,1784.71,25.87
24,220/800,3.636364,210,764,3.638095,60,16,44,0,148,10.6815,2403.34,40.06
25,70/300,4.285714,100,429,4.290000,80,18,62,0,128,10.5160,1209.34,15.12
26,70/300,4.285714,170,729,4.288235,65,15,50,0,143,10.5015,1942.78,29.89
27,70/300,4.285714,220,943,4.286364,60,14,46,0,148,10.4811,2463.06,41.05
28,70/300,4.285714,210,900,4.285714,60,14,46,0,148,10.4720,2356.20,39.27
29,70/300,4.285714,180,771,4.283333,65,15,50,0,143,10.4280,2033.46,31.28
30,220/800,3.636364,270,982,3.637037,52,14,38,0,156,9.8609,2810.36,54.05
31,70/300,4.285714,160,686,4.287500,66,15,51,0,142,9.4317,1650.55,25.01
32,70/300,4.285714,150,643,4.286667,66,15,51,0,142,9.4192,1554.17,23.55
33,70/300,4.285714,200,857,4.285000,61,14,47,0,147,9.4032,2021.69,33.14
34,220/800,3.636364,260,945,3.634615,53,14,39,0,155,8.7682,2411.26,45.50
35,220/800,3.636364,110,400,3.636364,75,19,56,0,133,8.6809,1085.11,14.47
36,70/300,4.285714,120,514,4.283333,72,16,56,0,136,8.2997,1120.46,15.56
37,70/300,4.285714,190,814,4.284211,63,14,49,0,145,7.2745,1491.28,23.67
38,270/300,1.111111,180,200,1.111111,65,36,29,0,143,7.1780,1399.71,21.53
39,220/800,3.636364,120,436,3.633333,72,18,54,0,136,7.1664,967.46,13.44
40,70/300,4.285714,230,986,4.286957,59,13,46,0,149,6.2612,1534.00,26.00
41,270/300,1.111111,210,233,1.109524,60,33,27,0,148,6.0863,1369.41,22.82
42,270/300,1.111111,220,244,1.109091,60,33,27,0,148,6.0720,1426.92,23.78
43,270/300,1.111111,230,256,1.113043,59,32,27,0,149,5.1482,1261.31,21.38
44,70/300,4.285714,110,471,4.281818,75,16,59,0,133,5.0991,637.39,8.50
45,270/300,1.111111,200,222,1.110000,61,33,28,0,147,5.0432,1084.29,17.78
46,220/800,3.636364,200,727,3.635000,61,15,46,0,147,4.9382,1061.71,17.41
47,220/800,3.636364,250,909,3.636000,57,14,43,0,151,4.5524,1206.39,21.16
48,220/800,3.636364,130,473,3.638462,71,17,54,0,137,3.6790,533.46,7.51
49,220/800,3.636364,240,873,3.637500,58,14,44,0,150,3.5146,896.22,15.45
50,270/300,1.111111,190,211,1.110526,63,33,30,0,145,2.9430,603.31,9.58
51,220/800,3.636364,190,691,3.636842,63,15,48,0,145,2.8482,583.89,9.27
52,220/800,3.636364,230,836,3.634783,59,14,45,0,149,2.4178,592.35,10.04
53,270/300,1.111111,240,267,1.112500,58,30,28,0,150,1.9646,500.97,8.64
54,220/800,3.636364,140,509,3.635714,69,16,53,0,139,1.1142,172.71,2.50
55,270/300,1.111111,250,278,1.112000,57,29,28,0,151,0.8964,237.55,4.17
56,270/300,1.111111,260,289,1.111538,53,27,26,0,155,0.8951,246.16,4.64
57,220/800,3.636364,180,655,3.638889,65,15,50,0,143,0.7613,148.46,2.28
58,220/800,3.636364,170,618,3.635294,65,15,50,0,143,0.7074,130.87,2.01
59,270/300,1.111111,280,311,1.110714,50,25,25,0,158,-0.1721,-50.78,-1.02
60,220/800,3.636364,160,582,3.637500,66,15,51,0,142,-0.3183,-55.70,-0.84
61,220/800,3.636364,150,545,3.633333,66,15,51,0,142,-0.3808,-62.83,-0.95
62,270/300,1.111111,290,322,1.110345,45,22,23,0,163,-1.2184,-371.62,-8.26
63,270/300,1.111111,370,411,1.110811,25,11,14,0,183,-3.2511,-1251.67,-50.07
64,270/300,1.111111,340,378,1.111765,29,13,16,0,179,-3.2523,-1154.55,-39.81
65,270/300,1.111111,350,389,1.111429,28,12,16,0,180,-4.3093,-1572.88,-56.17
66,270/300,1.111111,360,400,1.111111,27,11,16,0,181,-5.3654,-2012.02,-74.52
67,270/300,1.111111,330,367,1.112121,33,14,19,0,175,-5.3707,-1852.89,-56.15
68,270/300,1.111111,300,333,1.110000,43,19,24,0,165,-5.4384,-1713.10,-39.84
69,270/300,1.111111,310,344,1.109677,39,16,23,0,169,-7.5384,-2449.97,-62.82
70,270/300,1.111111,320,356,1.112500,36,14,22,0,172,-8.5418,-2861.50,-79.49
BEST_NET_R,SELL,19:30-20:00,80/686,net_R=70.6594,entries=87

SELL AVOIDED SLOT 20:30-21:00 (IST); raw_signals=209
rank,source_sl_tp,source_rr,sl_points,tp_points,actual_rr,entries,wins,losses,open,skipped,net_R,net_points,expectancy_points
1,70/800,11.428571,80,914,11.425000,76,8,68,0,133,18.9312,1798.46,23.66
2,220/800,3.636364,80,291,3.637500,76,21,55,0,133,16.9187,1607.28,21.15
3,70/600,8.571429,80,686,8.575000,76,10,66,0,133,15.2812,1451.71,19.10
4,220/800,3.636364,90,327,3.633333,71,19,52,0,138,12.8585,1350.15,19.02
5,70/400,5.714286,90,514,5.711111,71,13,58,0,138,12.0696,1267.31,17.85
6,70/600,8.571429,90,771,8.566667,71,9,62,0,138,10.9252,1147.15,16.16
7,70/300,4.285714,80,343,4.287500,76,17,59,0,133,9.4187,894.78,11.77
8,70/400,5.714286,170,971,5.711765,56,10,46,0,153,7.8248,1447.60,25.85
9,70/600,8.571429,110,943,8.572727,65,8,57,0,144,7.7598,969.98,14.92
10,70/400,5.714286,100,571,5.710000,69,12,57,0,140,7.4628,858.22,12.44
11,270/300,1.111111,180,200,1.111111,55,31,24,0,154,7.2104,1406.04,25.56
12,70/400,5.714286,120,686,5.716667,64,11,53,0,145,6.1201,826.22,12.91
13,220/800,3.636364,100,364,3.640000,69,17,52,0,140,5.8228,669.62,9.70
14,70/400,5.714286,110,629,5.718182,65,11,54,0,144,5.0780,634.75,9.77
15,70/300,4.285714,90,386,4.288889,71,15,56,0,138,4.1585,436.65,6.15
16,270/300,1.111111,230,256,1.113043,46,25,21,0,163,4.1213,1009.72,21.95
17,270/300,1.111111,240,267,1.112500,46,25,21,0,163,4.1077,1047.46,22.77
18,270/300,1.111111,260,289,1.111538,44,24,20,0,165,4.0897,1124.67,25.56
19,270/300,1.111111,200,222,1.110000,52,28,24,0,157,4.0224,864.82,16.63
20,70/600,8.571429,100,857,8.570000,69,8,61,0,140,3.5028,402.82,5.84
21,270/300,1.111111,250,278,1.112000,45,24,21,0,164,3.0420,806.13,17.91
22,220/800,3.636364,70,255,3.642857,81,19,62,0,128,2.4515,208.38,2.57
23,220/800,3.636364,180,655,3.638889,55,13,42,0,154,2.0716,403.95,7.34
24,70/300,4.285714,130,557,4.284615,63,13,50,0,146,1.9956,289.36,4.59
25,270/300,1.111111,290,322,1.110345,36,19,17,0,173,1.9798,603.82,16.77
26,270/300,1.111111,220,244,1.109091,50,26,24,0,159,1.8964,445.65,8.91
27,220/800,3.636364,120,436,3.633333,64,15,49,0,145,1.7368,234.47,3.66
28,220/800,3.636364,170,618,3.635294,56,13,43,0,153,0.9660,178.71,3.19
29,270/300,1.111111,280,311,1.110714,39,20,19,0,170,0.9211,271.72,6.97
30,70/300,4.285714,120,514,4.283333,64,13,51,0,145,0.9201,124.22,1.94
31,270/300,1.111111,210,233,1.109524,51,26,25,0,158,0.8488,190.98,3.74
32,70/400,5.714286,130,743,5.715385,63,10,53,0,146,0.4494,65.17,1.03
33,70/400,5.714286,80,457,5.712500,76,12,64,0,133,0.0812,7.71,0.10
34,70/400,5.714286,160,914,5.712500,57,9,48,0,152,0.0609,10.66,0.19
35,70/300,4.285714,180,771,4.283333,55,11,44,0,154,-0.1173,-22.88,-0.42
36,70/400,5.714286,140,800,5.714286,58,9,49,0,151,-0.9818,-152.18,-2.62
37,70/300,4.285714,230,986,4.286957,46,9,37,0,163,-1.1222,-274.94,-5.98
38,70/300,4.285714,170,729,4.288235,56,11,45,0,153,-1.1222,-207.61,-3.71
39,270/300,1.111111,320,356,1.112500,31,15,16,0,178,-1.1353,-380.33,-12.27
40,270/300,1.111111,300,333,1.110000,33,16,17,0,176,-1.1804,-371.83,-11.27
41,270/300,1.111111,190,211,1.110526,53,26,27,0,156,-1.2427,-254.76,-4.81
42,220/800,3.636364,270,982,3.637037,41,9,32,0,168,-1.6775,-478.08,-11.66
43,70/300,4.285714,160,686,4.287500,57,11,46,0,152,-2.1891,-383.09,-6.72
44,270/300,1.111111,370,411,1.110811,24,11,13,0,185,-2.1923,-844.03,-35.17
45,270/300,1.111111,310,344,1.109677,32,15,17,0,177,-2.2364,-726.84,-22.71
46,220/800,3.636364,230,836,3.634783,46,10,36,0,163,-2.3570,-577.46,-12.55
47,70/300,4.285714,150,643,4.286667,58,11,47,0,151,-3.2571,-537.42,-9.27
48,70/300,4.285714,140,600,4.285714,58,11,47,0,151,-3.2675,-506.47,-8.73
49,70/300,4.285714,190,814,4.284211,53,10,43,0,156,-3.2743,-671.23,-12.66
50,220/800,3.636364,110,400,3.636364,65,14,51,0,144,-3.9129,-489.11,-7.52
51,220/800,3.636364,200,727,3.635000,52,11,41,0,157,-4.0726,-875.61,-16.84
52,70/300,4.285714,100,429,4.290000,69,13,56,0,140,-4.2872,-493.03,-7.15
53,270/300,1.111111,340,378,1.111765,28,12,16,0,181,-4.3052,-1528.35,-54.58
54,270/300,1.111111,330,367,1.112121,30,13,17,0,179,-4.3064,-1485.72,-49.52
55,270/300,1.111111,360,400,1.111111,28,12,16,0,181,-4.3131,-1617.40,-57.76
56,220/800,3.636364,160,582,3.637500,57,12,45,0,152,-4.7016,-822.78,-14.43
57,220/800,3.636364,190,691,3.636842,53,11,42,0,156,-5.1111,-1047.78,-19.77
58,70/300,4.285714,220,943,4.286364,50,9,41,0,159,-5.3627,-1260.24,-25.20
59,70/300,4.285714,110,471,4.281818,65,12,53,0,144,-5.4402,-680.02,-10.46
60,220/800,3.636364,130,473,3.638462,63,13,50,0,146,-6.4044,-928.64,-14.74
61,270/300,1.111111,350,389,1.111429,28,11,17,0,181,-6.4207,-2343.55,-83.70
62,220/800,3.636364,240,873,3.637500,46,9,37,0,163,-6.9673,-1776.66,-38.62
63,70/300,4.285714,200,857,4.285000,52,9,43,0,157,-7.4926,-1610.91,-30.98
64,220/800,3.636364,210,764,3.638095,51,10,41,0,158,-7.6178,-1714.02,-33.61
65,70/400,5.714286,150,857,5.713333,58,8,50,0,151,-7.7037,-1271.12,-21.92
66,220/800,3.636364,260,945,3.634615,44,8,36,0,165,-9.5103,-2615.33,-59.44
67,220/800,3.636364,140,509,3.635714,58,11,47,0,151,-10.4175,-1614.72,-27.84
68,220/800,3.636364,150,545,3.633333,58,11,47,0,151,-10.4437,-1723.22,-29.71
69,220/800,3.636364,250,909,3.636000,45,8,37,0,164,-10.5580,-2797.87,-62.17
70,70/300,4.285714,210,900,4.285714,51,8,43,0,158,-11.7131,-2635.44,-51.68
BEST_NET_R,SELL,20:30-21:00,80/914,net_R=18.9312,entries=76

SELL AVOIDED SLOT 21:00-21:30 (IST); raw_signals=174
rank,source_sl_tp,source_rr,sl_points,tp_points,actual_rr,entries,wins,losses,open,skipped,net_R,net_points,expectancy_points
1,220/800,3.636364,90,327,3.633333,71,18,53,0,103,8.2252,863.65,12.16
2,220/800,3.636364,110,400,3.636364,67,17,50,0,107,7.8786,984.82,14.70
3,220/800,3.636364,80,291,3.637500,74,18,56,0,100,5.1238,486.76,6.58
4,70/400,5.714286,120,686,5.716667,65,11,54,0,109,5.0613,683.28,10.51
5,70/400,5.714286,110,629,5.718182,67,11,56,0,107,2.9604,370.05,5.52
6,220/800,3.636364,190,691,3.636842,59,14,45,0,115,2.4466,501.55,8.50
7,220/800,3.636364,100,364,3.640000,68,16,52,0,106,2.2416,257.78,3.79
8,70/300,4.285714,160,686,4.287500,63,13,50,0,111,2.0331,355.79,5.65
9,70/300,4.285714,150,643,4.286667,63,13,50,0,111,2.0223,333.67,5.30
10,70/300,4.285714,140,600,4.285714,63,13,50,0,111,2.0099,311.53,4.94
11,70/300,4.285714,80,343,4.287500,74,15,59,0,100,0.9613,91.32,1.23
12,70/300,4.285714,130,557,4.284615,64,13,51,0,110,0.9368,135.84,2.12
13,270/300,1.111111,200,222,1.110000,57,29,28,0,117,0.8384,180.26,3.16
14,270/300,1.111111,210,233,1.109524,55,28,27,0,119,0.8327,187.35,3.41
15,220/800,3.636364,180,655,3.638889,61,14,47,0,113,0.3576,69.74,1.14
16,270/300,1.111111,220,244,1.109091,52,26,26,0,122,-0.2212,-51.99,-1.00
17,70/400,5.714286,130,743,5.715385,64,10,54,0,110,-0.6094,-88.36,-1.38
18,70/300,4.285714,90,386,4.288889,71,14,57,0,103,-1.1304,-118.69,-1.67
19,270/300,1.111111,340,378,1.111765,27,13,14,0,147,-1.1347,-402.80,-14.92
20,270/300,1.111111,190,211,1.110526,59,29,30,0,115,-1.2639,-259.11,-4.39
21,270/300,1.111111,350,389,1.111429,26,12,14,0,148,-2.1917,-799.95,-30.77
22,270/300,1.111111,250,278,1.112000,44,21,23,0,130,-2.2352,-592.33,-13.46
23,270/300,1.111111,240,267,1.112500,45,21,24,0,129,-3.2835,-837.29,-18.61
24,270/300,1.111111,260,289,1.111538,43,20,23,0,131,-3.2976,-906.85,-21.09
25,270/300,1.111111,180,200,1.111111,61,29,32,0,113,-3.3646,-656.09,-10.76
26,220/800,3.636364,120,436,3.633333,65,14,51,0,109,-3.9553,-533.97,-8.21
27,270/300,1.111111,360,400,1.111111,24,10,14,0,150,-4.3001,-1612.53,-67.19
28,270/300,1.111111,320,356,1.112500,34,15,19,0,140,-4.3117,-1444.42,-42.48
29,270/300,1.111111,330,367,1.112121,34,15,19,0,140,-4.3174,-1489.50,-43.81
30,270/300,1.111111,310,344,1.109677,34,15,19,0,140,-4.3540,-1415.06,-41.62
31,70/400,5.714286,100,571,5.710000,68,10,58,0,106,-4.8984,-563.32,-8.28
32,270/300,1.111111,370,411,1.110811,21,8,13,0,153,-5.3483,-2059.10,-98.05
33,220/800,3.636364,170,618,3.635294,62,13,49,0,112,-5.3868,-996.55,-16.07
34,270/300,1.111111,230,256,1.113043,47,21,26,0,127,-5.3897,-1320.47,-28.10
35,270/300,1.111111,300,333,1.110000,35,15,20,0,139,-5.4080,-1703.52,-48.67
36,70/300,4.285714,120,514,4.283333,65,12,53,0,109,-5.4220,-731.97,-11.26
37,220/800,3.636364,160,582,3.637500,63,13,50,0,111,-6.4169,-1122.96,-17.82
38,220/800,3.636364,140,509,3.635714,63,13,50,0,111,-6.4401,-998.22,-15.84
39,270/300,1.111111,290,322,1.110345,36,15,21,0,138,-6.4616,-1970.80,-54.74
40,220/800,3.636364,150,545,3.633333,63,13,50,0,111,-6.4711,-1067.73,-16.95
41,220/800,3.636364,210,764,3.638095,55,11,44,0,119,-7.2150,-1623.36,-29.52
42,220/800,3.636364,130,473,3.638462,64,13,51,0,110,-7.4632,-1082.16,-16.91
43,70/300,4.285714,220,943,4.286364,52,9,43,0,122,-7.4803,-1757.88,-33.81
44,270/300,1.111111,280,311,1.110714,37,15,22,0,137,-7.5149,-2216.89,-59.92
45,220/800,3.636364,260,945,3.634615,43,8,35,0,131,-8.4515,-2324.16,-54.05
46,70/300,4.285714,100,429,4.290000,68,12,56,0,106,-8.5184,-979.62,-14.41
47,220/800,3.636364,200,727,3.635000,57,11,46,0,117,-9.3666,-2013.82,-35.33
48,220/800,3.636364,70,255,3.642857,75,15,60,0,99,-9.7671,-830.21,-11.07
49,220/800,3.636364,270,982,3.637037,40,7,33,0,134,-9.8927,-2819.43,-70.49
50,70/300,4.285714,210,900,4.285714,55,9,46,0,119,-10.6626,-2399.08,-43.62
51,70/300,4.285714,180,771,4.283333,61,10,51,0,113,-11.7535,-2291.93,-37.57
52,70/400,5.714286,170,971,5.711765,62,8,54,0,112,-11.9515,-2211.02,-35.66
53,70/300,4.285714,230,986,4.286957,47,7,40,0,127,-12.7549,-3124.95,-66.49
54,70/300,4.285714,170,729,4.288235,62,10,52,0,112,-12.7632,-2361.20,-38.08
55,70/300,4.285714,200,857,4.285000,57,9,48,0,117,-12.7866,-2749.12,-48.23
56,70/300,4.285714,110,471,4.281818,67,11,56,0,107,-12.8396,-1604.95,-23.95
57,70/400,5.714286,140,800,5.714286,63,8,55,0,111,-12.9901,-2013.47,-31.96
58,70/400,5.714286,150,857,5.713333,63,8,55,0,111,-12.9977,-2144.63,-34.04
59,70/400,5.714286,160,914,5.712500,63,8,55,0,111,-13.0044,-2275.77,-36.12
60,220/800,3.636364,250,909,3.636000,44,7,37,0,130,-14.1352,-3745.83,-85.13
61,70/400,5.714286,90,514,5.711111,71,9,62,0,103,-14.7748,-1551.35,-21.85
62,70/300,4.285714,190,814,4.284211,59,9,50,0,115,-14.9113,-3056.82,-51.81
63,220/800,3.636364,240,873,3.637500,45,7,38,0,129,-15.1835,-3871.79,-86.04
64,220/800,3.636364,230,836,3.634783,47,7,40,0,127,-17.3201,-4243.43,-90.29
65,70/600,8.571429,110,943,8.572727,67,5,62,0,107,-23.0760,-2884.50,-43.05
66,70/400,5.714286,80,457,5.712500,74,8,66,0,100,-24.6512,-2341.86,-31.65
67,70/600,8.571429,80,686,8.575000,74,5,69,0,100,-30.4762,-2895.24,-39.12
68,70/600,8.571429,100,857,8.570000,68,4,64,0,106,-33.7184,-3877.62,-57.02
69,70/600,8.571429,90,771,8.566667,71,4,67,0,103,-36.9081,-3875.35,-54.58
70,70/800,11.428571,80,914,11.425000,74,2,72,0,100,-53.5012,-5082.61,-68.68
BEST_NET_R,SELL,21:00-21:30,90/327,net_R=8.2252,entries=71

SELL AVOIDED SLOT 23:00-23:30 (IST); raw_signals=160
rank,source_sl_tp,source_rr,sl_points,tp_points,actual_rr,entries,wins,losses,open,skipped,net_R,net_points,expectancy_points
1,270/300,1.111111,260,289,1.111538,28,16,12,0,132,4.1382,1138.01,40.64
2,270/300,1.111111,230,256,1.113043,39,21,18,0,121,3.0807,754.77,19.35
3,270/300,1.111111,250,278,1.112000,30,16,14,0,130,2.0280,537.42,17.91
4,270/300,1.111111,280,311,1.110714,28,15,13,0,132,2.0143,594.22,21.22
5,270/300,1.111111,220,244,1.109091,42,22,20,0,118,1.9304,453.64,10.80
6,270/300,1.111111,240,267,1.112500,35,18,17,0,125,0.9670,246.59,7.05
7,270/300,1.111111,210,233,1.109524,43,22,21,0,117,0.8811,198.25,4.61
8,220/800,3.636364,210,764,3.638095,43,10,33,0,117,0.8526,191.82,4.46
9,220/800,3.636364,230,836,3.634783,39,9,30,0,121,0.4198,102.86,2.64
10,270/300,1.111111,370,411,1.110811,16,8,8,0,144,-0.0543,-20.91,-1.31
11,270/300,1.111111,320,356,1.112500,24,12,12,0,136,-0.0612,-20.50,-0.85
12,270/300,1.111111,290,322,1.110345,26,13,13,0,134,-0.0943,-28.77,-1.11
13,270/300,1.111111,310,344,1.109677,24,12,12,0,136,-0.0951,-30.90,-1.29
14,270/300,1.111111,360,400,1.111111,17,8,9,0,143,-1.1107,-416.52,-24.50
15,270/300,1.111111,330,367,1.112121,23,11,12,0,137,-1.1191,-386.08,-16.79
16,220/800,3.636364,270,982,3.637037,28,6,22,0,132,-1.8242,-519.89,-18.57
17,220/800,3.636364,260,945,3.634615,28,6,22,0,132,-1.8387,-505.64,-18.06
18,270/300,1.111111,350,389,1.111429,20,9,11,0,140,-2.1731,-793.20,-39.66
19,270/300,1.111111,340,378,1.111765,22,10,12,0,138,-2.1760,-772.46,-35.11
20,270/300,1.111111,300,333,1.110000,26,12,14,0,134,-2.2088,-695.77,-26.76
21,270/300,1.111111,200,222,1.110000,44,21,23,0,116,-2.2772,-489.60,-11.13
22,70/600,8.571429,80,686,8.575000,67,7,60,0,93,-3.9146,-371.89,-5.55
23,220/800,3.636364,250,909,3.636000,30,6,24,0,130,-3.9480,-1046.22,-34.87
24,70/600,8.571429,90,771,8.566667,67,7,60,0,93,-3.9729,-417.16,-6.23
25,70/300,4.285714,230,986,4.286957,39,7,32,0,121,-4.2845,-1049.70,-26.92
26,220/800,3.636364,70,255,3.642857,70,15,55,0,90,-4.4731,-380.22,-5.43
27,220/800,3.636364,240,873,3.637500,35,7,28,0,125,-4.5955,-1171.85,-33.48
28,220/800,3.636364,200,727,3.635000,44,9,35,0,116,-4.8722,-1047.52,-23.81
29,270/300,1.111111,180,200,1.111111,51,23,28,0,109,-5.4432,-1061.43,-20.81
30,70/300,4.285714,180,771,4.283333,51,9,42,0,109,-6.4488,-1257.52,-24.66
31,70/300,4.285714,220,943,4.286364,42,7,35,0,118,-7.4651,-1754.29,-41.77
32,70/300,4.285714,90,386,4.288889,67,12,55,0,93,-7.4729,-784.66,-11.71
33,70/300,4.285714,80,343,4.287500,67,12,55,0,93,-7.4896,-711.51,-10.62
34,70/300,4.285714,210,900,4.285714,43,7,36,0,117,-8.5284,-1918.89,-44.63
35,70/800,11.428571,80,914,11.425000,67,5,62,0,93,-8.8146,-837.39,-12.50
36,270/300,1.111111,190,211,1.110526,49,20,29,0,111,-9.6707,-1982.49,-40.46
37,220/800,3.636364,80,291,3.637500,67,13,54,0,93,-10.6521,-1011.95,-15.10
38,220/800,3.636364,90,327,3.633333,67,13,54,0,93,-10.7063,-1124.16,-16.78
39,220/800,3.636364,180,655,3.638889,51,9,42,0,109,-12.2488,-2388.52,-46.83
40,70/300,4.285714,170,729,4.288235,53,8,45,0,107,-13.8105,-2554.95,-48.21
41,220/800,3.636364,190,691,3.636842,49,8,41,0,111,-14.7865,-3031.22,-61.86
42,70/300,4.285714,200,857,4.285000,44,6,38,0,116,-14.8772,-3198.60,-72.70
43,70/400,5.714286,120,686,5.716667,59,7,52,0,101,-15.4525,-2086.09,-35.36
44,70/400,5.714286,130,743,5.715385,59,7,52,0,101,-15.4615,-2241.92,-38.00
45,220/800,3.636364,100,364,3.640000,64,11,53,0,96,-16.7232,-1923.17,-30.05
46,70/300,4.285714,160,686,4.287500,56,8,48,0,104,-16.9928,-2973.74,-53.10
47,70/400,5.714286,80,457,5.712500,67,8,59,0,93,-17.2396,-1637.76,-24.44
48,70/400,5.714286,90,514,5.711111,67,8,59,0,93,-17.2507,-1811.32,-27.03
49,70/400,5.714286,110,629,5.718182,61,7,54,0,99,-17.5595,-2194.94,-35.98
50,70/300,4.285714,150,643,4.286667,57,8,49,0,103,-18.0583,-2979.61,-52.27
51,220/800,3.636364,110,400,3.636364,61,10,51,0,99,-18.2232,-2277.90,-37.34
52,220/800,3.636364,170,618,3.635294,53,8,45,0,107,-19.0340,-3521.30,-66.44
53,70/400,5.714286,140,800,5.714286,57,6,51,0,103,-20.0659,-3110.21,-54.57
54,70/400,5.714286,150,857,5.713333,57,6,51,0,103,-20.0716,-3311.81,-58.10
55,70/300,4.285714,190,814,4.284211,49,6,43,0,111,-20.1759,-4136.07,-84.41
56,220/800,3.636364,120,436,3.633333,59,9,50,0,101,-20.7692,-2803.84,-47.52
57,70/400,5.714286,100,571,5.710000,64,7,57,0,96,-20.7932,-2391.22,-37.36
58,220/800,3.636364,160,582,3.637500,56,8,48,0,104,-22.1928,-3883.74,-69.35
59,70/400,5.714286,170,971,5.711765,53,5,48,0,107,-22.5576,-4173.15,-78.74
60,220/800,3.636364,150,545,3.633333,57,8,49,0,103,-23.2849,-3842.01,-67.40
61,70/300,4.285714,140,600,4.285714,57,7,50,0,103,-23.3516,-3619.50,-63.50
62,220/800,3.636364,130,473,3.638462,59,8,51,0,101,-25.3615,-3677.42,-62.33
63,70/300,4.285714,100,429,4.290000,64,8,56,0,96,-25.4432,-2925.97,-45.72
64,70/300,4.285714,130,557,4.284615,59,7,52,0,101,-25.4769,-3694.15,-62.61
65,70/300,4.285714,120,514,4.283333,59,7,52,0,101,-25.4859,-3440.59,-58.32
66,70/400,5.714286,160,914,5.712500,56,5,51,0,104,-25.7303,-4502.80,-80.41
67,70/600,8.571429,110,943,8.572727,61,4,57,0,99,-26.2959,-3286.99,-53.89
68,70/300,4.285714,110,471,4.281818,61,7,54,0,99,-27.6141,-3451.76,-56.59
69,220/800,3.636364,140,509,3.635714,57,7,50,0,103,-27.9016,-4324.75,-75.87
70,70/600,8.571429,100,857,8.570000,64,4,60,0,96,-29.4832,-3390.57,-52.98
BEST_NET_R,SELL,23:00-23:30,260/289,net_R=4.1382,entries=28

