RAW PERFORMANCE DATA
spread_points=15.00,commission_percent_of_risk=10.0000


GRID SEARCH
signals,long=4231,short=3997,total=8228

LONG (ranked by net points):
rank,sl_points,target_points,rr,entries,wins,losses,open,skipped,win_rate_pct,net_points,net_r,expectancy_points,alpha_R_per_trade,sharpe
1,70,400,5.714,4194,837,3357,0,37,19.96,7542.00,107.7429,1.80,0.0257,0.6199
2,70,300,4.286,4214,1058,3156,0,17,25.11,3772.00,53.8857,0.90,0.0128,0.3621
3,70,600,8.571,3530,489,3041,0,701,13.85,2870.00,41.0000,0.81,0.0116,0.2087
4,70,200,2.857,4218,1421,2797,0,13,33.69,-4386.00,-62.6571,-1.04,-0.0149,-0.5291
5,70,500,7.143,3557,564,2993,0,674,15.86,-5764.00,-82.3429,-1.62,-0.0231,-0.4641
6,70,700,10.000,3501,409,3092,0,730,11.68,-7162.00,-102.3143,-2.05,-0.0292,-0.4893
7,70,800,11.429,3469,344,3125,0,762,9.92,-19868.00,-283.8286,-5.73,-0.0818,-1.2971
8,70,900,12.857,3427,302,3125,0,804,8.81,-22344.00,-319.2000,-6.52,-0.0931,-1.3879
9,120,600,5.000,3050,589,2461,0,1181,19.31,-24270.00,-202.2500,-7.96,-0.0663,-1.5460
10,120,400,3.333,3956,1066,2890,0,275,26.95,-27212.00,-226.7667,-6.88,-0.0573,-1.8750
11,120,700,5.833,3018,506,2512,0,1213,16.77,-28726.00,-239.3833,-9.52,-0.0793,-1.7067
12,70,1000,14.286,3396,264,3132,0,835,7.77,-29952.00,-427.8857,-8.82,-0.1260,-1.7937
13,120,500,4.167,3073,679,2394,0,1158,22.10,-30751.00,-256.2583,-10.01,-0.0834,-2.1562
14,120,300,2.500,4185,1381,2804,0,46,33.00,-35175.00,-293.1250,-8.41,-0.0700,-2.7529
15,270,1000,3.704,1613,367,1246,0,2618,22.75,-37166.00,-137.6519,-23.04,-0.0853,-1.7375
16,120,800,6.667,2976,434,2542,0,1255,14.58,-38192.00,-318.2667,-12.83,-0.1069,-2.1557
17,270,900,3.333,1633,401,1232,0,2598,24.56,-40326.00,-149.3556,-24.69,-0.0915,-1.9810
18,270,800,2.963,1677,451,1226,0,2554,26.89,-40654.00,-150.5704,-24.24,-0.0898,-2.0918
19,120,900,7.500,2926,379,2547,0,1305,12.95,-43542.00,-362.8500,-14.88,-0.1240,-2.3498
20,170,600,3.529,2600,625,1975,0,1631,24.04,-43950.00,-258.5294,-16.90,-0.0994,-2.6191
21,270,600,2.222,1738,571,1167,0,2493,32.85,-45486.00,-168.4667,-26.17,-0.0969,-2.6693
22,120,200,1.667,4205,1785,2420,0,26,42.45,-46935.00,-391.1250,-11.16,-0.0930,-4.5756
23,270,700,2.593,1712,501,1211,0,2519,29.26,-48174.00,-178.4222,-28.14,-0.1042,-2.6374
24,120,1000,8.333,2891,336,2555,0,1340,11.62,-48657.00,-405.4750,-16.83,-0.1403,-2.5206
25,170,500,2.941,2626,718,1908,0,1605,27.34,-49392.00,-290.5412,-18.81,-0.1106,-3.2270
26,270,500,1.852,1751,644,1107,0,2480,36.78,-50432.00,-186.7852,-28.80,-0.1067,-3.2450
27,220,600,2.727,2149,612,1537,0,2082,28.48,-50453.00,-229.3318,-23.48,-0.1067,-2.9402
28,320,500,1.563,1351,542,809,0,2880,40.12,-51377.00,-160.5531,-38.03,-0.1188,-3.4765
29,170,700,4.118,2563,535,2028,0,1668,20.87,-52276.00,-307.5059,-20.40,-0.1200,-2.9199
30,170,400,2.353,3483,1141,2342,0,748,32.76,-53196.00,-312.9176,-15.27,-0.0898,-3.3689
31,320,600,1.875,1339,475,864,0,2892,35.47,-54413.00,-170.0406,-40.64,-0.1270,-3.3771
32,220,500,2.273,2168,698,1470,0,2063,32.20,-54616.00,-248.2545,-25.19,-0.1145,-3.4860
33,170,900,5.294,2474,416,2058,0,1757,16.81,-54628.00,-321.3412,-22.08,-0.1299,-2.7439
34,170,1000,5.882,2445,375,2070,0,1786,15.34,-55140.00,-324.3529,-22.55,-0.1327,-2.6444
35,320,900,2.813,1265,335,930,0,2966,26.48,-55555.00,-173.6094,-43.92,-0.1372,-2.9005
36,320,800,2.500,1299,376,923,0,2932,28.95,-55613.00,-173.7906,-42.81,-0.1338,-3.0367
37,220,900,4.091,2027,415,1612,0,2204,20.47,-56139.00,-255.1773,-27.70,-0.1259,-2.7584
38,320,1000,3.125,1240,302,938,0,2991,24.35,-56440.00,-176.3750,-45.52,-0.1422,-2.8278
39,170,800,4.706,2518,465,2053,0,1713,18.47,-57586.00,-338.7412,-22.87,-0.1345,-3.0484
40,220,1000,4.545,2006,375,1631,0,2225,18.69,-58042.00,-263.8273,-28.93,-0.1315,-2.7239
41,220,700,3.182,2109,523,1586,0,2122,24.80,-60853.00,-276.6045,-28.85,-0.1312,-3.3345
42,320,700,2.188,1322,416,906,0,2909,31.47,-60854.00,-190.1687,-46.03,-0.1438,-3.5321
43,220,800,3.636,2071,462,1609,0,2160,22.31,-61007.00,-277.3045,-29.46,-0.1339,-3.1562
44,270,400,1.481,2539,1082,1457,0,1692,42.62,-67228.00,-248.9926,-26.48,-0.0981,-4.0260
45,170,300,1.765,4122,1626,2496,0,109,39.45,-68424.00,-402.4941,-16.60,-0.0976,-4.6391
46,370,500,1.351,956,385,571,0,3275,40.27,-68482.00,-185.0865,-71.63,-0.1936,-5.1881
47,220,400,1.818,2994,1129,1865,0,1237,37.71,-69478.00,-315.8091,-23.21,-0.1055,-4.2250
48,370,600,1.622,948,335,613,0,3283,35.34,-75106.00,-202.9892,-79.23,-0.2141,-5.2581
49,370,800,2.162,916,266,650,0,3315,29.04,-75332.00,-203.6000,-82.24,-0.2223,-4.6839
50,320,400,1.250,2104,966,1138,0,2127,45.91,-76648.00,-239.5250,-36.43,-0.1138,-4.6562
51,370,700,1.892,934,296,638,0,3297,31.69,-77428.00,-209.2649,-82.90,-0.2241,-5.0863
52,370,900,2.432,894,236,658,0,3337,26.40,-77548.00,-209.5892,-86.74,-0.2344,-4.6305
53,370,1000,2.703,879,210,669,0,3352,23.89,-83238.00,-224.9676,-94.70,-0.2559,-4.8031
54,170,200,1.176,4178,2054,2124,0,53,49.16,-83976.00,-493.9765,-20.10,-0.1182,-7.0228
55,220,300,1.364,3862,1741,2121,0,369,45.08,-87214.00,-396.4273,-22.58,-0.1026,-5.4233
56,370,400,1.081,1695,815,880,0,2536,48.08,-87740.00,-237.1351,-51.76,-0.1399,-5.5379
57,270,300,1.111,3381,1696,1685,0,850,50.16,-88152.00,-326.4889,-26.07,-0.0966,-5.3187
58,320,300,0.938,2911,1566,1345,0,1320,53.80,-97417.00,-304.4281,-33.47,-0.1046,-5.8403
59,370,300,0.811,2472,1404,1068,0,1759,56.80,-102504.00,-277.0378,-41.47,-0.1121,-6.2106
60,220,200,0.909,4108,2266,1842,0,123,55.16,-104036.00,-472.8909,-25.33,-0.1151,-7.7700
61,270,200,0.741,4012,2394,1618,0,219,59.67,-126564.00,-468.7556,-31.55,-0.1168,-8.6654
62,320,200,0.625,3761,2378,1383,0,470,63.23,-143727.00,-449.1469,-38.22,-0.1194,-9.3457
63,370,200,0.541,3302,2180,1122,0,929,66.02,-150844.00,-407.6865,-45.68,-0.1235,-9.7219

SHORT (ranked by net points):
rank,sl_points,target_points,rr,entries,wins,losses,open,skipped,win_rate_pct,net_points,net_r,expectancy_points,alpha_R_per_trade,sharpe
1,70,900,12.857,3266,343,2923,0,731,10.50,32238.00,460.5429,9.87,0.1410,1.8966
2,70,500,7.143,3382,599,2783,0,615,17.71,30286.00,432.6571,8.96,0.1279,2.3929
3,70,800,11.429,3296,383,2913,0,701,11.62,29978.00,428.2571,9.10,0.1299,1.8726
4,70,400,5.714,3959,833,3126,0,38,21.04,27282.00,389.7429,6.89,0.0984,2.2631
5,70,600,8.571,3350,500,2850,0,647,14.93,26800.00,382.8571,8.00,0.1143,1.9391
6,70,1000,14.286,3232,302,2930,0,765,9.34,25796.00,368.5143,7.98,0.1140,1.4568
7,70,700,10.000,3323,429,2894,0,674,12.91,24614.00,351.6286,7.41,0.1058,1.6535
8,70,300,4.286,3987,1037,2950,0,10,26.01,16886.00,241.2286,4.24,0.0605,1.6474
9,120,500,4.167,2910,708,2202,0,1087,24.33,11190.00,93.2500,3.85,0.0320,0.7796
10,120,400,3.333,3727,1066,2661,0,270,28.60,6451.00,53.7583,1.73,0.0144,0.4496
11,120,600,5.000,2882,595,2287,0,1115,20.65,4746.00,39.5500,1.65,0.0137,0.3033
12,120,900,7.500,2778,405,2373,0,1219,14.58,4734.00,39.4500,1.70,0.0142,0.2495
13,120,700,5.833,2846,511,2335,0,1151,17.96,658.00,5.4833,0.23,0.0019,0.0392
14,120,800,6.667,2819,450,2369,0,1178,15.96,-393.00,-3.2750,-0.14,-0.0012,-0.0220
15,170,500,2.941,2478,745,1733,0,1519,30.06,-1406.00,-8.2706,-0.57,-0.0033,-0.0919
16,120,300,2.500,3949,1378,2571,0,48,34.89,-1743.00,-14.5250,-0.44,-0.0037,-0.1385
17,120,1000,8.333,2745,358,2387,0,1252,13.04,-2555.00,-21.2917,-0.93,-0.0078,-0.1293
18,170,600,3.529,2452,639,1813,0,1545,26.06,-3274.00,-19.2588,-1.34,-0.0079,-0.1956
19,170,400,2.353,3269,1149,2120,0,728,35.15,-5408.00,-31.8118,-1.65,-0.0097,-0.3475
20,70,200,2.857,3990,1337,2653,0,7,33.51,-6090.00,-87.0000,-1.53,-0.0218,-0.7564
21,320,700,2.188,1299,460,838,1,2698,35.44,-7166.00,-22.3937,-5.52,-0.0173,-0.4075
22,170,700,4.118,2419,553,1866,0,1578,22.86,-7528.00,-44.2824,-3.11,-0.0183,-0.4189
23,370,600,1.622,967,412,554,1,3030,42.65,-8012.00,-21.6541,-8.29,-0.0224,-0.5371
24,370,700,1.892,956,369,586,1,3041,38.64,-8180.00,-22.1081,-8.56,-0.0231,-0.5078
25,320,500,1.563,1322,579,743,0,2675,43.80,-10394.00,-32.4813,-7.86,-0.0246,-0.7024
26,170,800,4.706,2395,488,1907,0,1602,20.38,-10430.00,-61.3529,-4.35,-0.0256,-0.5454
27,320,600,1.875,1318,514,803,1,2679,39.03,-10459.00,-32.6844,-7.94,-0.0248,-0.6419
28,170,900,5.294,2363,436,1927,0,1634,18.45,-10806.00,-63.5647,-4.57,-0.0269,-0.5355
29,370,500,1.351,969,456,513,0,3028,47.06,-12198.00,-32.9676,-12.59,-0.0340,-0.9019
30,370,800,2.162,949,331,617,1,3048,34.92,-12786.00,-34.5568,-13.47,-0.0365,-0.7442
31,170,300,1.765,3889,1643,2246,0,108,42.25,-13368.00,-78.6353,-3.44,-0.0202,-0.9232
32,270,600,2.222,1667,581,1085,1,2330,34.87,-14322.00,-53.0444,-8.59,-0.0318,-0.8460
33,320,800,2.500,1289,409,879,1,2708,31.75,-14616.00,-45.6750,-11.34,-0.0355,-0.7808
34,270,500,1.852,1680,661,1019,0,2317,39.35,-15190.00,-56.2593,-9.04,-0.0335,-0.9849
35,370,900,2.432,934,298,635,1,3063,31.94,-15266.00,-41.2595,-16.34,-0.0442,-0.8436
36,270,700,2.593,1641,509,1131,1,2356,31.04,-17950.00,-66.4815,-10.94,-0.0405,-0.9874
37,320,900,2.813,1261,364,896,1,2736,28.89,-18340.00,-57.3125,-14.54,-0.0455,-0.9340
38,270,800,2.963,1621,455,1165,1,2376,28.09,-18590.00,-68.8519,-11.47,-0.0425,-0.9602
39,270,900,3.333,1586,406,1179,1,2411,25.62,-19500.00,-72.2222,-12.30,-0.0456,-0.9588
40,270,400,1.481,2423,1098,1325,0,1574,45.32,-20316.00,-75.2444,-8.38,-0.0311,-1.2372
41,220,700,3.182,2034,544,1490,0,1963,26.75,-22258.00,-101.1727,-10.94,-0.0497,-1.2116
42,170,1000,5.882,2324,382,1942,0,1673,16.44,-22508.00,-132.4000,-9.69,-0.0570,-1.0765
43,220,900,4.091,1975,433,1542,0,2022,21.92,-22615.00,-102.7955,-11.45,-0.0520,-1.0979
44,220,600,2.727,2062,618,1444,0,1935,29.97,-23174.00,-105.3364,-11.24,-0.0511,-1.3582
45,220,500,2.273,2083,710,1373,0,1914,34.09,-24131.00,-109.6864,-11.58,-0.0527,-1.5489
46,220,800,3.636,2007,482,1525,0,1990,24.02,-24159.00,-109.8136,-12.04,-0.0547,-1.2373
47,320,400,1.250,2041,1004,1037,0,1956,49.19,-26167.00,-81.7719,-12.82,-0.0401,-1.6087
48,220,400,1.818,2856,1141,1715,0,1141,39.95,-26572.00,-120.7818,-9.30,-0.0423,-1.6370
49,370,1000,2.703,923,262,660,1,3074,28.42,-30144.00,-81.4703,-32.66,-0.0884,-1.6058
50,220,300,1.364,3652,1746,1906,0,345,47.81,-30644.00,-139.2909,-8.39,-0.0381,-1.9519
51,270,300,1.111,3206,1696,1510,0,791,52.90,-33552.00,-124.2667,-10.47,-0.0388,-2.0824
52,320,1000,3.125,1245,320,924,1,2752,25.72,-34148.00,-106.7125,-27.43,-0.0858,-1.6773
53,370,400,1.081,1678,875,803,0,2319,52.15,-34366.00,-92.8811,-20.48,-0.0554,-2.1804
54,120,200,1.667,3973,1717,2256,0,24,43.22,-34591.00,-288.2583,-8.71,-0.0726,-3.4615
55,220,1000,4.545,1939,378,1561,0,2058,19.49,-37163.00,-168.9227,-19.17,-0.0871,-1.7457
56,270,1000,3.704,1562,351,1210,1,2435,22.49,-41262.00,-152.8222,-26.42,-0.0979,-1.9691
57,320,300,0.938,2802,1592,1210,0,1195,56.82,-41294.00,-129.0437,-14.74,-0.0461,-2.5397
58,170,200,1.176,3938,2018,1920,0,59,51.24,-48816.00,-287.1529,-12.40,-0.0729,-4.2056
59,370,300,0.811,2406,1437,969,0,1591,59.73,-52542.00,-142.0054,-21.84,-0.0590,-3.2591
60,220,200,0.909,3877,2229,1648,0,120,57.49,-60209.00,-273.6773,-15.53,-0.0706,-4.6566
61,270,200,0.741,3815,2353,1462,0,182,61.68,-84370.00,-312.4815,-22.12,-0.0819,-5.9772
62,320,200,0.625,3604,2360,1244,0,393,65.48,-95468.00,-298.3375,-26.49,-0.0828,-6.4316
63,370,200,0.541,3191,2185,1006,0,806,68.47,-101152.00,-273.3838,-31.70,-0.0857,-6.7604

COMBINED (ranked by net points):
rank,sl_points,target_points,rr,entries,wins,losses,open,skipped,win_rate_pct,net_points,net_r,expectancy_points,alpha_R_per_trade,sharpe
1,70,400,5.714,7822,1598,6224,0,406,20.43,31436.00,449.0857,4.02,0.0574,1.8756
2,70,600,8.571,6479,928,5551,0,1749,14.32,25692.00,367.0286,3.97,0.0566,1.3598
3,70,500,7.143,6611,1105,5506,0,1617,16.71,21638.00,309.1143,3.27,0.0468,1.2512
4,70,300,4.286,8067,2062,6005,0,161,25.56,20776.00,296.8000,2.58,0.0368,1.4331
5,70,700,10.000,6359,773,5586,0,1869,12.16,10182.00,145.4571,1.60,0.0229,0.5074
6,70,900,12.857,6104,581,5523,0,2124,9.52,2002.00,28.6000,0.33,0.0047,0.0900
7,70,1000,14.286,6021,513,5508,0,2207,8.52,-5022.00,-71.7429,-0.83,-0.0119,-0.2166
8,70,800,11.429,6225,652,5573,0,2003,10.47,-5460.00,-78.0000,-0.88,-0.0125,-0.2597
9,70,200,2.857,8184,2748,5436,0,44,33.58,-10968.00,-156.6857,-1.34,-0.0191,-0.9508
10,120,500,4.167,5611,1300,4311,0,2617,23.17,-18817.00,-156.8083,-3.35,-0.0279,-0.9602
11,120,600,5.000,5482,1090,4392,0,2746,19.88,-21054.00,-175.4500,-3.84,-0.0320,-0.9894
12,120,400,3.333,7243,1999,5244,0,985,27.60,-25241.00,-210.3417,-3.48,-0.0290,-1.2758
13,120,700,5.833,5350,917,4433,0,2878,17.14,-34510.00,-287.5833,-6.45,-0.0538,-1.5266
14,120,300,2.500,7914,2686,5228,0,314,33.94,-35238.00,-293.6500,-4.45,-0.0371,-1.9916
15,120,900,7.500,5073,685,4388,0,3155,13.50,-47031.00,-391.9250,-9.27,-0.0773,-1.8941
16,120,800,6.667,5216,782,4434,0,3012,14.99,-47312.00,-394.2667,-9.07,-0.0756,-1.9944
17,170,600,3.529,4621,1144,3477,0,3607,24.76,-52562.00,-309.1882,-11.37,-0.0669,-2.3264
18,170,500,2.941,4750,1353,3397,0,3478,28.48,-52990.00,-311.7059,-11.16,-0.0656,-2.5423
19,120,1000,8.333,4983,601,4382,0,3245,12.06,-59381.00,-494.8417,-11.92,-0.0993,-2.3060
20,320,500,1.563,2442,1019,1423,0,5786,41.73,-60634.00,-189.4812,-24.83,-0.0776,-3.0339
21,170,400,2.353,6321,2132,4189,0,1907,33.73,-61602.00,-362.3647,-9.75,-0.0573,-2.8749
22,320,600,1.875,2395,882,1512,1,5833,36.84,-67158.00,-209.8687,-28.04,-0.0877,-3.0922
23,270,500,1.852,3116,1175,1941,0,5112,37.71,-67442.00,-249.7852,-21.64,-0.0802,-3.2370
24,270,600,2.222,3040,1010,2030,0,5188,33.22,-69780.00,-258.4444,-22.95,-0.0850,-3.0879
25,170,700,4.118,4492,962,3530,0,3736,21.42,-70444.00,-414.3765,-15.68,-0.0922,-2.9446
26,320,900,2.813,2191,601,1589,1,6037,27.44,-70510.00,-220.3437,-32.18,-0.1006,-2.7670
27,270,900,3.333,2768,676,2092,0,5460,24.42,-72696.00,-269.2444,-26.26,-0.0973,-2.7484
28,320,800,2.500,2272,678,1593,1,5956,29.85,-74097.00,-231.5531,-32.61,-0.1020,-3.0330
29,320,700,2.188,2325,763,1561,1,5903,32.83,-74648.00,-233.2750,-32.11,-0.1004,-3.2321
30,270,800,2.963,2863,764,2099,0,5365,26.69,-75776.00,-280.6519,-26.47,-0.0980,-2.9918
31,170,300,1.765,7724,3157,4567,0,504,40.87,-76458.00,-449.7529,-9.90,-0.0582,-3.7650
32,370,500,1.351,1819,794,1025,0,6409,43.65,-76838.00,-207.6703,-42.24,-0.1142,-4.1743
33,370,900,2.432,1645,485,1159,1,6583,29.50,-77818.00,-210.3189,-47.31,-0.1279,-3.3127
34,220,900,4.091,3490,730,2760,0,4738,20.92,-79330.00,-360.5909,-22.73,-0.1033,-2.9475
35,270,700,2.593,2947,866,2081,0,5281,29.39,-79444.00,-294.2370,-26.96,-0.0998,-3.3114
36,170,900,5.294,4262,730,3532,0,3966,17.13,-79824.00,-469.5529,-18.73,-0.1102,-3.0327
37,370,600,1.622,1795,698,1096,1,6433,38.91,-80008.00,-216.2378,-44.57,-0.1205,-3.9932
38,220,600,2.727,3810,1096,2714,0,4418,28.77,-80450.00,-365.6818,-21.12,-0.0960,-3.5108
39,120,200,1.667,8139,3485,4654,0,89,42.82,-81233.00,-676.9417,-9.98,-0.0832,-5.6863
40,370,800,2.162,1702,544,1157,1,6526,31.98,-81342.00,-219.8432,-47.79,-0.1292,-3.6132
41,170,800,4.706,4380,828,3552,0,3848,18.90,-81600.00,-480.0000,-18.63,-0.1096,-3.2460
42,370,700,1.892,1747,612,1134,1,6481,35.05,-81972.00,-221.5459,-46.92,-0.1269,-3.8415
43,220,500,2.273,3920,1285,2635,0,4308,32.78,-82240.00,-373.8182,-20.98,-0.0954,-3.8859
44,320,1000,3.125,2123,525,1597,1,6105,24.74,-85774.00,-268.0438,-40.40,-0.1263,-3.2683
45,270,400,1.481,4583,2003,2580,0,3645,43.70,-87886.00,-325.5037,-19.18,-0.0710,-3.9059
46,220,800,3.636,3593,814,2779,0,4635,22.66,-93121.00,-423.2773,-25.92,-0.1178,-3.6380
47,220,700,3.182,3688,929,2759,0,4540,25.19,-93136.00,-423.3455,-25.25,-0.1148,-3.8396
48,170,1000,5.882,4166,638,3528,0,4062,15.31,-95072.00,-559.2471,-22.82,-0.1342,-3.4954
49,220,400,1.818,5444,2102,3342,0,2784,38.61,-95868.00,-435.7636,-17.61,-0.0800,-4.3041
50,370,1000,2.703,1606,424,1181,1,6622,26.42,-96430.00,-260.6216,-60.04,-0.1624,-3.9837
51,220,1000,4.545,3391,634,2757,0,4837,18.70,-98007.00,-445.4864,-28.90,-0.1314,-3.5378
52,270,1000,3.704,2688,582,2106,0,5540,21.65,-99516.00,-368.5778,-37.02,-0.1371,-3.6689
53,320,400,1.250,3823,1809,2014,0,4405,47.32,-100561.00,-314.2531,-26.30,-0.0822,-4.5237
54,370,400,1.081,3179,1595,1584,0,5049,50.17,-113388.00,-306.4541,-35.67,-0.0964,-5.2227
55,220,300,1.364,7183,3331,3852,0,1045,46.37,-113911.00,-517.7773,-15.86,-0.0721,-5.1827
56,270,300,1.111,6266,3229,3037,0,1962,51.53,-114462.00,-423.9333,-18.27,-0.0677,-5.0756
57,320,300,0.938,5431,3007,2424,0,2797,55.37,-128837.00,-402.6156,-23.72,-0.0741,-5.6717
58,170,200,1.176,8055,4034,4021,0,173,50.08,-134530.00,-791.3529,-16.70,-0.0982,-8.1019
59,370,300,0.811,4665,2725,1940,0,3563,58.41,-142880.00,-386.1622,-30.63,-0.0828,-6.3342
60,220,200,0.909,7896,4435,3461,0,332,56.17,-166572.00,-757.1455,-21.10,-0.0959,-8.9946
61,270,200,0.741,7693,4653,3040,0,535,60.48,-213306.00,-790.0222,-27.73,-0.1027,-10.5833
62,320,200,0.625,7196,4617,2579,0,1032,64.16,-240092.00,-750.2875,-33.36,-0.1043,-11.3497
63,370,200,0.541,6327,4251,2076,0,1901,67.19,-246924.00,-667.3622,-39.03,-0.1055,-11.5983

BUY SL/TP 70/300 WEEKDAY ANALYSIS (IST):
dimension,bucket,entries,wins,losses,open,win_rate_pct,net_points,net_R,expectancy_points,alpha_R_per_trade,sharpe
weekday,MONDAY,674,192,482,0,28.49,9032.00,129.0286,13.40,0.1914,2.0817
weekday,TUESDAY,766,183,583,0,23.89,-2762.00,-39.4571,-3.61,-0.0515,-0.6321
weekday,WEDNESDAY,703,179,524,0,25.46,1554.00,22.2000,2.21,0.0316,0.3634
weekday,THURSDAY,745,189,556,0,25.37,1390.00,19.8571,1.87,0.0267,0.3161
weekday,FRIDAY,676,166,510,0,24.56,-772.00,-11.0286,-1.14,-0.0163,-0.1863
weekday,SATURDAY,367,79,288,0,21.53,-4534.00,-64.7714,-12.35,-0.1765,-1.5542
weekday,SUNDAY,283,70,213,0,24.73,-136.00,-1.9429,-0.48,-0.0069,-0.0506
BUY SL/TP 70/300 HALF-HOUR ANALYSIS (IST):
half_hour_ist,00:00-00:30,99,24,75,0,24.24,-228.00,-3.2571,-2.30,-0.0329,-0.1438
half_hour_ist,00:30-01:00,115,36,79,0,31.30,2740.00,39.1429,23.83,0.3404,1.4826
half_hour_ist,01:00-01:30,101,20,81,0,19.80,-1892.00,-27.0286,-18.73,-0.2676,-1.2705
half_hour_ist,01:30-02:00,87,29,58,0,33.33,2726.00,38.9429,31.33,0.4476,1.6659
half_hour_ist,02:00-02:30,91,27,64,0,29.67,1618.00,23.1143,17.78,0.2540,0.9980
half_hour_ist,02:30-03:00,68,19,49,0,27.94,774.00,11.0571,11.38,0.1626,0.5612
half_hour_ist,03:00-03:30,88,23,65,0,26.14,414.00,5.9143,4.70,0.0672,0.2699
half_hour_ist,03:30-04:00,80,15,65,0,18.75,-1810.00,-25.8571,-22.63,-0.3232,-1.3925
half_hour_ist,04:00-04:30,78,19,59,0,24.36,-146.00,-2.0857,-1.87,-0.0267,-0.1034
half_hour_ist,04:30-05:00,90,19,71,0,21.11,-1250.00,-17.8571,-13.89,-0.1984,-0.8678
half_hour_ist,05:00-05:30,68,17,51,0,25.00,34.00,0.4857,0.50,0.0071,0.0255
half_hour_ist,05:30-06:00,93,20,73,0,21.51,-1156.00,-16.5143,-12.43,-0.1776,-0.7843
half_hour_ist,06:00-06:30,123,35,88,0,28.46,1634.00,23.3429,13.28,0.1898,0.8789
half_hour_ist,06:30-07:00,101,27,74,0,26.73,698.00,9.9714,6.91,0.0987,0.4220
half_hour_ist,07:00-07:30,104,26,78,0,25.00,52.00,0.7429,0.50,0.0071,0.0317
half_hour_ist,07:30-08:00,75,30,45,0,40.00,4200.00,60.0000,56.00,0.8000,2.6576
half_hour_ist,08:00-08:30,67,23,44,0,34.33,2346.00,33.5143,35.01,0.5002,1.6192
half_hour_ist,08:30-09:00,72,14,58,0,19.44,-1444.00,-20.6286,-20.06,-0.2865,-1.1540
half_hour_ist,09:00-09:30,57,12,45,0,21.05,-804.00,-11.4857,-14.11,-0.2015,-0.6998
half_hour_ist,09:30-10:00,63,18,45,0,28.57,864.00,12.3429,13.71,0.1959,0.6460
half_hour_ist,10:00-10:30,62,13,49,0,20.97,-894.00,-12.7714,-14.42,-0.2060,-0.7477
half_hour_ist,10:30-11:00,53,16,37,0,30.19,1044.00,14.9143,19.70,0.2814,0.8363
half_hour_ist,11:00-11:30,62,16,46,0,25.81,216.00,3.0857,3.48,0.0498,0.1681
half_hour_ist,11:30-12:00,59,11,48,0,18.64,-1358.00,-19.4000,-23.02,-0.3288,-1.2165
half_hour_ist,12:00-12:30,52,13,39,0,25.00,26.00,0.3714,0.50,0.0071,0.0223
half_hour_ist,12:30-13:00,63,16,47,0,25.40,124.00,1.7714,1.97,0.0281,0.0962
half_hour_ist,13:00-13:30,64,18,46,0,28.13,772.00,11.0286,12.06,0.1723,0.5755
half_hour_ist,13:30-14:00,55,10,45,0,18.18,-1360.00,-19.4286,-24.73,-0.3532,-1.2733
half_hour_ist,14:00-14:30,74,20,54,0,27.03,592.00,8.4571,8.00,0.1143,0.4160
half_hour_ist,14:30-15:00,48,13,35,0,27.08,394.00,5.6286,8.21,0.1173,0.3422
half_hour_ist,15:00-15:30,69,13,56,0,18.84,-1538.00,-21.9714,-22.29,-0.3184,-1.2704
half_hour_ist,15:30-16:00,65,17,48,0,26.15,310.00,4.4286,4.77,0.0681,0.2346
half_hour_ist,16:00-16:30,57,13,44,0,22.81,-434.00,-6.2000,-7.61,-0.1088,-0.3670
half_hour_ist,16:30-17:00,60,15,45,0,25.00,30.00,0.4286,0.50,0.0071,0.0240
half_hour_ist,17:00-17:30,72,15,57,0,20.83,-1074.00,-15.3429,-14.92,-0.2131,-0.8365
half_hour_ist,17:30-18:00,95,24,71,0,25.26,140.00,2.0000,1.47,0.0211,0.0889
half_hour_ist,18:00-18:30,110,27,83,0,24.55,-130.00,-1.8571,-1.18,-0.0169,-0.0775
half_hour_ist,18:30-19:00,103,20,83,0,19.42,-2076.00,-29.6571,-20.16,-0.2879,-1.3908
half_hour_ist,19:00-19:30,218,49,169,0,22.48,-1926.00,-27.5143,-8.83,-0.1262,-0.8426
half_hour_ist,19:30-20:00,121,30,91,0,24.79,-32.00,-0.4571,-0.26,-0.0038,-0.0181
half_hour_ist,20:00-20:30,168,39,129,0,23.21,-1026.00,-14.6571,-6.11,-0.0872,-0.5052
half_hour_ist,20:30-21:00,117,32,85,0,27.35,1076.00,15.3714,9.20,0.1314,0.6006
half_hour_ist,21:00-21:30,102,20,82,0,19.61,-1984.00,-28.3429,-19.45,-0.2779,-1.3307
half_hour_ist,21:30-22:00,125,29,96,0,23.20,-770.00,-11.0000,-6.16,-0.0880,-0.4392
half_hour_ist,22:00-22:30,132,39,93,0,29.55,2286.00,32.6571,17.32,0.2474,1.1742
half_hour_ist,22:30-23:00,85,23,62,0,27.06,690.00,9.8571,8.12,0.1160,0.4526
half_hour_ist,23:00-23:30,100,30,70,0,30.00,1900.00,27.1429,19.00,0.2714,1.1150
half_hour_ist,23:30-00:00,103,24,79,0,23.30,-596.00,-8.5143,-5.79,-0.0827,-0.3736
BUY SL/TP 70/300 DAY-OF-MONTH NET-R ANALYSIS (IST):
day_of_month,1,143,28,115,0,19.58,-2796.00,-39.9429,-19.55,-0.2793,-1.5869
day_of_month,2,145,33,112,0,22.76,-1130.00,-16.1429,-7.79,-0.1113,-0.6028
day_of_month,3,149,43,106,0,28.86,2202.00,31.4571,14.78,0.2111,1.0724
day_of_month,4,155,37,118,0,23.87,-570.00,-8.1429,-3.68,-0.0525,-0.2893
day_of_month,5,143,46,97,0,32.17,3864.00,55.2000,27.02,0.3860,1.8630
day_of_month,6,131,36,95,0,27.48,1268.00,18.1143,9.68,0.1383,0.6682
day_of_month,7,149,32,117,0,21.48,-1868.00,-26.6857,-12.54,-0.1791,-1.0038
day_of_month,8,138,43,95,0,31.16,3214.00,45.9143,23.29,0.3327,1.5908
day_of_month,9,132,29,103,0,21.97,-1414.00,-20.2000,-10.71,-0.1530,-0.8003
day_of_month,10,132,30,102,0,22.73,-1044.00,-14.9143,-7.91,-0.1130,-0.5838
day_of_month,11,138,38,100,0,27.54,1364.00,19.4857,9.88,0.1412,0.7000
day_of_month,12,149,44,105,0,29.53,2572.00,36.7429,17.26,0.2466,1.2442
day_of_month,13,137,34,103,0,24.82,-24.00,-0.3429,-0.18,-0.0025,-0.0128
day_of_month,14,147,31,116,0,21.09,-2054.00,-29.3429,-13.97,-0.1996,-1.1186
day_of_month,15,142,35,107,0,24.65,-114.00,-1.6286,-0.80,-0.0115,-0.0598
day_of_month,16,147,32,115,0,21.77,-1684.00,-24.0571,-11.46,-0.1637,-0.9066
day_of_month,17,133,40,93,0,30.08,2564.00,36.6286,19.28,0.2754,1.3054
day_of_month,18,150,31,119,0,20.67,-2330.00,-33.2857,-15.53,-0.2219,-1.2656
day_of_month,19,119,27,92,0,22.69,-958.00,-13.6857,-8.05,-0.1150,-0.5643
day_of_month,20,136,38,98,0,27.94,1548.00,22.1143,11.38,0.1626,0.7966
day_of_month,21,154,38,116,0,24.68,-108.00,-1.5429,-0.70,-0.0100,-0.0544
day_of_month,22,144,34,110,0,23.61,-668.00,-9.5429,-4.64,-0.0663,-0.3530
day_of_month,23,141,32,109,0,22.70,-1132.00,-16.1714,-8.03,-0.1147,-0.6129
day_of_month,24,145,30,115,0,20.69,-2240.00,-32.0000,-15.45,-0.2207,-1.2369
day_of_month,25,137,41,96,0,29.93,2566.00,36.6571,18.73,0.2676,1.2891
day_of_month,26,142,36,106,0,25.35,256.00,3.6571,1.80,0.0258,0.1330
day_of_month,27,120,31,89,0,25.83,430.00,6.1429,3.58,0.0512,0.2414
day_of_month,28,138,29,109,0,21.01,-1966.00,-28.0857,-14.25,-0.2035,-1.1062
day_of_month,29,113,36,77,0,31.86,2924.00,41.7714,25.88,0.3697,1.5885
day_of_month,30,108,31,77,0,28.70,1534.00,21.9143,14.20,0.2029,0.8778
day_of_month,31,57,13,44,0,22.81,-434.00,-6.2000,-7.61,-0.1088,-0.3670

BUY SL/TP 270/300 WEEKDAY ANALYSIS (IST):
dimension,bucket,entries,wins,losses,open,win_rate_pct,net_points,net_R,expectancy_points,alpha_R_per_trade,sharpe
weekday,MONDAY,544,285,259,0,52.39,-7278.00,-26.9556,-13.38,-0.0496,-1.0951
weekday,TUESDAY,608,295,313,0,48.52,-21546.00,-79.8000,-35.44,-0.1313,-3.0648
weekday,WEDNESDAY,579,281,298,0,48.53,-20478.00,-75.8444,-35.37,-0.1310,-2.9848
weekday,THURSDAY,586,289,297,0,49.32,-18102.00,-67.0444,-30.89,-0.1144,-2.6218
weekday,FRIDAY,530,278,252,0,52.45,-6900.00,-25.5556,-13.02,-0.0482,-1.0519
weekday,SATURDAY,299,149,150,0,49.83,-8358.00,-30.9556,-27.95,-0.1035,-1.6932
weekday,SUNDAY,235,119,116,0,50.64,-5490.00,-20.3333,-23.36,-0.0865,-1.2540
BUY SL/TP 270/300 HALF-HOUR ANALYSIS (IST):
half_hour_ist,00:00-00:30,73,33,40,0,45.21,-3966.00,-14.6889,-54.33,-0.2012,-1.6250
half_hour_ist,00:30-01:00,92,55,37,0,59.78,2646.00,9.8000,28.76,0.1065,0.9816
half_hour_ist,01:00-01:30,75,32,43,0,42.67,-5160.00,-19.1111,-68.80,-0.2548,-2.0993
half_hour_ist,01:30-02:00,70,43,27,0,61.43,2670.00,9.8889,38.14,0.1413,1.1419
half_hour_ist,02:00-02:30,73,38,35,0,52.05,-1116.00,-4.1333,-15.29,-0.0566,-0.4555
half_hour_ist,02:30-03:00,61,30,31,0,49.18,-1932.00,-7.1556,-31.67,-0.1173,-0.8609
half_hour_ist,03:00-03:30,66,30,36,0,45.45,-3492.00,-12.9333,-52.91,-0.1960,-1.5029
half_hour_ist,03:30-04:00,68,36,32,0,52.94,-696.00,-2.5778,-10.24,-0.0379,-0.2945
half_hour_ist,04:00-04:30,61,30,31,0,49.18,-1932.00,-7.1556,-31.67,-0.1173,-0.8609
half_hour_ist,04:30-05:00,72,34,38,0,47.22,-3084.00,-11.4222,-42.83,-0.1586,-1.2683
half_hour_ist,05:00-05:30,55,29,26,0,52.73,-630.00,-2.3333,-11.45,-0.0424,-0.2958
half_hour_ist,05:30-06:00,74,42,32,0,56.76,852.00,3.1556,11.51,0.0426,0.3484
half_hour_ist,06:00-06:30,90,47,43,0,52.22,-1290.00,-4.7778,-14.33,-0.0531,-0.4749
half_hour_ist,06:30-07:00,88,50,38,0,56.82,1044.00,3.8667,11.86,0.0439,0.3919
half_hour_ist,07:00-07:30,79,38,41,0,48.10,-2988.00,-11.0667,-37.82,-0.1401,-1.1729
half_hour_ist,07:30-08:00,64,34,30,0,53.13,-588.00,-2.1778,-9.19,-0.0340,-0.2564
half_hour_ist,08:00-08:30,55,27,28,0,49.09,-1770.00,-6.5556,-32.18,-0.1192,-0.8299
half_hour_ist,08:30-09:00,55,23,32,0,41.82,-4050.00,-15.0000,-73.64,-0.2727,-1.9246
half_hour_ist,09:00-09:30,46,25,21,0,54.35,-102.00,-0.3778,-2.22,-0.0082,-0.0524
half_hour_ist,09:30-10:00,48,27,21,0,56.25,414.00,1.5333,8.63,0.0319,0.2091
half_hour_ist,10:00-10:30,53,24,29,0,45.28,-2856.00,-10.5778,-53.89,-0.1996,-1.3696
half_hour_ist,10:30-11:00,39,24,15,0,61.54,1512.00,5.6000,38.77,0.1436,0.8618
half_hour_ist,11:00-11:30,53,26,27,0,49.06,-1716.00,-6.3556,-32.38,-0.1199,-0.8194
half_hour_ist,11:30-12:00,51,23,28,0,45.10,-2802.00,-10.3778,-54.94,-0.2035,-1.3697
half_hour_ist,12:00-12:30,46,21,25,0,45.65,-2382.00,-8.8222,-51.78,-0.1918,-1.2235
half_hour_ist,12:30-13:00,57,30,27,0,52.63,-684.00,-2.5333,-12.00,-0.0444,-0.3155
half_hour_ist,13:00-13:30,49,23,26,0,46.94,-2178.00,-8.0667,-44.45,-0.1646,-1.0826
half_hour_ist,13:30-14:00,39,17,22,0,43.59,-2478.00,-9.1778,-63.54,-0.2353,-1.3857
half_hour_ist,14:00-14:30,52,27,25,0,51.92,-834.00,-3.0889,-16.04,-0.0594,-0.4022
half_hour_ist,14:30-15:00,42,21,21,0,50.00,-1134.00,-4.2000,-27.00,-0.1000,-0.6066
half_hour_ist,15:00-15:30,58,24,34,0,41.38,-4416.00,-16.3556,-76.14,-0.2820,-2.0476
half_hour_ist,15:30-16:00,51,24,27,0,47.06,-2232.00,-8.2667,-43.76,-0.1621,-1.0877
half_hour_ist,16:00-16:30,49,24,25,0,48.98,-1608.00,-5.9556,-32.82,-0.1215,-0.7979
half_hour_ist,16:30-17:00,53,27,26,0,50.94,-1146.00,-4.2444,-21.62,-0.0801,-0.5472
half_hour_ist,17:00-17:30,60,29,31,0,48.33,-2190.00,-8.1111,-36.50,-0.1352,-0.9843
half_hour_ist,17:30-18:00,75,37,38,0,49.33,-2310.00,-8.5556,-30.80,-0.1141,-0.9297
half_hour_ist,18:00-18:30,95,46,49,0,48.42,-3420.00,-12.6667,-36.00,-0.1333,-1.2253
half_hour_ist,18:30-19:00,87,41,46,0,47.13,-3774.00,-13.9778,-43.38,-0.1607,-1.4139
half_hour_ist,19:00-19:30,170,89,81,0,52.35,-2310.00,-8.5556,-13.59,-0.0503,-0.6205
half_hour_ist,19:30-20:00,90,42,48,0,46.67,-4140.00,-15.3333,-46.00,-0.1704,-1.5261
half_hour_ist,20:00-20:30,129,65,64,0,50.39,-3198.00,-11.8444,-24.79,-0.0918,-0.9842
half_hour_ist,20:30-21:00,100,57,43,0,57.00,1290.00,4.7778,12.90,0.0478,0.4548
half_hour_ist,21:00-21:30,78,34,44,0,43.59,-4956.00,-18.3556,-63.54,-0.2353,-1.9726
half_hour_ist,21:30-22:00,104,48,56,0,46.15,-5088.00,-18.8444,-48.92,-0.1812,-1.7473
half_hour_ist,22:00-22:30,105,52,53,0,49.52,-3120.00,-11.5556,-29.71,-0.1101,-1.0633
half_hour_ist,22:30-23:00,66,38,28,0,57.58,1068.00,3.9556,16.18,0.0599,0.4631
half_hour_ist,23:00-23:30,83,43,40,0,51.81,-1386.00,-5.1333,-16.70,-0.0618,-0.5309
half_hour_ist,23:30-00:00,82,37,45,0,45.12,-4494.00,-16.6444,-54.80,-0.2030,-1.7390
BUY SL/TP 270/300 DAY-OF-MONTH NET-R ANALYSIS (IST):
day_of_month,1,123,51,72,0,41.46,-9306.00,-34.4667,-75.66,-0.2802,-2.9759
day_of_month,2,115,52,63,0,45.22,-6240.00,-23.1111,-54.26,-0.2010,-2.0422
day_of_month,3,114,60,54,0,52.63,-1368.00,-5.0667,-12.00,-0.0444,-0.4482
day_of_month,4,130,67,63,0,51.54,-2370.00,-8.7778,-18.23,-0.0675,-0.7269
day_of_month,5,116,65,51,0,56.03,858.00,3.1778,7.40,0.0274,0.2804
day_of_month,6,104,49,55,0,47.12,-4518.00,-16.7333,-43.44,-0.1609,-1.5496
day_of_month,7,123,52,71,0,42.28,-8736.00,-32.3556,-71.02,-0.2631,-2.7860
day_of_month,8,120,62,58,0,51.67,-2100.00,-7.7778,-17.50,-0.0648,-0.6702
day_of_month,9,93,38,55,0,40.86,-7356.00,-27.2444,-79.10,-0.2930,-2.7076
day_of_month,10,115,60,55,0,52.17,-1680.00,-6.2222,-14.61,-0.0541,-0.5478
day_of_month,11,111,56,55,0,50.45,-2712.00,-10.0444,-24.43,-0.0905,-0.8992
day_of_month,12,114,60,54,0,52.63,-1368.00,-5.0667,-12.00,-0.0444,-0.4482
day_of_month,13,111,51,60,0,45.95,-5562.00,-20.6000,-50.11,-0.1856,-1.8501
day_of_month,14,115,54,61,0,46.96,-5100.00,-18.8889,-44.35,-0.1643,-1.6645
day_of_month,15,116,57,59,0,49.14,-3702.00,-13.7111,-31.91,-0.1182,-1.2010
day_of_month,16,117,58,59,0,49.57,-3444.00,-12.7556,-29.44,-0.1090,-1.1124
day_of_month,17,103,55,48,0,53.40,-786.00,-2.9111,-7.63,-0.0283,-0.2710
day_of_month,18,122,58,64,0,47.54,-5004.00,-18.5333,-41.02,-0.1519,-1.5850
day_of_month,19,90,52,38,0,57.78,1560.00,5.7778,17.33,0.0642,0.5808
day_of_month,20,103,55,48,0,53.40,-786.00,-2.9111,-7.63,-0.0283,-0.2710
day_of_month,21,131,76,55,0,58.02,2448.00,9.0667,18.69,0.0692,0.7574
day_of_month,22,116,63,53,0,54.31,-282.00,-1.0444,-2.43,-0.0090,-0.0918
day_of_month,23,113,49,64,0,43.36,-7326.00,-27.1333,-64.83,-0.2401,-2.4289
day_of_month,24,112,55,57,0,49.11,-3594.00,-13.3111,-32.09,-0.1188,-1.1864
day_of_month,25,114,59,55,0,51.75,-1938.00,-7.1778,-17.00,-0.0630,-0.6345
day_of_month,26,111,57,54,0,51.35,-2142.00,-7.9333,-19.30,-0.0715,-0.7104
day_of_month,27,93,50,43,0,53.76,-516.00,-1.9111,-5.55,-0.0205,-0.1873
day_of_month,28,110,54,56,0,49.09,-3540.00,-13.1111,-32.18,-0.1192,-1.1791
day_of_month,29,92,51,41,0,55.43,366.00,1.3556,3.98,0.0147,0.1340
day_of_month,30,83,45,38,0,54.22,-246.00,-0.9111,-2.96,-0.0110,-0.0945
day_of_month,31,51,25,26,0,49.02,-1662.00,-6.1556,-32.59,-0.1207,-0.8087

BUY REQUESTED SL/TP COMBINATIONS (raw):
sl_points,tp_points,rr,entries,wins,losses,open,skipped,win_rate_pct,net_points,net_r,expectancy_points,alpha_R_per_trade,sharpe
70,300,4.286,4214,1058,3156,0,17,25.11,3772.00,53.8857,0.90,0.0128,0.3621
270,300,1.111,3381,1696,1685,0,850,50.16,-88152.00,-326.4889,-26.07,-0.0966,-5.3187

BUY REQUESTED SL/TP COMBINATIONS BY EXPECTANCY:
sl_points,tp_points,rr,entries,wins,losses,open,skipped,win_rate_pct,net_points,net_r,expectancy_points,alpha_R_per_trade,sharpe
70,300,4.286,4214,1058,3156,0,17,25.11,3772.00,53.8857,0.90,0.0128,0.3621
270,300,1.111,3381,1696,1685,0,850,50.16,-88152.00,-326.4889,-26.07,-0.0966,-5.3187

SELL SL/TP 70/400 WEEKDAY ANALYSIS (IST):
dimension,bucket,entries,wins,losses,open,win_rate_pct,net_points,net_R,expectancy_points,alpha_R_per_trade,sharpe
weekday,MONDAY,691,145,546,0,20.98,4578.00,65.4000,6.63,0.0946,0.9093
weekday,TUESDAY,658,143,515,0,21.73,6674.00,95.3429,10.14,0.1449,1.3412
weekday,WEDNESDAY,651,145,506,0,22.27,8258.00,117.9714,12.69,0.1812,1.6538
weekday,THURSDAY,666,140,526,0,21.02,4528.00,64.6857,6.80,0.0971,0.9155
weekday,FRIDAY,649,137,512,0,21.11,4682.00,66.8857,7.21,0.1031,0.9575
weekday,SATURDAY,359,61,298,0,16.99,-4358.00,-62.2571,-12.14,-0.1734,-1.3012
weekday,SUNDAY,285,62,223,0,21.75,2920.00,41.7143,10.25,0.1464,0.8904
SELL SL/TP 70/400 HALF-HOUR ANALYSIS (IST):
half_hour_ist,00:00-00:30,107,21,86,0,19.63,26.00,0.3714,0.24,0.0035,0.0134
half_hour_ist,00:30-01:00,99,20,79,0,20.20,292.00,4.1714,2.95,0.0421,0.1547
half_hour_ist,01:00-01:30,98,18,80,0,18.37,-556.00,-7.9429,-5.67,-0.0810,-0.3070
half_hour_ist,01:30-02:00,104,27,77,0,25.96,3122.00,44.6000,30.02,0.4288,1.4785
half_hour_ist,02:00-02:30,93,18,75,0,19.35,-96.00,-1.3714,-1.03,-0.0147,-0.0533
half_hour_ist,02:30-03:00,76,22,54,0,28.95,3348.00,47.8286,44.05,0.6293,1.7898
half_hour_ist,03:00-03:30,84,15,69,0,17.86,-678.00,-9.6857,-8.07,-0.1153,-0.4085
half_hour_ist,03:30-04:00,104,26,78,0,25.00,2652.00,37.8857,25.50,0.3643,1.2716
half_hour_ist,04:00-04:30,56,11,45,0,19.64,18.00,0.2571,0.32,0.0046,0.0128
half_hour_ist,04:30-05:00,72,11,61,0,15.28,-1454.00,-20.7714,-20.19,-0.2885,-1.0063
half_hour_ist,05:00-05:30,61,11,50,0,18.03,-442.00,-6.3143,-7.25,-0.1035,-0.3106
half_hour_ist,05:30-06:00,82,20,62,0,24.39,1856.00,26.5143,22.63,0.3233,1.0093
half_hour_ist,06:00-06:30,87,20,67,0,22.99,1396.00,19.9429,16.05,0.2292,0.7525
half_hour_ist,06:30-07:00,78,18,60,0,23.08,1284.00,18.3429,16.46,0.2352,0.7295
half_hour_ist,07:00-07:30,70,21,49,0,30.00,3430.00,49.0000,49.00,0.7000,1.8898
half_hour_ist,07:30-08:00,74,17,57,0,22.97,1182.00,16.8857,15.97,0.2282,0.6903
half_hour_ist,08:00-08:30,78,21,57,0,26.92,2694.00,38.4857,34.54,0.4934,1.4538
half_hour_ist,08:30-09:00,62,11,51,0,17.74,-534.00,-7.6286,-8.61,-0.1230,-0.3747
half_hour_ist,09:00-09:30,48,11,37,0,22.92,754.00,10.7714,15.71,0.2244,0.5452
half_hour_ist,09:30-10:00,47,7,40,0,14.89,-1034.00,-14.7714,-22.00,-0.3143,-0.8917
half_hour_ist,10:00-10:30,59,14,45,0,23.73,1152.00,16.4571,19.53,0.2789,0.7437
half_hour_ist,10:30-11:00,58,11,47,0,18.97,-166.00,-2.3714,-2.86,-0.0409,-0.1173
half_hour_ist,11:00-11:30,56,11,45,0,19.64,18.00,0.2571,0.32,0.0046,0.0128
half_hour_ist,11:30-12:00,46,5,41,0,10.87,-1882.00,-26.8857,-40.91,-0.5845,-1.8761
half_hour_ist,12:00-12:30,54,8,46,0,14.81,-1208.00,-17.2571,-22.37,-0.3196,-0.9754
half_hour_ist,12:30-13:00,50,10,40,0,20.00,100.00,1.4286,2.00,0.0286,0.0745
half_hour_ist,13:00-13:30,63,12,51,0,19.05,-156.00,-2.2286,-2.48,-0.0354,-0.1056
half_hour_ist,13:30-14:00,58,15,43,0,25.86,1714.00,24.4857,29.55,0.4222,1.0841
half_hour_ist,14:00-14:30,60,10,50,0,16.67,-820.00,-11.7143,-13.67,-0.1952,-0.5993
half_hour_ist,14:30-15:00,62,9,53,0,14.52,-1474.00,-21.0571,-23.77,-0.3396,-1.1215
half_hour_ist,15:00-15:30,55,8,47,0,14.55,-1300.00,-18.5714,-23.64,-0.3377,-1.0482
half_hour_ist,15:30-16:00,56,8,48,0,14.29,-1392.00,-19.8857,-24.86,-0.3551,-1.1209
half_hour_ist,16:00-16:30,57,7,50,0,12.28,-1954.00,-27.9143,-34.28,-0.4897,-1.6630
half_hour_ist,16:30-17:00,45,5,40,0,11.11,-1790.00,-25.5714,-39.78,-0.5683,-1.7863
half_hour_ist,17:00-17:30,61,11,50,0,18.03,-442.00,-6.3143,-7.25,-0.1035,-0.3106
half_hour_ist,17:30-18:00,82,12,70,0,14.63,-1904.00,-27.2000,-23.22,-0.3317,-1.2580
half_hour_ist,18:00-18:30,119,28,91,0,23.53,2212.00,31.6000,18.59,0.2655,1.0128
half_hour_ist,18:30-19:00,82,19,63,0,23.17,1386.00,19.8000,16.90,0.2415,0.7671
half_hour_ist,19:00-19:30,167,44,123,0,26.35,5316.00,75.9429,31.83,0.4547,1.9809
half_hour_ist,19:30-20:00,110,27,83,0,24.55,2570.00,36.7143,23.36,0.3338,1.2059
half_hour_ist,20:00-20:30,175,49,126,0,28.00,6930.00,99.0000,39.60,0.5657,2.4753
half_hour_ist,20:30-21:00,120,24,96,0,20.00,240.00,3.4286,2.00,0.0286,0.1161
half_hour_ist,21:00-21:30,118,17,101,0,14.41,-2866.00,-40.9429,-24.29,-0.3470,-1.5918
half_hour_ist,21:30-22:00,108,25,83,0,23.15,1814.00,25.9143,16.80,0.2399,0.8764
half_hour_ist,22:00-22:30,132,38,94,0,28.79,5716.00,81.6571,43.30,0.6186,2.3290
half_hour_ist,22:30-23:00,104,18,86,0,17.31,-1108.00,-15.8286,-10.65,-0.1522,-0.6081
half_hour_ist,23:00-23:30,120,21,99,0,17.50,-1170.00,-16.7143,-9.75,-0.1393,-0.5956
half_hour_ist,23:30-00:00,102,21,81,0,20.59,486.00,6.9429,4.76,0.0681,0.2520
SELL SL/TP 70/400 DAY-OF-MONTH NET-R ANALYSIS (IST):
day_of_month,1,116,20,96,0,17.24,-1272.00,-18.1714,-10.97,-0.1567,-0.6624
day_of_month,2,144,25,119,0,17.36,-1498.00,-21.4000,-10.40,-0.1486,-0.6988
day_of_month,3,127,28,99,0,22.05,1476.00,21.0857,11.62,0.1660,0.6695
day_of_month,4,110,23,87,0,20.91,690.00,9.8571,6.27,0.0896,0.3426
day_of_month,5,125,34,91,0,27.20,4480.00,64.0000,35.84,0.5120,1.9082
day_of_month,6,149,31,118,0,20.81,862.00,12.3143,5.79,0.0826,0.3689
day_of_month,7,119,26,93,0,21.85,1272.00,18.1714,10.69,0.1527,0.5979
day_of_month,8,145,32,113,0,22.07,1700.00,24.2857,11.72,0.1675,0.7218
day_of_month,9,132,28,104,0,21.21,1016.00,14.5143,7.70,0.1100,0.4585
day_of_month,10,129,22,107,0,17.05,-1528.00,-21.8286,-11.84,-0.1692,-0.7581
day_of_month,11,138,32,106,0,23.19,2344.00,33.4857,16.99,0.2427,1.0023
day_of_month,12,130,27,103,0,20.77,730.00,10.4286,5.62,0.0802,0.3345
day_of_month,13,165,28,137,0,16.97,-2020.00,-28.8571,-12.24,-0.1749,-0.8887
day_of_month,14,136,19,117,0,13.97,-3582.00,-51.1714,-26.34,-0.3763,-1.8781
day_of_month,15,135,32,103,0,23.70,2620.00,37.4286,19.41,0.2772,1.1240
day_of_month,16,170,29,141,0,17.06,-2010.00,-28.7143,-11.82,-0.1689,-0.8694
day_of_month,17,153,32,121,0,20.92,964.00,13.7714,6.30,0.0900,0.4064
day_of_month,18,104,22,82,0,21.15,772.00,11.0286,7.42,0.1060,0.3925
day_of_month,19,110,23,87,0,20.91,690.00,9.8571,6.27,0.0896,0.3426
day_of_month,20,130,23,107,0,17.69,-1150.00,-16.4286,-8.85,-0.1264,-0.5602
day_of_month,21,128,26,102,0,20.31,444.00,6.3429,3.47,0.0496,0.2067
day_of_month,22,146,28,118,0,19.18,-272.00,-3.8857,-1.86,-0.0266,-0.1212
day_of_month,23,113,27,86,0,23.89,2294.00,32.7714,20.30,0.2900,1.0719
day_of_month,24,148,37,111,0,25.00,3774.00,53.9143,25.50,0.3643,1.5191
day_of_month,25,128,32,96,0,25.00,3264.00,46.6286,25.50,0.3643,1.4120
day_of_month,26,115,27,88,0,23.48,2110.00,30.1429,18.35,0.2621,0.9834
day_of_month,27,149,37,112,0,24.83,3682.00,52.6000,24.71,0.3530,1.4805
day_of_month,28,111,23,88,0,20.72,598.00,8.5429,5.39,0.0770,0.2966
day_of_month,29,98,21,77,0,21.43,854.00,12.2000,8.71,0.1245,0.4450
day_of_month,30,99,28,71,0,28.28,4052.00,57.8857,40.93,0.5847,1.9142
day_of_month,31,57,11,46,0,19.30,-74.00,-1.0571,-1.30,-0.0185,-0.0524

SELL SL/TP 70/600 WEEKDAY ANALYSIS (IST):
dimension,bucket,entries,wins,losses,open,win_rate_pct,net_points,net_R,expectancy_points,alpha_R_per_trade,sharpe
weekday,MONDAY,592,88,504,0,14.86,4496.00,64.2286,7.59,0.1085,0.7746
weekday,TUESDAY,567,93,474,0,16.40,10146.00,144.9429,17.89,0.2556,1.7159
weekday,WEDNESDAY,560,92,468,0,16.43,10120.00,144.5714,18.07,0.2582,1.7211
weekday,THURSDAY,555,83,472,0,14.95,4550.00,65.0000,8.20,0.1171,0.8076
weekday,FRIDAY,541,76,465,0,14.05,1148.00,16.4000,2.12,0.0303,0.2118
weekday,SATURDAY,301,29,272,0,9.63,-8262.00,-118.0286,-27.45,-0.3921,-2.4048
weekday,SUNDAY,234,39,195,0,16.67,4602.00,65.7429,19.67,0.2810,1.2023
SELL SL/TP 70/600 HALF-HOUR ANALYSIS (IST):
half_hour_ist,00:00-00:30,93,14,79,0,15.05,824.00,11.7714,8.86,0.1266,0.3547
half_hour_ist,00:30-01:00,89,13,76,0,14.61,522.00,7.4571,5.87,0.0838,0.2325
half_hour_ist,01:00-01:30,83,12,71,0,14.46,404.00,5.7714,4.87,0.0695,0.1871
half_hour_ist,01:30-02:00,90,19,71,0,21.11,4450.00,63.5714,49.44,0.7063,1.7060
half_hour_ist,02:00-02:30,74,10,64,0,13.51,-108.00,-1.5429,-1.46,-0.0208,-0.0544
half_hour_ist,02:30-03:00,60,10,50,0,16.67,1180.00,16.8571,19.67,0.2810,0.6050
half_hour_ist,03:00-03:30,71,11,60,0,15.49,838.00,11.9714,11.80,0.1686,0.4073
half_hour_ist,03:30-04:00,80,18,62,0,22.50,4700.00,67.1429,58.75,0.8393,1.8664
half_hour_ist,04:00-04:30,47,9,38,0,19.15,1706.00,24.3714,36.30,0.5185,0.9338
half_hour_ist,04:30-05:00,64,7,57,0,10.94,-1198.00,-17.1143,-18.72,-0.2674,-0.7105
half_hour_ist,05:00-05:30,53,6,47,0,11.32,-856.00,-12.2286,-16.15,-0.2307,-0.5486
half_hour_ist,05:30-06:00,66,10,56,0,15.15,628.00,8.9714,9.52,0.1359,0.3193
half_hour_ist,06:00-06:30,74,13,61,0,17.57,1902.00,27.1714,25.70,0.3672,0.8613
half_hour_ist,06:30-07:00,70,10,60,0,14.29,260.00,3.7143,3.71,0.0531,0.1316
half_hour_ist,07:00-07:30,56,11,45,0,19.64,2218.00,31.6857,39.61,0.5658,1.1035
half_hour_ist,07:30-08:00,65,8,57,0,12.31,-620.00,-8.8571,-9.54,-0.1363,-0.3467
half_hour_ist,08:00-08:30,70,17,53,0,24.29,4950.00,70.7143,70.71,1.0102,2.0445
half_hour_ist,08:30-09:00,51,6,45,0,11.76,-672.00,-9.6000,-13.18,-0.1882,-0.4316
half_hour_ist,09:00-09:30,42,6,36,0,14.29,156.00,2.2286,3.71,0.0531,0.1014
half_hour_ist,09:30-10:00,38,5,33,0,13.16,-146.00,-2.0857,-3.84,-0.0549,-0.1032
half_hour_ist,10:00-10:30,50,8,42,0,16.00,760.00,10.8571,15.20,0.2171,0.4332
half_hour_ist,10:30-11:00,49,7,42,0,14.29,182.00,2.6000,3.71,0.0531,0.1098
half_hour_ist,11:00-11:30,51,7,44,0,13.73,-2.00,-0.0286,-0.04,-0.0006,-0.0012
half_hour_ist,11:30-12:00,43,3,40,0,6.98,-1946.00,-27.8000,-45.26,-0.6465,-1.7183
half_hour_ist,12:00-12:30,46,4,42,0,8.70,-1552.00,-22.1714,-33.74,-0.4820,-1.1989
half_hour_ist,12:30-13:00,46,8,38,0,17.39,1128.00,16.1143,24.52,0.3503,0.6477
half_hour_ist,13:00-13:30,58,6,52,0,10.34,-1316.00,-18.8000,-22.69,-0.3241,-0.8395
half_hour_ist,13:30-14:00,48,6,42,0,12.50,-396.00,-5.6571,-8.25,-0.1179,-0.2553
half_hour_ist,14:00-14:30,48,7,41,0,14.58,274.00,3.9143,5.71,0.0815,0.1655
half_hour_ist,14:30-15:00,55,5,50,0,9.09,-1710.00,-24.4286,-31.09,-0.4442,-1.1862
half_hour_ist,15:00-15:30,48,3,45,0,6.25,-2406.00,-34.3714,-50.13,-0.7161,-2.1189
half_hour_ist,15:30-16:00,43,4,39,0,9.30,-1276.00,-18.2286,-29.67,-0.4239,-0.9882
half_hour_ist,16:00-16:30,49,3,46,0,6.12,-2498.00,-35.6857,-50.98,-0.7283,-2.1989
half_hour_ist,16:30-17:00,39,4,35,0,10.26,-908.00,-12.9714,-23.28,-0.3326,-0.7061
half_hour_ist,17:00-17:30,48,8,40,0,16.67,944.00,13.4857,19.67,0.2810,0.5400
half_hour_ist,17:30-18:00,68,8,60,0,11.76,-896.00,-12.8000,-13.18,-0.1882,-0.4996
half_hour_ist,18:00-18:30,103,18,85,0,17.48,2584.00,36.9143,25.09,0.3584,0.9958
half_hour_ist,18:30-19:00,69,10,59,0,14.49,352.00,5.0286,5.10,0.0729,0.1784
half_hour_ist,19:00-19:30,141,30,111,0,21.28,7128.00,101.8286,50.55,0.7222,2.1814
half_hour_ist,19:30-20:00,90,16,74,0,17.78,2440.00,34.8571,27.11,0.3873,0.9985
half_hour_ist,20:00-20:30,152,33,119,0,21.71,8126.00,116.0857,53.46,0.7637,2.3783
half_hour_ist,20:30-21:00,98,14,84,0,14.29,364.00,5.2000,3.71,0.0531,0.1560
half_hour_ist,21:00-21:30,99,8,91,0,8.08,-3748.00,-53.5429,-37.86,-0.5408,-2.0524
half_hour_ist,21:30-22:00,89,10,79,0,11.24,-1488.00,-21.2571,-16.72,-0.2388,-0.7412
half_hour_ist,22:00-22:30,112,24,88,0,21.43,5776.00,82.5143,51.57,0.7367,1.9764
half_hour_ist,22:30-23:00,87,9,78,0,10.34,-1974.00,-28.2000,-22.69,-0.3241,-1.0312
half_hour_ist,23:00-23:30,99,11,88,0,11.11,-1738.00,-24.8286,-17.56,-0.2508,-0.8254
half_hour_ist,23:30-00:00,86,11,75,0,12.79,-542.00,-7.7429,-6.30,-0.0900,-0.2597
SELL SL/TP 70/600 DAY-OF-MONTH NET-R ANALYSIS (IST):
day_of_month,1,97,10,87,0,10.31,-2224.00,-31.7714,-22.93,-0.3275,-1.1026
day_of_month,2,126,16,110,0,12.70,-872.00,-12.4571,-6.92,-0.0989,-0.3468
day_of_month,3,104,16,88,0,15.38,1152.00,16.4571,11.08,0.1582,0.4650
day_of_month,4,93,15,78,0,16.13,1494.00,21.3429,16.06,0.2295,0.6253
day_of_month,5,106,19,87,0,17.92,2978.00,42.5429,28.09,0.4013,1.1202
day_of_month,6,126,16,110,0,12.70,-872.00,-12.4571,-6.92,-0.0989,-0.3468
day_of_month,7,99,14,85,0,14.14,272.00,3.8857,2.75,0.0392,0.1165
day_of_month,8,124,17,107,0,13.71,-18.00,-0.2571,-0.15,-0.0021,-0.0070
day_of_month,9,102,18,84,0,17.65,2676.00,38.2286,26.24,0.3748,1.0323
day_of_month,10,113,11,102,0,9.73,-3026.00,-43.2286,-26.78,-0.3826,-1.4269
day_of_month,11,118,19,99,0,16.10,1874.00,26.7714,15.88,0.2269,0.6976
day_of_month,12,108,11,97,0,10.19,-2566.00,-36.6571,-23.76,-0.3394,-1.2128
day_of_month,13,137,16,121,0,11.68,-1884.00,-26.9143,-13.75,-0.1965,-0.7453
day_of_month,14,118,13,105,0,11.02,-2146.00,-30.6571,-18.19,-0.2598,-0.9377
day_of_month,15,109,20,89,0,18.35,3372.00,48.1714,30.94,0.4419,1.2397
day_of_month,16,146,20,126,0,13.70,-32.00,-0.4571,-0.22,-0.0031,-0.0115
day_of_month,17,131,19,112,0,14.50,678.00,9.6857,5.18,0.0739,0.2501
day_of_month,18,86,16,70,0,18.60,2808.00,40.1143,32.65,0.4664,1.1546
day_of_month,19,91,14,77,0,15.38,1008.00,14.4000,11.08,0.1582,0.4347
day_of_month,20,110,15,95,0,13.64,-70.00,-1.0000,-0.64,-0.0091,-0.0289
day_of_month,21,110,17,93,0,15.45,1270.00,18.1429,11.55,0.1649,0.4977
day_of_month,22,128,20,108,0,15.63,1624.00,23.2000,12.69,0.1812,0.5877
day_of_month,23,99,14,85,0,14.14,272.00,3.8857,2.75,0.0392,0.1165
day_of_month,24,130,23,107,0,17.69,3450.00,49.2857,26.54,0.3791,1.1789
day_of_month,25,105,26,79,0,24.76,7760.00,110.8571,73.90,1.0558,2.6062
day_of_month,26,95,18,77,0,18.95,3320.00,47.4286,34.95,0.4992,1.2905
day_of_month,27,127,17,110,0,13.39,-294.00,-4.2000,-2.31,-0.0331,-0.1139
day_of_month,28,94,14,80,0,14.89,732.00,10.4571,7.79,0.1112,0.3148
day_of_month,29,86,14,72,0,16.28,1468.00,20.9714,17.07,0.2439,0.6363
day_of_month,30,82,15,67,0,18.29,2506.00,35.8000,30.56,0.4366,1.0619
day_of_month,31,50,7,43,0,14.00,90.00,1.2857,1.80,0.0257,0.0542

SELL SL/TP 70/800 WEEKDAY ANALYSIS (IST):
dimension,bucket,entries,wins,losses,open,win_rate_pct,net_points,net_R,expectancy_points,alpha_R_per_trade,sharpe
weekday,MONDAY,583,70,513,0,12.01,7264.00,103.7714,12.46,0.1780,1.0629
weekday,TUESDAY,557,67,490,0,12.03,7046.00,100.6571,12.65,0.1807,1.0540
weekday,WEDNESDAY,552,74,478,0,13.41,13596.00,194.2286,24.63,0.3519,1.9505
weekday,THURSDAY,544,67,477,0,12.32,8242.00,117.7429,15.15,0.2164,1.2349
weekday,FRIDAY,537,54,483,0,10.06,-2424.00,-34.6286,-4.51,-0.0645,-0.3994
weekday,SATURDAY,296,22,274,0,7.43,-8092.00,-115.6000,-27.34,-0.3905,-2.0576
weekday,SUNDAY,227,29,198,0,12.78,4346.00,62.0857,19.15,0.2735,0.9910
SELL SL/TP 70/800 HALF-HOUR ANALYSIS (IST):
half_hour_ist,00:00-00:30,91,10,81,0,10.99,328.00,4.6857,3.60,0.0515,0.1257
half_hour_ist,00:30-01:00,85,8,77,0,9.41,-860.00,-12.2857,-10.12,-0.1445,-0.3650
half_hour_ist,01:00-01:30,83,8,75,0,9.64,-676.00,-9.6571,-8.14,-0.1164,-0.2872
half_hour_ist,01:30-02:00,88,18,70,0,20.45,7564.00,108.0571,85.95,1.2279,2.2846
half_hour_ist,02:00-02:30,72,9,63,0,12.50,1206.00,17.2286,16.75,0.2393,0.4905
half_hour_ist,02:30-03:00,59,7,52,0,11.86,662.00,9.4571,11.22,0.1603,0.3037
half_hour_ist,03:00-03:30,70,10,60,0,14.29,2260.00,32.2857,32.29,0.4612,0.8809
half_hour_ist,03:30-04:00,80,13,67,0,16.25,3950.00,56.4286,49.38,0.7054,1.3674
half_hour_ist,04:00-04:30,45,7,38,0,15.56,1950.00,27.8571,43.33,0.6190,0.9116
half_hour_ist,04:30-05:00,61,5,56,0,8.20,-1262.00,-18.0286,-20.69,-0.2956,-0.6715
half_hour_ist,05:00-05:30,53,5,48,0,9.43,-526.00,-7.5143,-9.92,-0.1418,-0.2814
half_hour_ist,05:30-06:00,65,8,57,0,12.31,980.00,14.0000,15.08,0.2154,0.4220
half_hour_ist,06:00-06:30,72,12,60,0,16.67,3816.00,54.5143,53.00,0.7571,1.3774
half_hour_ist,06:30-07:00,68,6,62,0,8.82,-1036.00,-14.8000,-15.24,-0.2176,-0.5054
half_hour_ist,07:00-07:30,54,8,46,0,14.81,1992.00,28.4571,36.89,0.5270,0.8689
half_hour_ist,07:30-08:00,66,5,61,0,7.58,-1722.00,-24.6000,-26.09,-0.3727,-0.9137
half_hour_ist,08:00-08:30,69,14,55,0,20.29,5832.00,83.3143,84.52,1.2075,1.9921
half_hour_ist,08:30-09:00,50,6,44,0,12.00,620.00,8.8571,12.40,0.1771,0.3070
half_hour_ist,09:00-09:30,42,5,37,0,11.90,486.00,6.9429,11.57,0.1653,0.2630
half_hour_ist,09:30-10:00,38,3,35,0,7.89,-886.00,-12.6571,-23.32,-0.3331,-0.6045
half_hour_ist,10:00-10:30,50,6,44,0,12.00,620.00,8.8571,12.40,0.1771,0.3070
half_hour_ist,10:30-11:00,48,5,43,0,10.42,-66.00,-0.9429,-1.38,-0.0196,-0.0355
half_hour_ist,11:00-11:30,50,6,44,0,12.00,620.00,8.8571,12.40,0.1771,0.3070
half_hour_ist,11:30-12:00,42,2,40,0,4.76,-2124.00,-30.3429,-50.57,-0.7224,-1.7478
half_hour_ist,12:00-12:30,45,3,42,0,6.67,-1530.00,-21.8571,-34.00,-0.4857,-1.0392
half_hour_ist,12:30-13:00,45,5,40,0,11.11,210.00,3.0000,4.67,0.0667,0.1132
half_hour_ist,13:00-13:30,57,4,53,0,7.02,-1764.00,-25.2000,-30.95,-0.4421,-1.0421
half_hour_ist,13:30-14:00,47,4,43,0,8.51,-844.00,-12.0571,-17.96,-0.2565,-0.5017
half_hour_ist,14:00-14:30,47,6,41,0,12.77,896.00,12.8000,19.06,0.2723,0.4453
half_hour_ist,14:30-15:00,55,4,51,0,7.27,-1580.00,-22.5714,-28.73,-0.4104,-0.9344
half_hour_ist,15:00-15:30,48,3,45,0,6.25,-1806.00,-25.8000,-37.63,-0.5375,-1.2248
half_hour_ist,15:30-16:00,42,2,40,0,4.76,-2124.00,-30.3429,-50.57,-0.7224,-1.7478
half_hour_ist,16:00-16:30,47,3,44,0,6.38,-1714.00,-24.4857,-36.47,-0.5210,-1.1630
half_hour_ist,16:30-17:00,38,3,35,0,7.89,-886.00,-12.6571,-23.32,-0.3331,-0.6045
half_hour_ist,17:00-17:30,48,8,40,0,16.67,2544.00,36.3429,53.00,0.7571,1.1207
half_hour_ist,17:30-18:00,67,5,62,0,7.46,-1814.00,-25.9143,-27.07,-0.3868,-0.9621
half_hour_ist,18:00-18:30,103,14,89,0,13.59,2704.00,38.6286,26.25,0.3750,0.8893
half_hour_ist,18:30-19:00,66,9,57,0,13.64,1758.00,25.1143,26.64,0.3805,0.7193
half_hour_ist,19:00-19:30,140,21,119,0,15.00,5390.00,77.0000,38.50,0.5500,1.4611
half_hour_ist,19:30-20:00,89,11,78,0,12.36,1382.00,19.7429,15.53,0.2218,0.5087
half_hour_ist,20:00-20:30,152,28,124,0,18.42,10376.00,148.2286,68.26,0.9752,2.4872
half_hour_ist,20:30-21:00,96,12,84,0,12.50,1608.00,22.9714,16.75,0.2393,0.5674
half_hour_ist,21:00-21:30,98,7,91,0,7.14,-2926.00,-41.8000,-29.86,-0.4265,-1.3124
half_hour_ist,21:30-22:00,87,9,78,0,10.34,-174.00,-2.4857,-2.00,-0.0286,-0.0700
half_hour_ist,22:00-22:30,111,17,94,0,15.32,4578.00,65.4000,41.24,0.5892,1.3806
half_hour_ist,22:30-23:00,86,4,82,0,4.65,-4432.00,-63.3143,-51.53,-0.7362,-2.5933
half_hour_ist,23:00-23:30,97,8,89,0,8.25,-1964.00,-28.0571,-20.25,-0.2892,-0.8289
half_hour_ist,23:30-00:00,84,7,77,0,8.33,-1638.00,-23.4000,-19.50,-0.2786,-0.7388
SELL SL/TP 70/800 DAY-OF-MONTH NET-R ANALYSIS (IST):
day_of_month,1,96,8,88,0,8.33,-1872.00,-26.7429,-19.50,-0.2786,-0.7904
day_of_month,2,126,13,113,0,10.32,-282.00,-4.0286,-2.24,-0.0320,-0.0946
day_of_month,3,104,12,92,0,11.54,872.00,12.4571,8.38,0.1198,0.3061
day_of_month,4,92,14,78,0,15.22,3716.00,53.0857,40.39,0.5770,1.2330
day_of_month,5,106,15,91,0,14.15,3298.00,47.1143,31.11,0.4445,1.0514
day_of_month,6,125,14,111,0,11.20,680.00,9.7143,5.44,0.0777,0.2208
day_of_month,7,98,9,89,0,9.18,-1186.00,-16.9429,-12.10,-0.1729,-0.4744
day_of_month,8,113,14,99,0,12.39,1784.00,25.4857,15.79,0.2255,0.5829
day_of_month,9,100,13,87,0,13.00,2110.00,30.1429,21.10,0.3014,0.7175
day_of_month,10,113,7,106,0,6.19,-4306.00,-61.5143,-38.11,-0.5444,-1.9229
day_of_month,11,117,13,104,0,11.11,546.00,7.8000,4.67,0.0667,0.1838
day_of_month,12,106,10,96,0,9.43,-1052.00,-15.0286,-9.92,-0.1418,-0.3999
day_of_month,13,137,14,123,0,10.22,-424.00,-6.0571,-3.09,-0.0442,-0.1370
day_of_month,14,117,12,105,0,10.26,-324.00,-4.6286,-2.77,-0.0396,-0.1130
day_of_month,15,107,15,92,0,14.02,3206.00,45.8000,29.96,0.4280,1.0213
day_of_month,16,143,12,131,0,8.39,-2716.00,-38.8000,-18.99,-0.2713,-0.9383
day_of_month,17,128,14,114,0,10.94,404.00,5.7714,3.16,0.0451,0.1310
day_of_month,18,84,14,70,0,16.67,4452.00,63.6000,53.00,0.7571,1.4892
day_of_month,19,91,13,78,0,14.29,2938.00,41.9714,32.29,0.4612,1.0061
day_of_month,20,110,12,98,0,10.91,320.00,4.5714,2.91,0.0416,0.1120
day_of_month,21,109,12,97,0,11.01,412.00,5.8857,3.78,0.0540,0.1442
day_of_month,22,125,13,112,0,10.40,-190.00,-2.7143,-1.52,-0.0217,-0.0637
day_of_month,23,96,12,84,0,12.50,1608.00,22.9714,16.75,0.2393,0.5674
day_of_month,24,124,20,104,0,16.13,5992.00,85.6000,48.32,0.6903,1.6748
day_of_month,25,102,19,83,0,18.63,7146.00,102.0857,70.06,1.0008,2.0787
day_of_month,26,94,10,84,0,10.64,52.00,0.7429,0.55,0.0079,0.0199
day_of_month,27,124,10,114,0,8.06,-2708.00,-38.6857,-21.84,-0.3120,-1.0224
day_of_month,28,92,11,81,0,11.96,1106.00,15.8000,12.02,0.1717,0.4063
day_of_month,29,85,9,76,0,10.59,10.00,0.1429,0.12,0.0017,0.0040
day_of_month,30,82,13,69,0,15.85,3766.00,53.8000,45.93,0.6561,1.3008
day_of_month,31,50,6,44,0,12.00,620.00,8.8571,12.40,0.1771,0.3070

SELL SL/TP 220/800 WEEKDAY ANALYSIS (IST):
dimension,bucket,entries,wins,losses,open,win_rate_pct,net_points,net_R,expectancy_points,alpha_R_per_trade,sharpe
weekday,MONDAY,362,83,279,0,22.93,-8374.00,-38.0636,-23.13,-0.1051,-1.0251
weekday,TUESDAY,321,79,242,0,24.61,-1917.00,-8.7136,-5.97,-0.0271,-0.2432
weekday,WEDNESDAY,337,82,255,0,24.33,-2969.00,-13.4955,-8.81,-0.0400,-0.3690
weekday,THURSDAY,337,80,257,0,23.74,-5009.00,-22.7682,-14.86,-0.0676,-0.6278
weekday,FRIDAY,329,77,252,0,23.40,-6013.00,-27.3318,-18.28,-0.0831,-0.7664
weekday,SATURDAY,182,47,135,0,25.82,1166.00,5.3000,6.41,0.0291,0.1931
weekday,SUNDAY,139,34,105,0,24.46,-1043.00,-4.7409,-7.50,-0.0341,-0.2010
SELL SL/TP 220/800 HALF-HOUR ANALYSIS (IST):
half_hour_ist,00:00-00:30,58,19,39,0,32.76,4474.00,20.3364,77.14,0.3506,1.2165
half_hour_ist,00:30-01:00,65,13,52,0,20.00,-3445.00,-15.6591,-53.00,-0.2409,-1.0392
half_hour_ist,01:00-01:30,52,15,37,0,28.85,1936.00,8.8000,37.23,0.1692,0.5754
half_hour_ist,01:30-02:00,46,16,30,0,34.78,4498.00,20.4455,97.78,0.4445,1.3502
half_hour_ist,02:00-02:30,46,10,36,0,21.74,-1622.00,-7.3727,-35.26,-0.1603,-0.5622
half_hour_ist,02:30-03:00,38,8,30,0,21.05,-1606.00,-7.3000,-42.26,-0.1921,-0.6182
half_hour_ist,03:00-03:30,36,15,21,0,41.67,6048.00,27.4909,168.00,0.7636,1.9765
half_hour_ist,03:30-04:00,45,10,35,0,22.22,-1365.00,-6.2045,-30.33,-0.1379,-0.4745
half_hour_ist,04:00-04:30,30,9,21,0,30.00,1470.00,6.6818,49.00,0.2227,0.5645
half_hour_ist,04:30-05:00,37,7,30,0,18.92,-2369.00,-10.7682,-64.03,-0.2910,-0.9616
half_hour_ist,05:00-05:30,30,7,23,0,23.33,-570.00,-2.5909,-19.00,-0.0864,-0.2372
half_hour_ist,05:30-06:00,36,9,27,0,25.00,-72.00,-0.3273,-2.00,-0.0091,-0.0268
half_hour_ist,06:00-06:30,41,10,31,0,24.39,-337.00,-1.5318,-8.22,-0.0374,-0.1187
half_hour_ist,06:30-07:00,47,9,38,0,19.15,-2899.00,-13.1773,-61.68,-0.2804,-1.0424
half_hour_ist,07:00-07:30,38,11,27,0,28.95,1454.00,6.6091,38.26,0.1739,0.5031
half_hour_ist,07:30-08:00,43,10,33,0,23.26,-851.00,-3.8682,-19.79,-0.0900,-0.2976
half_hour_ist,08:00-08:30,36,11,25,0,30.56,1968.00,8.9455,54.67,0.2485,0.6883
half_hour_ist,08:30-09:00,36,8,28,0,22.22,-1092.00,-4.9636,-30.33,-0.1379,-0.4232
half_hour_ist,09:00-09:30,22,6,16,0,27.27,466.00,2.1182,21.18,0.0963,0.2137
half_hour_ist,09:30-10:00,20,4,16,0,20.00,-1060.00,-4.8182,-53.00,-0.2409,-0.5662
half_hour_ist,10:00-10:30,31,10,21,0,32.26,2233.00,10.1500,72.03,0.3274,0.8274
half_hour_ist,10:30-11:00,34,7,27,0,20.59,-1598.00,-7.2636,-47.00,-0.2136,-0.6546
half_hour_ist,11:00-11:30,32,9,23,0,28.13,956.00,4.3455,29.88,0.1358,0.3627
half_hour_ist,11:30-12:00,19,4,15,0,21.05,-803.00,-3.6500,-42.26,-0.1921,-0.4312
half_hour_ist,12:00-12:30,30,3,27,0,10.00,-4650.00,-21.1364,-155.00,-0.7045,-2.7278
half_hour_ist,12:30-13:00,29,5,24,0,17.24,-2353.00,-10.6955,-81.14,-0.3688,-1.1143
half_hour_ist,13:00-13:30,33,4,29,0,12.12,-4401.00,-20.0045,-133.36,-0.6062,-2.2662
half_hour_ist,13:30-14:00,30,4,26,0,13.33,-3630.00,-16.5000,-121.00,-0.5500,-1.8793
half_hour_ist,14:00-14:30,22,6,16,0,27.27,466.00,2.1182,21.18,0.0963,0.2137
half_hour_ist,14:30-15:00,33,9,24,0,27.27,699.00,3.1773,21.18,0.0963,0.2638
half_hour_ist,15:00-15:30,24,7,17,0,29.17,972.00,4.4182,40.50,0.1841,0.4189
half_hour_ist,15:30-16:00,26,5,21,0,19.23,-1582.00,-7.1909,-60.85,-0.2766,-0.7568
half_hour_ist,16:00-16:30,31,3,28,0,9.68,-4907.00,-22.3045,-158.29,-0.7195,-2.8750
half_hour_ist,16:30-17:00,26,7,19,0,26.92,458.00,2.0818,17.62,0.0801,0.1947
half_hour_ist,17:00-17:30,36,6,30,0,16.67,-3132.00,-14.2364,-87.00,-0.3955,-1.3540
half_hour_ist,17:30-18:00,40,10,30,0,25.00,-80.00,-0.3636,-2.00,-0.0091,-0.0283
half_hour_ist,18:00-18:30,57,11,46,0,19.30,-3429.00,-15.5864,-60.16,-0.2734,-1.1184
half_hour_ist,18:30-19:00,44,14,30,0,31.82,2972.00,13.5091,67.55,0.3070,0.9323
half_hour_ist,19:00-19:30,82,20,62,0,24.39,-674.00,-3.0636,-8.22,-0.0374,-0.1689
half_hour_ist,19:30-20:00,60,17,43,0,28.33,1920.00,8.7273,32.00,0.1455,0.5348
half_hour_ist,20:00-20:30,89,27,62,0,30.34,4667.00,21.2136,52.44,0.2384,1.0491
half_hour_ist,20:30-21:00,58,15,43,0,25.86,394.00,1.7909,6.79,0.0309,0.1148
half_hour_ist,21:00-21:30,60,17,43,0,28.33,1920.00,8.7273,32.00,0.1455,0.5348
half_hour_ist,21:30-22:00,62,12,50,0,19.35,-3694.00,-16.7909,-59.58,-0.2708,-1.1547
half_hour_ist,22:00-22:30,64,17,47,0,26.56,892.00,4.0545,13.94,0.0634,0.2456
half_hour_ist,22:30-23:00,51,7,44,0,13.73,-5967.00,-27.1227,-117.00,-0.5318,-2.3570
half_hour_ist,23:00-23:30,55,11,44,0,20.00,-2915.00,-13.2500,-53.00,-0.2409,-0.9546
half_hour_ist,23:30-00:00,47,8,39,0,17.02,-3919.00,-17.8136,-83.38,-0.3790,-1.4753
SELL SL/TP 220/800 DAY-OF-MONTH NET-R ANALYSIS (IST):
day_of_month,1,58,14,44,0,24.14,-626.00,-2.8455,-10.79,-0.0491,-0.1867
day_of_month,2,64,14,50,0,21.88,-2168.00,-9.8545,-33.88,-0.1540,-0.6376
day_of_month,3,60,17,43,0,28.33,1920.00,8.7273,32.00,0.1455,0.5348
day_of_month,4,54,18,36,0,33.33,4482.00,20.3727,83.00,0.3773,1.2567
day_of_month,5,63,19,44,0,30.16,3189.00,14.4955,50.62,0.2301,0.8514
day_of_month,6,79,14,65,0,17.72,-6023.00,-27.3773,-76.24,-0.3465,-1.7288
day_of_month,7,66,19,47,0,28.79,2418.00,10.9909,36.64,0.1665,0.6396
day_of_month,8,68,22,46,0,32.35,4964.00,22.5636,73.00,0.3318,1.2522
day_of_month,9,62,11,51,0,17.74,-4714.00,-21.4273,-76.03,-0.3456,-1.5240
day_of_month,10,69,8,61,0,11.59,-9573.00,-43.5136,-138.74,-0.6306,-3.5034
day_of_month,11,68,19,49,0,27.94,1904.00,8.6545,28.00,0.1273,0.5008
day_of_month,12,74,13,61,0,17.57,-5758.00,-26.1727,-77.81,-0.3537,-1.7128
day_of_month,13,84,21,63,0,25.00,-168.00,-0.7636,-2.00,-0.0091,-0.0413
day_of_month,14,63,10,53,0,15.87,-5991.00,-27.2318,-95.10,-0.4323,-2.0089
day_of_month,15,62,13,49,0,20.97,-2674.00,-12.1545,-43.13,-0.1960,-0.8113
day_of_month,16,87,22,65,0,25.29,81.00,0.3682,0.93,0.0042,0.0195
day_of_month,17,85,18,67,0,21.18,-3485.00,-15.8409,-41.00,-0.1864,-0.9017
day_of_month,18,54,19,35,0,35.19,5502.00,25.0091,101.89,0.4631,1.5228
day_of_month,19,59,16,43,0,27.12,1157.00,5.2591,19.61,0.0891,0.3293
day_of_month,20,58,8,50,0,13.79,-6746.00,-30.6636,-116.31,-0.5287,-2.4966
day_of_month,21,69,17,52,0,24.64,-393.00,-1.7864,-5.70,-0.0259,-0.1069
day_of_month,22,77,15,62,0,19.48,-4489.00,-20.4045,-58.30,-0.2650,-1.2581
day_of_month,23,63,18,45,0,28.57,2169.00,9.8591,34.43,0.1565,0.5883
day_of_month,24,79,20,59,0,25.32,97.00,0.4409,1.23,0.0056,0.0244
day_of_month,25,66,18,48,0,27.27,1398.00,6.3545,21.18,0.0963,0.3759
day_of_month,26,58,12,46,0,20.69,-2666.00,-12.1182,-45.97,-0.2089,-0.8399
day_of_month,27,69,16,53,0,23.19,-1413.00,-6.4227,-20.48,-0.0931,-0.3923
day_of_month,28,55,18,37,0,32.73,4225.00,19.2045,76.82,0.3492,1.1795
day_of_month,29,53,13,40,0,24.53,-361.00,-1.6409,-6.81,-0.0310,-0.1119
day_of_month,30,50,11,39,0,22.00,-1630.00,-7.4091,-32.60,-0.1482,-0.5401
day_of_month,31,31,9,22,0,29.03,1213.00,5.5136,39.13,0.1779,0.4629

SELL REQUESTED SL/TP COMBINATIONS (raw):
sl_points,tp_points,rr,entries,wins,losses,open,skipped,win_rate_pct,net_points,net_r,expectancy_points,alpha_R_per_trade,sharpe
70,800,11.429,3296,383,2913,0,701,11.62,29978.00,428.2571,9.10,0.1299,1.8726
70,400,5.714,3959,833,3126,0,38,21.04,27282.00,389.7429,6.89,0.0984,2.2631
70,600,8.571,3350,500,2850,0,647,14.93,26800.00,382.8571,8.00,0.1143,1.9391
220,800,3.636,2007,482,1525,0,1990,24.02,-24159.00,-109.8136,-12.04,-0.0547,-1.2373

SELL REQUESTED SL/TP COMBINATIONS BY EXPECTANCY:
sl_points,tp_points,rr,entries,wins,losses,open,skipped,win_rate_pct,net_points,net_r,expectancy_points,alpha_R_per_trade,sharpe
70,800,11.429,3296,383,2913,0,701,11.62,29978.00,428.2571,9.10,0.1299,1.8726
70,600,8.571,3350,500,2850,0,647,14.93,26800.00,382.8571,8.00,0.1143,1.9391
70,400,5.714,3959,833,3126,0,38,21.04,27282.00,389.7429,6.89,0.0984,2.2631
220,800,3.636,2007,482,1525,0,1990,24.02,-24159.00,-109.8136,-12.04,-0.0547,-1.2373

TRADES TAKEN (IST):
trade,setup_start_ist,side,entry_time_ist,entry_price,touch_level,sl_points,tp_points,stop_price,target_price,exit_time_ist,exit_price,result,pnl_points,net_R
1,2023-04-27 02:00,LONG,2023-04-27 02:02,27764.25,27632.69,70,300,27694.25,28064.25,2023-04-27 02:12,28064.25,WIN,278.00,3.971429
2,2023-04-27 06:30,LONG,2023-04-27 06:41,29105.54,29094.85,270,300,28835.54,29405.54,2023-04-27 06:53,28835.54,LOSS,-312.00,-1.155556
3,2023-04-27 18:00,LONG,2023-04-27 18:10,28814.21,28694.46,70,300,28744.21,29114.21,2023-04-27 18:15,28744.21,LOSS,-92.00,-1.314286
4,2023-05-03 23:30,SHORT,2023-05-03 23:31,28696.70,28794.09,70,600,28766.70,28096.70,2023-05-04 02:50,28766.70,LOSS,-92.00,-1.314286
5,2023-05-25 07:00,LONG,2023-05-25 07:07,26116.46,25958.58,70,300,26046.46,26416.46,2023-05-25 17:35,26416.46,WIN,278.00,3.971429
6,2023-06-13 18:00,LONG,2023-06-13 18:28,26071.81,25902.62,70,300,26001.81,26371.81,2023-06-13 18:42,26001.81,LOSS,-92.00,-1.314286
7,2023-06-21 20:00,SHORT,2023-06-21 20:05,29431.99,29433.70,70,400,29501.99,29031.99,2023-06-21 20:08,29501.99,LOSS,-92.00,-1.314286
8,2023-06-21 23:30,SHORT,2023-06-21 23:45,30200.23,30227.80,70,600,30270.23,29600.23,2023-06-21 23:53,30270.23,LOSS,-92.00,-1.314286
9,2023-06-22 00:30,LONG,2023-06-22 00:50,30011.38,29931.98,70,300,29941.38,30311.38,2023-06-22 02:17,29941.38,LOSS,-92.00,-1.314286
10,2023-06-22 16:30,LONG,2023-06-22 16:52,30058.00,29876.01,70,300,29988.00,30358.00,2023-06-22 17:16,29988.00,LOSS,-92.00,-1.314286
11,2023-06-26 06:30,LONG,2023-06-26 06:59,30274.88,30172.50,270,300,30004.88,30574.88,2023-06-26 12:45,30574.88,WIN,258.00,0.955556
12,2023-06-29 19:00,LONG,2023-06-29 19:29,30503.93,30483.98,70,300,30433.93,30803.93,2023-06-29 20:21,30433.93,LOSS,-92.00,-1.314286
13,2023-07-03 04:00,LONG,2023-07-03 04:14,30437.44,30431.00,70,300,30367.44,30737.44,2023-07-03 07:05,30737.44,WIN,278.00,3.971429
14,2023-07-03 21:30,LONG,2023-07-03 21:38,30948.64,30810.00,70,300,30878.64,31248.64,2023-07-04 00:21,31248.64,WIN,278.00,3.971429
15,2023-08-29 20:30,LONG,2023-08-29 20:50,27372.03,27332.00,70,300,27302.03,27672.03,2023-08-29 20:51,27302.03,LOSS,-92.00,-1.314286
16,2023-08-31 21:30,LONG,2023-08-31 21:49,26802.01,26789.14,70,300,26732.01,27102.01,2023-08-31 21:56,26732.01,LOSS,-92.00,-1.314286
17,2023-10-16 19:00,SHORT,2023-10-16 19:17,28007.99,28201.87,70,600,28077.99,27407.99,2023-10-16 19:18,28077.99,LOSS,-92.00,-1.314286
18,2023-10-16 20:00,SHORT,2023-10-16 20:10,28119.99,28248.88,70,400,28189.99,27719.99,2023-10-16 20:11,28189.99,LOSS,-92.00,-1.314286
19,2023-10-17 02:30,LONG,2023-10-17 02:42,28287.39,28240.77,70,300,28217.39,28587.39,2023-10-17 09:31,28217.39,LOSS,-92.00,-1.314286
20,2023-10-23 06:30,SHORT,2023-10-23 06:55,30240.01,30269.55,70,400,30310.01,29840.01,2023-10-23 06:56,30310.01,LOSS,-92.00,-1.314286
21,2023-10-23 23:00,LONG,2023-10-23 23:21,31092.20,30957.22,70,300,31022.20,31392.20,2023-10-23 23:22,31022.20,LOSS,-92.00,-1.314286
22,2023-10-25 20:00,SHORT,2023-10-25 20:07,34603.99,34697.29,70,400,34673.99,34203.99,2023-10-25 20:09,34673.99,LOSS,-92.00,-1.314286
23,2023-10-25 21:00,SHORT,2023-10-25 21:22,34889.68,34998.13,70,400,34959.68,34489.68,2023-10-25 21:23,34959.68,LOSS,-92.00,-1.314286
24,2023-10-25 21:30,SHORT,2023-10-25 21:47,34959.80,35104.19,70,400,35029.80,34559.80,2023-10-25 22:11,34559.80,WIN,378.00,5.400000
25,2023-10-26 04:30,LONG,2023-10-26 04:49,34486.47,34290.00,70,300,34416.47,34786.47,2023-10-26 07:08,34786.47,WIN,278.00,3.971429
26,2023-11-02 02:30,LONG,2023-11-02 02:42,35286.08,35118.00,70,300,35216.08,35586.08,2023-11-02 03:13,35216.08,LOSS,-92.00,-1.314286
27,2023-11-02 03:00,LONG,2023-11-02 03:21,35286.08,35222.00,70,300,35216.08,35586.08,2023-11-02 04:08,35216.08,LOSS,-92.00,-1.314286
28,2023-11-02 22:00,LONG,2023-11-02 22:05,34520.01,34379.47,70,300,34450.01,34820.01,2023-11-02 23:43,34820.01,WIN,278.00,3.971429
29,2023-11-09 20:30,LONG,2023-11-09 20:36,37734.33,37605.00,70,300,37664.33,38034.33,2023-11-09 20:43,37664.33,LOSS,-92.00,-1.314286
30,2023-11-14 02:30,LONG,2023-11-14 02:56,36665.18,36493.78,70,300,36595.18,36965.18,2023-11-14 02:58,36595.18,LOSS,-92.00,-1.314286
31,2023-11-14 05:30,LONG,2023-11-14 05:58,36342.93,36236.35,270,300,36072.93,36642.93,2023-11-14 11:30,36642.93,WIN,258.00,0.955556
32,2023-11-14 23:30,LONG,2023-11-14 23:51,35971.10,35936.58,70,300,35901.10,36271.10,2023-11-15 00:06,35901.10,LOSS,-92.00,-1.314286
33,2023-11-15 21:30,SHORT,2023-11-15 21:34,36522.43,36541.21,70,400,36592.43,36122.43,2023-11-15 23:40,36592.43,LOSS,-92.00,-1.314286
34,2023-11-20 23:00,LONG,2023-11-20 23:02,37114.83,36920.00,70,300,37044.83,37414.83,2023-11-20 23:09,37414.83,WIN,278.00,3.971429
35,2023-11-20 23:30,LONG,2023-11-20 23:54,37456.65,37390.00,70,300,37386.65,37756.65,2023-11-21 02:40,37386.65,LOSS,-92.00,-1.314286
36,2023-11-21 21:30,LONG,2023-11-21 21:35,36855.03,36830.67,70,300,36785.03,37155.03,2023-11-21 22:21,37155.03,WIN,278.00,3.971429
37,2023-11-22 21:00,SHORT,2023-11-22 21:09,36517.39,36599.20,70,400,36587.39,36117.39,2023-11-22 22:51,36587.39,LOSS,-92.00,-1.314286
38,2023-11-26 17:30,LONG,2023-11-26 17:59,37559.30,37358.70,70,300,37489.30,37859.30,2023-11-26 18:10,37489.30,LOSS,-92.00,-1.314286
39,2023-12-04 05:30,SHORT,2023-12-04 05:51,40092.26,40137.66,70,600,40162.26,39492.26,2023-12-04 06:22,40162.26,LOSS,-92.00,-1.314286
40,2023-12-04 16:30,SHORT,2023-12-04 16:32,42098.19,42120.00,70,600,42168.19,41498.19,2023-12-04 16:50,41498.19,WIN,578.00,8.257143
41,2023-12-05 21:30,LONG,2023-12-05 21:36,42148.28,42137.00,70,300,42078.28,42448.28,2023-12-05 22:03,42448.28,WIN,278.00,3.971429
42,2023-12-06 03:00,SHORT,2023-12-06 03:29,43899.77,44033.25,70,600,43969.77,43299.77,2023-12-06 03:37,43969.77,LOSS,-92.00,-1.314286
43,2023-12-11 19:00,LONG,2023-12-11 19:24,42090.50,41895.72,70,300,42020.50,42390.50,2023-12-11 19:29,42020.50,LOSS,-92.00,-1.314286
44,2023-12-11 21:00,LONG,2023-12-11 21:16,41730.01,41678.73,70,300,41660.01,42030.01,2023-12-11 21:37,41660.01,LOSS,-92.00,-1.314286
45,2023-12-11 21:30,LONG,2023-12-11 21:55,41683.43,41593.37,70,300,41613.43,41983.43,2023-12-11 22:04,41613.43,LOSS,-92.00,-1.314286
46,2023-12-12 21:00,LONG,2023-12-12 21:02,41354.87,41228.00,70,300,41284.87,41654.87,2023-12-12 21:05,41284.87,LOSS,-92.00,-1.314286
47,2023-12-13 21:30,SHORT,2023-12-13 21:46,42059.17,42096.65,70,400,42129.17,41659.17,2023-12-13 21:52,42129.17,LOSS,-92.00,-1.314286
48,2023-12-14 23:30,LONG,2023-12-14 23:40,43082.17,43060.00,70,300,43012.17,43382.17,2023-12-14 23:47,43012.17,LOSS,-92.00,-1.314286
49,2023-12-20 20:00,SHORT,2023-12-20 20:28,43889.44,43962.26,70,400,43959.44,43489.44,2023-12-20 20:35,43959.44,LOSS,-92.00,-1.314286
50,2023-12-20 22:30,SHORT,2023-12-20 22:57,43811.51,43846.00,70,400,43881.51,43411.51,2023-12-20 22:58,43881.51,LOSS,-92.00,-1.314286
51,2023-12-21 06:30,LONG,2023-12-21 06:53,43461.68,43371.08,270,300,43191.68,43761.68,2023-12-21 12:27,43761.68,WIN,258.00,0.955556
52,2023-12-25 05:30,LONG,2023-12-25 05:55,42871.50,42826.52,270,300,42601.50,43171.50,2023-12-25 09:32,43171.50,WIN,258.00,0.955556
53,2023-12-28 20:30,LONG,2023-12-28 20:53,42544.00,42450.02,70,300,42474.00,42844.00,2023-12-28 20:56,42474.00,LOSS,-92.00,-1.314286
54,2024-01-02 06:30,LONG,2024-01-02 06:47,44936.00,44840.00,270,300,44666.00,45236.00,2024-01-02 08:11,45236.00,WIN,258.00,0.955556
55,2024-01-02 21:00,LONG,2024-01-02 21:04,45138.73,44989.98,70,300,45068.73,45438.73,2024-01-02 21:38,45068.73,LOSS,-92.00,-1.314286
56,2024-01-02 21:30,LONG,2024-01-02 21:56,45064.83,44940.00,70,300,44994.83,45364.83,2024-01-02 22:19,45364.83,WIN,278.00,3.971429
57,2024-01-03 01:30,SHORT,2024-01-03 01:48,45159.49,45170.89,70,800,45229.49,44359.49,2024-01-03 03:39,45229.49,LOSS,-92.00,-1.314286
58,2024-01-03 22:00,SHORT,2024-01-03 22:08,43120.01,43241.10,70,400,43190.01,42720.01,2024-01-03 22:46,42720.01,WIN,378.00,5.400000
59,2024-01-08 21:00,SHORT,2024-01-08 21:13,44903.90,45027.22,70,400,44973.90,44503.90,2024-01-08 21:14,44973.90,LOSS,-92.00,-1.314286
60,2024-01-08 22:00,LONG,2024-01-08 22:11,44843.04,44811.42,70,300,44773.04,45143.04,2024-01-08 22:45,45143.04,WIN,278.00,3.971429
61,2024-01-09 06:00,LONG,2024-01-09 06:04,46831.04,46790.00,270,300,46561.04,47131.04,2024-01-09 06:07,46561.04,LOSS,-312.00,-1.155556
62,2024-01-09 07:00,LONG,2024-01-09 07:07,46548.87,46426.83,70,300,46478.87,46848.87,2024-01-09 07:10,46478.87,LOSS,-92.00,-1.314286
63,2024-01-11 00:30,LONG,2024-01-11 00:39,46407.32,46238.97,70,300,46337.32,46707.32,2024-01-11 00:40,46337.32,LOSS,-92.00,-1.314286
64,2024-01-11 02:30,LONG,2024-01-11 02:35,46007.00,45894.01,70,300,45937.00,46307.00,2024-01-11 02:45,45937.00,LOSS,-92.00,-1.314286
65,2024-01-11 08:30,LONG,2024-01-11 08:43,46439.00,46259.09,70,300,46369.00,46739.00,2024-01-11 08:45,46369.00,LOSS,-92.00,-1.314286
66,2024-01-11 12:00,LONG,2024-01-11 12:17,45950.00,45731.53,70,300,45880.00,46250.00,2024-01-11 12:21,45880.00,LOSS,-92.00,-1.314286
67,2024-01-15 01:30,LONG,2024-01-15 01:35,42540.00,42459.95,70,300,42470.00,42840.00,2024-01-15 02:30,42470.00,LOSS,-92.00,-1.314286
68,2024-01-15 02:30,LONG,2024-01-15 02:50,42387.91,42385.98,70,300,42317.91,42687.91,2024-01-15 02:53,42317.91,LOSS,-92.00,-1.314286
69,2024-01-15 03:00,LONG,2024-01-15 03:21,42387.91,42235.41,70,300,42317.91,42687.91,2024-01-15 03:59,42317.91,LOSS,-92.00,-1.314286
70,2024-01-16 22:00,LONG,2024-01-16 22:10,43132.45,43074.00,70,300,43062.45,43432.45,2024-01-16 22:42,43062.45,LOSS,-92.00,-1.314286
71,2024-01-17 20:00,SHORT,2024-01-17 20:28,42729.83,42761.00,70,400,42799.83,42329.83,2024-01-17 22:06,42329.83,WIN,378.00,5.400000
72,2024-01-18 23:00,LONG,2024-01-18 23:28,41828.99,41818.39,70,300,41758.99,42128.99,2024-01-18 23:33,41758.99,LOSS,-92.00,-1.314286
73,2024-01-22 16:00,LONG,2024-01-22 16:16,40624.86,40492.10,70,300,40554.86,40924.86,2024-01-22 17:03,40924.86,WIN,278.00,3.971429
74,2024-01-22 22:00,LONG,2024-01-22 22:22,40652.00,40514.99,70,300,40582.00,40952.00,2024-01-22 22:25,40582.00,LOSS,-92.00,-1.314286
75,2024-01-22 22:30,SHORT,2024-01-22 22:57,40638.61,40760.00,70,400,40708.61,40238.61,2024-01-22 23:05,40708.61,LOSS,-92.00,-1.314286
76,2024-01-23 04:00,LONG,2024-01-23 04:19,39729.95,39728.88,70,300,39659.95,40029.95,2024-01-23 04:48,39659.95,LOSS,-92.00,-1.314286
77,2024-01-24 20:00,SHORT,2024-01-24 20:03,40104.87,40126.00,70,400,40174.87,39704.87,2024-01-24 22:25,40174.87,LOSS,-92.00,-1.314286
78,2024-01-25 02:00,LONG,2024-01-25 02:22,39683.04,39640.00,70,300,39613.04,39983.04,2024-01-25 02:25,39613.04,LOSS,-92.00,-1.314286
79,2024-01-25 21:00,LONG,2024-01-25 21:27,39892.93,39686.07,70,300,39822.93,40192.93,2024-01-25 21:28,39822.93,LOSS,-92.00,-1.314286
80,2024-01-29 18:00,LONG,2024-01-29 18:25,42126.95,42011.10,70,300,42056.95,42426.95,2024-01-29 18:36,42056.95,LOSS,-92.00,-1.314286
81,2024-01-29 22:30,LONG,2024-01-29 22:54,43080.01,42953.80,270,300,42810.01,43380.01,2024-01-30 06:44,43380.01,WIN,258.00,0.955556
82,2024-01-31 19:00,SHORT,2024-01-31 19:10,42742.80,42881.31,70,600,42812.80,42142.80,2024-01-31 19:16,42812.80,LOSS,-92.00,-1.314286
83,2024-01-31 20:00,SHORT,2024-01-31 20:05,42923.91,42931.10,70,400,42993.91,42523.91,2024-01-31 20:59,42993.91,LOSS,-92.00,-1.314286
84,2024-02-01 03:00,LONG,2024-02-01 03:08,42421.19,42347.68,70,300,42351.19,42721.19,2024-02-01 03:11,42351.19,LOSS,-92.00,-1.314286
85,2024-02-01 06:00,LONG,2024-02-01 06:16,42460.00,42327.63,270,300,42190.00,42760.00,2024-02-01 06:45,42190.00,LOSS,-312.00,-1.155556
86,2024-02-05 20:30,LONG,2024-02-05 20:37,43075.28,43053.14,70,300,43005.28,43375.28,2024-02-05 20:46,43005.28,LOSS,-92.00,-1.314286
87,2024-02-12 06:30,LONG,2024-02-12 06:34,48484.01,48466.81,270,300,48214.01,48784.01,2024-02-12 08:07,48214.01,LOSS,-312.00,-1.155556
88,2024-02-12 12:00,LONG,2024-02-12 12:20,47953.18,47790.71,70,300,47883.18,48253.18,2024-02-12 12:37,48253.18,WIN,278.00,3.971429
89,2024-02-12 21:30,LONG,2024-02-12 21:57,49797.80,49590.00,70,300,49727.80,50097.80,2024-02-12 22:03,49727.80,LOSS,-92.00,-1.314286
90,2024-02-13 07:30,LONG,2024-02-13 07:46,50021.15,50008.61,70,300,49951.15,50321.15,2024-02-13 08:11,49951.15,LOSS,-92.00,-1.314286
91,2024-02-13 19:00,LONG,2024-02-13 19:21,49740.00,49570.22,70,300,49670.00,50040.00,2024-02-13 19:26,49670.00,LOSS,-92.00,-1.314286
92,2024-02-14 03:00,SHORT,2024-02-14 03:26,49519.40,49701.94,70,600,49589.40,48919.40,2024-02-14 03:31,49589.40,LOSS,-92.00,-1.314286
93,2024-02-14 18:00,SHORT,2024-02-14 18:09,51675.12,51771.77,70,800,51745.12,50875.12,2024-02-14 19:02,51745.12,LOSS,-92.00,-1.314286
94,2024-02-14 20:00,SHORT,2024-02-14 20:03,51906.00,51917.98,70,400,51976.00,51506.00,2024-02-14 20:06,51976.00,LOSS,-92.00,-1.314286
95,2024-02-15 17:30,LONG,2024-02-15 17:52,52210.00,52138.12,70,300,52140.00,52510.00,2024-02-15 18:58,52140.00,LOSS,-92.00,-1.314286
96,2024-02-15 20:30,LONG,2024-02-15 20:40,52501.31,52456.62,70,300,52431.31,52801.31,2024-02-15 20:41,52431.31,LOSS,-92.00,-1.314286
97,2024-02-18 07:30,LONG,2024-02-18 07:39,51410.83,51381.10,70,300,51340.83,51710.83,2024-02-18 08:09,51340.83,LOSS,-92.00,-1.314286
98,2024-02-20 23:00,LONG,2024-02-20 23:28,51276.34,51036.34,70,300,51206.34,51576.34,2024-02-21 00:52,51576.34,WIN,278.00,3.971429
99,2024-02-21 17:30,SHORT,2024-02-21 17:47,51085.53,51173.00,220,800,51305.53,50285.53,2024-02-21 18:08,51305.53,LOSS,-257.00,-1.168182
100,2024-02-25 07:30,SHORT,2024-02-25 07:42,51804.01,51851.10,70,400,51874.01,51404.01,2024-02-25 07:56,51874.01,LOSS,-92.00,-1.314286
101,2024-02-25 08:30,LONG,2024-02-25 08:53,51482.06,51461.10,70,300,51412.06,51782.06,2024-02-25 12:07,51782.06,WIN,278.00,3.971429
102,2024-02-27 16:00,LONG,2024-02-27 16:10,56495.94,56458.02,70,300,56425.94,56795.94,2024-02-27 16:33,56425.94,LOSS,-92.00,-1.314286
103,2024-02-27 23:00,LONG,2024-02-27 23:16,56920.01,56840.00,70,300,56850.01,57220.01,2024-02-27 23:21,56850.01,LOSS,-92.00,-1.314286
104,2024-02-28 21:30,SHORT,2024-02-28 21:38,61086.22,61154.99,70,400,61156.22,60686.22,2024-02-28 21:47,61156.22,LOSS,-92.00,-1.314286
105,2024-02-29 00:30,LONG,2024-02-29 00:42,60982.00,60884.73,70,300,60912.00,61282.00,2024-02-29 00:46,61282.00,WIN,278.00,3.971429
106,2024-02-29 02:30,LONG,2024-02-29 02:45,60283.20,60199.99,70,300,60213.20,60583.20,2024-02-29 03:10,60583.20,WIN,278.00,3.971429
107,2024-02-29 05:30,LONG,2024-02-29 05:33,62312.11,62287.04,270,300,62042.11,62612.11,2024-02-29 05:34,62042.11,LOSS,-312.00,-1.155556
108,2024-02-29 07:30,LONG,2024-02-29 07:58,61256.06,61156.01,70,300,61186.06,61556.06,2024-02-29 08:18,61556.06,WIN,278.00,3.971429
109,2024-02-29 16:00,LONG,2024-02-29 16:16,62566.38,62353.63,70,300,62496.38,62866.38,2024-02-29 16:37,62866.38,WIN,278.00,3.971429
110,2024-02-29 19:00,LONG,2024-02-29 19:01,62541.05,62453.88,70,300,62471.05,62841.05,2024-02-29 19:10,62841.05,WIN,278.00,3.971429
111,2024-03-03 19:00,LONG,2024-03-03 19:06,62064.03,62054.24,70,300,61994.03,62364.03,2024-03-03 19:27,62364.03,WIN,278.00,3.971429
112,2024-03-04 06:00,SHORT,2024-03-04 06:19,63233.97,63380.00,70,800,63303.97,62433.97,2024-03-04 06:20,62433.97,WIN,778.00,11.114286
113,2024-03-04 07:00,SHORT,2024-03-04 07:17,63579.29,63611.10,70,800,63649.29,62779.29,2024-03-04 08:01,63649.29,LOSS,-92.00,-1.314286
114,2024-03-04 08:30,LONG,2024-03-04 08:42,63567.42,63521.66,70,300,63497.42,63867.42,2024-03-04 09:05,63497.42,LOSS,-92.00,-1.314286
115,2024-03-04 18:00,LONG,2024-03-04 18:21,65109.99,64890.36,70,300,65039.99,65409.99,2024-03-04 19:04,65409.99,WIN,278.00,3.971429
116,2024-03-04 19:00,SHORT,2024-03-04 19:27,65243.69,65474.80,70,600,65313.69,64643.69,2024-03-04 19:33,64643.69,WIN,578.00,8.257143
117,2024-03-04 20:30,LONG,2024-03-04 20:31,66049.41,66022.19,70,300,65979.41,66349.41,2024-03-04 20:35,65979.41,LOSS,-92.00,-1.314286
118,2024-03-04 21:30,LONG,2024-03-04 21:59,66331.65,66220.29,70,300,66261.65,66631.65,2024-03-04 22:01,66261.65,LOSS,-92.00,-1.314286
119,2024-03-04 22:30,LONG,2024-03-04 22:42,66419.82,66209.39,270,300,66149.82,66719.82,2024-03-04 22:46,66719.82,WIN,258.00,0.955556
120,2024-03-05 01:30,LONG,2024-03-05 01:40,67285.25,67090.00,70,300,67215.25,67585.25,2024-03-05 01:42,67215.25,LOSS,-92.00,-1.314286
121,2024-03-05 03:00,LONG,2024-03-05 03:20,67307.17,67284.59,70,300,67237.17,67607.17,2024-03-05 03:21,67237.17,LOSS,-92.00,-1.314286
122,2024-03-05 06:00,LONG,2024-03-05 06:13,68125.71,68083.72,270,300,67855.71,68425.71,2024-03-05 06:41,68425.71,WIN,258.00,0.955556
123,2024-03-05 08:30,LONG,2024-03-05 08:53,68017.81,67929.39,70,300,67947.81,68317.81,2024-03-05 09:34,68317.81,WIN,278.00,3.971429
124,2024-03-05 11:30,LONG,2024-03-05 11:39,66841.10,66640.00,70,300,66771.10,67141.10,2024-03-05 11:46,67141.10,WIN,278.00,3.971429
125,2024-03-05 12:30,LONG,2024-03-05 12:37,67166.80,67105.20,70,300,67096.80,67466.80,2024-03-05 12:46,67096.80,LOSS,-92.00,-1.314286
126,2024-03-05 20:30,LONG,2024-03-05 20:31,68590.41,68429.00,70,300,68520.41,68890.41,2024-03-05 20:34,68890.41,WIN,278.00,3.971429
127,2024-03-05 23:00,LONG,2024-03-05 23:27,65375.98,65137.31,70,300,65305.98,65675.98,2024-03-05 23:31,65305.98,LOSS,-92.00,-1.314286
128,2024-03-06 05:30,SHORT,2024-03-06 05:53,63844.01,63986.85,70,600,63914.01,63244.01,2024-03-06 05:54,63914.01,LOSS,-92.00,-1.314286
129,2024-03-06 06:00,SHORT,2024-03-06 06:11,63844.01,63874.44,70,800,63914.01,63044.01,2024-03-06 07:31,63044.01,WIN,778.00,11.114286
130,2024-03-06 07:30,SHORT,2024-03-06 07:59,63228.60,63448.25,70,400,63298.60,62828.60,2024-03-06 08:07,63298.60,LOSS,-92.00,-1.314286
131,2024-03-06 20:00,SHORT,2024-03-06 20:14,66447.47,66682.75,70,400,66517.47,66047.47,2024-03-06 20:21,66517.47,LOSS,-92.00,-1.314286
132,2024-03-06 22:00,SHORT,2024-03-06 22:02,66601.12,66790.00,70,400,66671.12,66201.12,2024-03-06 22:03,66671.12,LOSS,-92.00,-1.314286
133,2024-03-10 17:30,SHORT,2024-03-10 17:43,69688.45,69719.41,220,800,69908.45,68888.45,2024-03-10 20:10,68888.45,WIN,763.00,3.468182
134,2024-03-11 17:00,SHORT,2024-03-11 17:24,71624.00,71864.00,70,800,71694.00,70824.00,2024-03-11 17:27,71694.00,LOSS,-92.00,-1.314286
135,2024-03-11 17:30,SHORT,2024-03-11 17:38,71607.21,71630.09,220,800,71827.21,70807.21,2024-03-11 17:58,71827.21,LOSS,-257.00,-1.168182
136,2024-03-11 19:00,SHORT,2024-03-11 19:01,72088.26,72166.90,70,600,72158.26,71488.26,2024-03-11 19:02,72158.26,LOSS,-92.00,-1.314286
137,2024-03-11 21:00,SHORT,2024-03-11 21:07,72290.69,72378.01,70,400,72360.69,71890.69,2024-03-11 21:15,72360.69,LOSS,-92.00,-1.314286
138,2024-03-11 22:30,LONG,2024-03-11 22:49,72381.11,72240.00,270,300,72111.11,72681.11,2024-03-12 00:40,72681.11,WIN,258.00,0.955556
139,2024-03-12 09:30,LONG,2024-03-12 09:34,71499.00,71467.41,70,300,71429.00,71799.00,2024-03-12 09:35,71429.00,LOSS,-92.00,-1.314286
140,2024-03-12 12:00,LONG,2024-03-12 12:17,71861.10,71621.11,70,300,71791.10,72161.10,2024-03-12 12:24,72161.10,WIN,278.00,3.971429
141,2024-03-12 17:30,LONG,2024-03-12 17:38,71903.82,71897.56,70,300,71833.82,72203.82,2024-03-12 17:45,71833.82,LOSS,-92.00,-1.314286
142,2024-03-12 18:00,LONG,2024-03-12 18:01,71903.82,71784.14,70,300,71833.82,72203.82,2024-03-12 18:02,71833.82,LOSS,-92.00,-1.314286
143,2024-03-12 19:00,LONG,2024-03-12 19:20,72073.18,71946.90,70,300,72003.18,72373.18,2024-03-12 19:33,72373.18,WIN,278.00,3.971429
144,2024-03-12 23:00,LONG,2024-03-12 23:18,70387.38,70269.32,70,300,70317.38,70687.38,2024-03-12 23:19,70687.38,WIN,278.00,3.971429
145,2024-03-12 23:30,LONG,2024-03-12 23:49,70972.55,70761.10,70,300,70902.55,71272.55,2024-03-12 23:53,70902.55,LOSS,-92.00,-1.314286
146,2024-03-13 05:30,SHORT,2024-03-13 05:40,71572.00,71723.60,70,600,71642.00,70972.00,2024-03-13 06:18,71642.00,LOSS,-92.00,-1.314286
147,2024-03-13 13:00,SHORT,2024-03-13 13:24,72827.99,72996.08,70,400,72897.99,72427.99,2024-03-13 13:30,72897.99,LOSS,-92.00,-1.314286
148,2024-03-13 20:00,SHORT,2024-03-13 20:01,72303.62,72361.10,70,400,72373.62,71903.62,2024-03-13 20:03,72373.62,LOSS,-92.00,-1.314286
149,2024-03-13 21:00,SHORT,2024-03-13 21:21,72472.79,72649.03,70,400,72542.79,72072.79,2024-03-13 21:25,72542.79,LOSS,-92.00,-1.314286
150,2024-03-14 02:00,LONG,2024-03-14 02:26,73229.24,73050.22,70,300,73159.24,73529.24,2024-03-14 02:28,73159.24,LOSS,-92.00,-1.314286
151,2024-03-14 17:30,LONG,2024-03-14 17:57,72764.01,72549.87,70,300,72694.01,73064.01,2024-03-14 17:58,72694.01,LOSS,-92.00,-1.314286
152,2024-03-14 18:00,LONG,2024-03-14 18:24,72764.01,72687.16,70,300,72694.01,73064.01,2024-03-14 18:38,72694.01,LOSS,-92.00,-1.314286
153,2024-03-17 06:00,SHORT,2024-03-17 06:25,65420.64,65630.42,70,800,65490.64,64620.64,2024-03-17 06:26,65490.64,LOSS,-92.00,-1.314286
154,2024-03-17 08:30,LONG,2024-03-17 08:48,66244.17,66205.00,70,300,66174.17,66544.17,2024-03-17 09:20,66544.17,WIN,278.00,3.971429
155,2024-03-17 11:30,LONG,2024-03-17 11:54,66115.67,66068.00,70,300,66045.67,66415.67,2024-03-17 11:56,66045.67,LOSS,-92.00,-1.314286
156,2024-03-17 12:30,SHORT,2024-03-17 12:40,65081.10,65300.13,70,600,65151.10,64481.10,2024-03-17 12:41,65151.10,LOSS,-92.00,-1.314286
157,2024-03-17 17:30,SHORT,2024-03-17 17:48,67075.49,67273.51,220,800,67295.49,66275.49,2024-03-17 18:46,67295.49,LOSS,-257.00,-1.168182
158,2024-03-17 20:00,SHORT,2024-03-17 20:04,67247.11,67252.00,70,400,67317.11,66847.11,2024-03-17 20:09,67317.11,LOSS,-92.00,-1.314286
159,2024-03-17 22:00,SHORT,2024-03-17 22:02,68085.51,68129.86,70,400,68155.51,67685.51,2024-03-17 22:05,68155.51,LOSS,-92.00,-1.314286
160,2024-03-17 23:30,LONG,2024-03-17 23:37,68430.22,68333.75,70,300,68360.22,68730.22,2024-03-17 23:44,68360.22,LOSS,-92.00,-1.314286
161,2024-03-18 03:00,LONG,2024-03-18 03:27,68149.05,68019.31,70,300,68079.05,68449.05,2024-03-18 03:37,68449.05,WIN,278.00,3.971429
162,2024-03-18 04:00,SHORT,2024-03-18 04:27,68263.36,68503.35,70,600,68333.36,67663.36,2024-03-18 04:35,68333.36,LOSS,-92.00,-1.314286
163,2024-03-18 06:30,SHORT,2024-03-18 06:56,67421.94,67646.82,70,400,67491.94,67021.94,2024-03-18 06:57,67491.94,LOSS,-92.00,-1.314286
164,2024-03-18 08:00,LONG,2024-03-18 08:09,67510.45,67410.00,70,300,67440.45,67810.45,2024-03-18 08:18,67810.45,WIN,278.00,3.971429
165,2024-03-18 09:30,LONG,2024-03-18 09:37,67852.01,67790.00,70,300,67782.01,68152.01,2024-03-18 09:39,67782.01,LOSS,-92.00,-1.314286
166,2024-03-18 12:30,LONG,2024-03-18 12:42,68361.09,68328.40,70,300,68291.09,68661.09,2024-03-18 12:46,68291.09,LOSS,-92.00,-1.314286
167,2024-03-18 17:00,SHORT,2024-03-18 17:22,68249.99,68374.86,70,800,68319.99,67449.99,2024-03-18 17:33,68319.99,LOSS,-92.00,-1.314286
168,2024-03-18 17:30,LONG,2024-03-18 17:47,68133.39,68123.96,70,300,68063.39,68433.39,2024-03-18 17:49,68063.39,LOSS,-92.00,-1.314286
169,2024-03-18 18:00,SHORT,2024-03-18 18:01,68373.39,68387.32,70,800,68443.39,67573.39,2024-03-18 18:07,68443.39,LOSS,-92.00,-1.314286
170,2024-03-18 19:00,LONG,2024-03-18 19:04,68430.53,68267.81,70,300,68360.53,68730.53,2024-03-18 19:06,68360.53,LOSS,-92.00,-1.314286
171,2024-03-18 22:00,SHORT,2024-03-18 22:16,67587.19,67673.62,70,400,67657.19,67187.19,2024-03-18 22:23,67187.19,WIN,378.00,5.400000
172,2024-03-19 09:30,LONG,2024-03-19 09:36,65756.01,65681.78,70,300,65686.01,66056.01,2024-03-19 09:39,65686.01,LOSS,-92.00,-1.314286
173,2024-03-19 16:30,LONG,2024-03-19 16:36,63136.01,63089.34,70,300,63066.01,63436.01,2024-03-19 16:37,63066.01,LOSS,-92.00,-1.314286
174,2024-03-19 19:00,LONG,2024-03-19 19:05,63504.00,63501.10,70,300,63434.00,63804.00,2024-03-19 19:10,63434.00,LOSS,-92.00,-1.314286
175,2024-03-20 00:30,SHORT,2024-03-20 00:59,64836.58,64961.61,70,800,64906.58,64036.58,2024-03-20 01:34,64036.58,WIN,778.00,11.114286
176,2024-03-20 03:00,SHORT,2024-03-20 03:11,63890.37,63894.12,70,600,63960.37,63290.37,2024-03-20 03:15,63960.37,LOSS,-92.00,-1.314286
177,2024-03-20 08:30,SHORT,2024-03-20 08:38,63001.40,63059.99,70,800,63071.40,62201.40,2024-03-20 08:49,63071.40,LOSS,-92.00,-1.314286
178,2024-03-20 17:00,SHORT,2024-03-20 17:16,63161.09,63333.15,70,800,63231.09,62361.09,2024-03-20 17:17,63231.09,LOSS,-92.00,-1.314286
179,2024-03-20 21:30,SHORT,2024-03-20 21:36,63720.37,63760.01,70,400,63790.37,63320.37,2024-03-20 21:53,63320.37,WIN,378.00,5.400000
180,2024-03-21 00:30,LONG,2024-03-21 00:35,65294.93,65110.00,70,300,65224.93,65594.93,2024-03-21 00:42,65594.93,WIN,278.00,3.971429
181,2024-03-21 04:30,LONG,2024-03-21 04:34,67561.94,67439.53,70,300,67491.94,67861.94,2024-03-21 04:44,67861.94,WIN,278.00,3.971429
182,2024-03-21 16:00,LONG,2024-03-21 16:14,66723.96,66660.00,70,300,66653.96,67023.96,2024-03-21 16:31,67023.96,WIN,278.00,3.971429
183,2024-03-21 21:30,LONG,2024-03-21 21:44,66437.77,66197.92,70,300,66367.77,66737.77,2024-03-21 21:46,66367.77,LOSS,-92.00,-1.314286
184,2024-03-24 00:30,LONG,2024-03-24 00:47,65253.88,65225.32,70,300,65183.88,65553.88,2024-03-24 00:55,65183.88,LOSS,-92.00,-1.314286
185,2024-03-24 03:00,SHORT,2024-03-24 03:14,65129.79,65184.00,70,600,65199.79,64529.79,2024-03-24 04:41,64529.79,WIN,578.00,8.257143
186,2024-03-24 06:30,SHORT,2024-03-24 06:58,64644.00,64700.30,70,400,64714.00,64244.00,2024-03-24 08:18,64244.00,WIN,378.00,5.400000
187,2024-03-24 08:30,LONG,2024-03-24 08:45,64158.05,64000.00,70,300,64088.05,64458.05,2024-03-24 08:46,64088.05,LOSS,-92.00,-1.314286
188,2024-03-24 10:00,LONG,2024-03-24 10:09,63842.98,63805.67,70,300,63772.98,64142.98,2024-03-24 10:10,63772.98,LOSS,-92.00,-1.314286
189,2024-03-24 18:30,SHORT,2024-03-24 18:32,65766.76,65780.00,70,800,65836.76,64966.76,2024-03-24 19:52,65836.76,LOSS,-92.00,-1.314286
190,2024-03-24 20:30,LONG,2024-03-24 20:53,65530.00,65509.41,70,300,65460.00,65830.00,2024-03-24 21:38,65830.00,WIN,278.00,3.971429
191,2024-03-24 23:00,LONG,2024-03-24 23:07,65129.04,64963.19,70,300,65059.04,65429.04,2024-03-24 23:11,65429.04,WIN,278.00,3.971429
192,2024-03-25 00:30,LONG,2024-03-25 00:39,65726.01,65685.99,70,300,65656.01,66026.01,2024-03-25 01:41,66026.01,WIN,278.00,3.971429
193,2024-03-25 06:30,SHORT,2024-03-25 06:51,66697.34,66863.97,70,400,66767.34,66297.34,2024-03-25 08:01,66767.34,LOSS,-92.00,-1.314286
194,2024-03-25 11:00,SHORT,2024-03-25 11:05,67626.00,67703.31,70,600,67696.00,67026.00,2024-03-25 12:07,67026.00,WIN,578.00,8.257143
195,2024-03-25 13:30,SHORT,2024-03-25 13:53,66941.19,67070.00,70,400,67011.19,66541.19,2024-03-25 13:55,67011.19,LOSS,-92.00,-1.314286
196,2024-03-25 16:30,LONG,2024-03-25 16:39,66874.32,66866.85,70,300,66804.32,67174.32,2024-03-25 16:40,66804.32,LOSS,-92.00,-1.314286
197,2024-03-25 19:00,SHORT,2024-03-25 19:04,67199.99,67203.61,70,600,67269.99,66599.99,2024-03-25 19:21,67269.99,LOSS,-92.00,-1.314286
198,2024-03-25 21:30,LONG,2024-03-25 21:41,69672.06,69640.00,70,300,69602.06,69972.06,2024-03-25 21:55,69602.06,LOSS,-92.00,-1.314286
199,2024-03-25 22:00,LONG,2024-03-25 22:02,69672.06,69520.00,70,300,69602.06,69972.06,2024-03-25 22:05,69972.06,WIN,278.00,3.971429
200,2024-03-26 00:30,LONG,2024-03-26 00:47,70737.10,70553.73,70,300,70667.10,71037.10,2024-03-26 00:49,70667.10,LOSS,-92.00,-1.314286
201,2024-03-26 02:00,LONG,2024-03-26 02:11,70840.89,70790.00,70,300,70770.89,71140.89,2024-03-26 02:33,70770.89,LOSS,-92.00,-1.314286
202,2024-03-26 20:30,LONG,2024-03-26 20:59,70190.01,70020.00,70,300,70120.01,70490.01,2024-03-26 21:00,70120.01,LOSS,-92.00,-1.314286
203,2024-03-26 21:00,LONG,2024-03-26 21:06,70190.01,69988.05,70,300,70120.01,70490.01,2024-03-26 21:32,70490.01,WIN,278.00,3.971429
204,2024-03-26 22:30,LONG,2024-03-26 22:40,69609.99,69605.78,270,300,69339.99,69909.99,2024-03-26 22:55,69909.99,WIN,258.00,0.955556
205,2024-03-27 00:00,SHORT,2024-03-27 00:26,70186.54,70392.08,220,800,70406.54,69386.54,2024-03-27 06:09,70406.54,LOSS,-257.00,-1.168182
206,2024-03-27 19:00,SHORT,2024-03-27 19:15,70306.17,70529.73,70,600,70376.17,69706.17,2024-03-27 19:16,69706.17,WIN,578.00,8.257143
207,2024-03-27 21:30,SHORT,2024-03-27 21:40,68993.99,69228.59,70,400,69063.99,68593.99,2024-03-27 21:43,68593.99,WIN,378.00,5.400000
208,2024-03-28 06:30,LONG,2024-03-28 06:53,69562.00,69478.23,270,300,69292.00,69862.00,2024-03-28 08:02,69292.00,LOSS,-312.00,-1.155556
209,2024-03-28 17:30,LONG,2024-03-28 17:44,70527.18,70438.20,70,300,70457.18,70827.18,2024-03-28 17:45,70457.18,LOSS,-92.00,-1.314286
210,2024-03-28 18:00,LONG,2024-03-28 18:10,70527.18,70455.92,70,300,70457.18,70827.18,2024-03-28 18:17,70457.18,LOSS,-92.00,-1.314286
211,2024-03-28 21:00,LONG,2024-03-28 21:21,71417.97,71177.98,70,300,71347.97,71717.97,2024-03-28 21:23,71347.97,LOSS,-92.00,-1.314286
212,2024-04-01 02:00,LONG,2024-04-01 02:20,70903.51,70759.93,70,300,70833.51,71203.51,2024-04-01 02:28,70833.51,LOSS,-92.00,-1.314286
213,2024-04-01 22:30,LONG,2024-04-01 22:41,68446.17,68424.53,270,300,68176.17,68746.17,2024-04-01 23:29,68746.17,WIN,258.00,0.955556
214,2024-04-02 01:30,LONG,2024-04-02 01:47,69528.01,69456.24,70,300,69458.01,69828.01,2024-04-02 01:49,69458.01,LOSS,-92.00,-1.314286
215,2024-04-02 02:00,LONG,2024-04-02 02:07,69528.01,69425.34,70,300,69458.01,69828.01,2024-04-02 02:50,69828.01,WIN,278.00,3.971429
216,2024-04-02 05:30,LONG,2024-04-02 05:40,69529.81,69516.04,270,300,69259.81,69829.81,2024-04-02 06:02,69259.81,LOSS,-312.00,-1.155556
217,2024-04-02 10:00,LONG,2024-04-02 10:01,66583.97,66580.00,70,300,66513.97,66883.97,2024-04-02 10:19,66513.97,LOSS,-92.00,-1.314286
218,2024-04-02 16:00,LONG,2024-04-02 16:28,65960.74,65920.00,70,300,65890.74,66260.74,2024-04-02 16:32,65890.74,LOSS,-92.00,-1.314286
219,2024-04-02 19:00,LONG,2024-04-02 19:20,65225.58,65088.84,70,300,65155.58,65525.58,2024-04-02 19:21,65155.58,LOSS,-92.00,-1.314286
220,2024-04-02 22:30,LONG,2024-04-02 22:58,65423.91,65390.00,270,300,65153.91,65723.91,2024-04-02 23:30,65723.91,WIN,258.00,0.955556
221,2024-04-03 04:00,SHORT,2024-04-03 04:27,65812.77,65924.24,70,600,65882.77,65212.77,2024-04-03 05:53,65212.77,WIN,578.00,8.257143
222,2024-04-03 17:30,SHORT,2024-04-03 17:42,66179.75,66190.03,220,800,66399.75,65379.75,2024-04-03 19:34,66399.75,LOSS,-257.00,-1.168182
223,2024-04-04 00:30,LONG,2024-04-04 00:51,65883.08,65759.68,70,300,65813.08,66183.08,2024-04-04 00:52,65813.08,LOSS,-92.00,-1.314286
224,2024-04-04 05:30,LONG,2024-04-04 05:34,65843.27,65828.00,270,300,65573.27,66143.27,2024-04-04 05:40,66143.27,WIN,258.00,0.955556
225,2024-04-04 20:30,LONG,2024-04-04 20:36,67571.98,67567.69,70,300,67501.98,67871.98,2024-04-04 20:51,67501.98,LOSS,-92.00,-1.314286
226,2024-04-08 17:30,SHORT,2024-04-08 17:48,72524.00,72579.04,220,800,72744.00,71724.00,2024-04-08 19:09,71724.00,WIN,763.00,3.468182
227,2024-04-08 19:00,LONG,2024-04-08 19:16,72060.01,71950.01,70,300,71990.01,72360.01,2024-04-08 19:21,71990.01,LOSS,-92.00,-1.314286
228,2024-04-08 21:00,SHORT,2024-04-08 21:22,71845.99,71958.45,70,400,71915.99,71445.99,2024-04-08 21:34,71915.99,LOSS,-92.00,-1.314286
229,2024-04-08 21:30,SHORT,2024-04-08 21:37,71893.98,71958.92,70,400,71963.98,71493.98,2024-04-08 21:39,71963.98,LOSS,-92.00,-1.314286
230,2024-04-08 21:30,LONG,2024-04-08 21:54,71653.98,71627.00,70,300,71583.98,71953.98,2024-04-08 22:05,71953.98,WIN,278.00,3.971429
231,2024-04-08 22:00,SHORT,2024-04-08 22:06,71893.98,71916.53,70,400,71963.98,71493.98,2024-04-08 22:52,71493.98,WIN,378.00,5.400000
232,2024-04-08 23:00,LONG,2024-04-08 23:22,71620.10,71440.00,70,300,71550.10,71920.10,2024-04-08 23:56,71920.10,WIN,278.00,3.971429
233,2024-04-09 00:30,LONG,2024-04-09 00:58,71788.60,71744.05,70,300,71718.60,72088.60,2024-04-09 01:27,71718.60,LOSS,-92.00,-1.314286
234,2024-04-09 09:30,LONG,2024-04-09 09:41,71165.00,71140.01,70,300,71095.00,71465.00,2024-04-09 09:45,71095.00,LOSS,-92.00,-1.314286
235,2024-04-09 12:00,LONG,2024-04-09 12:16,70935.99,70780.00,70,300,70865.99,71235.99,2024-04-09 12:17,70865.99,LOSS,-92.00,-1.314286
236,2024-04-09 13:00,LONG,2024-04-09 13:02,70645.70,70580.90,70,300,70575.70,70945.70,2024-04-09 13:05,70575.70,LOSS,-92.00,-1.314286
237,2024-04-09 21:00,LONG,2024-04-09 21:19,69238.32,69000.00,70,300,69168.32,69538.32,2024-04-09 21:22,69168.32,LOSS,-92.00,-1.314286
238,2024-04-09 21:30,LONG,2024-04-09 21:57,69144.00,68904.01,70,300,69074.00,69444.00,2024-04-09 22:00,69074.00,LOSS,-92.00,-1.314286
239,2024-04-10 08:30,SHORT,2024-04-10 08:35,68771.98,68826.63,70,800,68841.98,67971.98,2024-04-10 08:45,68841.98,LOSS,-92.00,-1.314286
240,2024-04-10 21:30,SHORT,2024-04-10 21:36,68777.31,68839.38,70,400,68847.31,68377.31,2024-04-10 21:39,68847.31,LOSS,-92.00,-1.314286
241,2024-04-11 03:00,LONG,2024-04-11 03:16,69692.01,69610.88,70,300,69622.01,69992.01,2024-04-11 03:24,69992.01,WIN,278.00,3.971429
242,2024-04-11 06:00,LONG,2024-04-11 06:28,70511.08,70303.21,270,300,70241.08,70811.08,2024-04-11 07:38,70811.08,WIN,258.00,0.955556
243,2024-04-11 19:00,LONG,2024-04-11 19:03,70738.82,70628.00,70,300,70668.82,71038.82,2024-04-11 19:07,70668.82,LOSS,-92.00,-1.314286
244,2024-04-11 22:00,LONG,2024-04-11 22:20,69880.00,69773.17,70,300,69810.00,70180.00,2024-04-11 22:34,70180.00,WIN,278.00,3.971429
245,2024-04-14 06:30,SHORT,2024-04-14 06:59,63792.19,63846.76,70,400,63862.19,63392.19,2024-04-14 07:00,63862.19,LOSS,-92.00,-1.314286
246,2024-04-14 12:30,LONG,2024-04-14 12:59,64529.97,64512.96,70,300,64459.97,64829.97,2024-04-14 13:18,64459.97,LOSS,-92.00,-1.314286
247,2024-04-14 13:30,SHORT,2024-04-14 13:48,64584.30,64603.65,70,400,64654.30,64184.30,2024-04-14 13:55,64654.30,LOSS,-92.00,-1.314286
248,2024-04-14 21:00,SHORT,2024-04-14 21:10,64038.02,64260.00,70,400,64108.02,63638.02,2024-04-14 21:12,64108.02,LOSS,-92.00,-1.314286
249,2024-04-14 21:30,SHORT,2024-04-14 21:40,64300.98,64366.90,70,400,64370.98,63900.98,2024-04-14 21:43,64370.98,LOSS,-92.00,-1.314286
250,2024-04-15 01:30,SHORT,2024-04-15 01:36,64288.62,64317.31,70,800,64358.62,63488.62,2024-04-15 02:50,63488.62,WIN,778.00,11.114286
251,2024-04-15 03:00,LONG,2024-04-15 03:23,63722.35,63488.49,70,300,63652.35,64022.35,2024-04-15 03:25,63652.35,LOSS,-92.00,-1.314286
252,2024-04-15 04:30,LONG,2024-04-15 04:39,65210.29,65103.56,70,300,65140.29,65510.29,2024-04-15 04:50,65510.29,WIN,278.00,3.971429
253,2024-04-15 05:30,LONG,2024-04-15 05:40,65541.85,65412.69,270,300,65271.85,65841.85,2024-04-15 05:43,65841.85,WIN,258.00,0.955556
254,2024-04-15 06:00,LONG,2024-04-15 06:02,65541.85,65507.45,270,300,65271.85,65841.85,2024-04-15 07:17,65271.85,LOSS,-312.00,-1.155556
255,2024-04-15 08:00,LONG,2024-04-15 08:17,65155.63,65001.47,70,300,65085.63,65455.63,2024-04-15 08:21,65085.63,LOSS,-92.00,-1.314286
256,2024-04-15 08:30,SHORT,2024-04-15 08:41,65249.73,65297.01,70,800,65319.73,64449.73,2024-04-15 09:13,65319.73,LOSS,-92.00,-1.314286
257,2024-04-15 13:00,LONG,2024-04-15 13:17,66343.63,66222.84,70,300,66273.63,66643.63,2024-04-15 13:20,66273.63,LOSS,-92.00,-1.314286
258,2024-04-15 19:00,SHORT,2024-04-15 19:03,66148.17,66264.25,70,600,66218.17,65548.17,2024-04-15 19:11,66218.17,LOSS,-92.00,-1.314286
259,2024-04-16 08:00,LONG,2024-04-16 08:06,63027.50,62814.38,70,300,62957.50,63327.50,2024-04-16 08:17,63327.50,WIN,278.00,3.971429
260,2024-04-16 09:30,LONG,2024-04-16 09:33,62836.00,62810.00,70,300,62766.00,63136.00,2024-04-16 09:40,62766.00,LOSS,-92.00,-1.314286
261,2024-04-16 17:30,LONG,2024-04-16 17:40,62974.76,62909.95,70,300,62904.76,63274.76,2024-04-16 17:46,62904.76,LOSS,-92.00,-1.314286
262,2024-04-17 06:00,SHORT,2024-04-17 06:28,63913.40,63941.16,70,800,63983.40,63113.40,2024-04-17 06:29,63983.40,LOSS,-92.00,-1.314286
263,2024-04-17 13:30,SHORT,2024-04-17 13:33,63417.85,63541.81,70,400,63487.85,63017.85,2024-04-17 13:40,63487.85,LOSS,-92.00,-1.314286
264,2024-04-18 05:30,LONG,2024-04-18 05:58,61157.38,61017.00,270,300,60887.38,61457.38,2024-04-18 06:20,61457.38,WIN,258.00,0.955556
265,2024-04-18 13:00,LONG,2024-04-18 13:02,61027.82,61002.32,70,300,60957.82,61327.82,2024-04-18 13:08,60957.82,LOSS,-92.00,-1.314286
266,2024-04-18 20:30,LONG,2024-04-18 20:56,63696.56,63610.81,70,300,63626.56,63996.56,2024-04-18 20:59,63626.56,LOSS,-92.00,-1.314286
267,2024-04-21 08:30,SHORT,2024-04-21 08:53,65418.00,65460.54,70,800,65488.00,64618.00,2024-04-21 21:35,64618.00,WIN,778.00,11.114286
268,2024-04-21 21:30,LONG,2024-04-21 21:38,64923.70,64754.00,70,300,64853.70,65223.70,2024-04-21 21:39,64853.70,LOSS,-92.00,-1.314286
269,2024-04-22 06:00,LONG,2024-04-22 06:06,64821.15,64798.08,270,300,64551.15,65121.15,2024-04-22 06:48,65121.15,WIN,258.00,0.955556
270,2024-04-22 06:30,SHORT,2024-04-22 06:59,65028.96,65118.93,70,400,65098.96,64628.96,2024-04-22 07:01,64628.96,WIN,378.00,5.400000
271,2024-04-22 18:30,SHORT,2024-04-22 18:42,66115.48,66179.99,70,800,66185.48,65315.48,2024-04-22 19:28,66185.48,LOSS,-92.00,-1.314286
272,2024-04-22 20:00,SHORT,2024-04-22 20:05,66233.48,66424.82,70,400,66303.48,65833.48,2024-04-22 20:08,66303.48,LOSS,-92.00,-1.314286
273,2024-04-22 21:30,SHORT,2024-04-22 21:41,66114.39,66160.00,70,400,66184.39,65714.39,2024-04-22 21:42,66184.39,LOSS,-92.00,-1.314286
274,2024-04-23 00:30,LONG,2024-04-23 00:51,66211.16,66174.66,70,300,66141.16,66511.16,2024-04-23 01:26,66511.16,WIN,278.00,3.971429
275,2024-04-23 02:00,LONG,2024-04-23 02:21,66404.77,66400.56,70,300,66334.77,66704.77,2024-04-23 03:36,66704.77,WIN,278.00,3.971429
276,2024-04-23 18:00,LONG,2024-04-23 18:18,65923.99,65805.00,70,300,65853.99,66223.99,2024-04-23 19:01,66223.99,WIN,278.00,3.971429
277,2024-04-23 20:30,LONG,2024-04-23 20:35,66789.79,66770.00,70,300,66719.79,67089.79,2024-04-23 20:43,66719.79,LOSS,-92.00,-1.314286
278,2024-04-24 21:30,SHORT,2024-04-24 21:41,64730.10,64879.03,70,400,64800.10,64330.10,2024-04-24 21:42,64800.10,LOSS,-92.00,-1.314286
279,2024-04-25 04:30,LONG,2024-04-25 04:37,63976.00,63910.08,70,300,63906.00,64276.00,2024-04-25 04:47,64276.00,WIN,278.00,3.971429
280,2024-04-25 06:30,LONG,2024-04-25 06:46,64437.25,64381.47,270,300,64167.25,64737.25,2024-04-25 07:24,64167.25,LOSS,-312.00,-1.155556
281,2024-04-25 09:30,LONG,2024-04-25 09:42,64162.02,64104.29,70,300,64092.02,64462.02,2024-04-25 09:43,64092.02,LOSS,-92.00,-1.314286
282,2024-04-25 19:00,LONG,2024-04-25 19:07,63309.83,63211.89,70,300,63239.83,63609.83,2024-04-25 19:09,63239.83,LOSS,-92.00,-1.314286
283,2024-04-29 12:30,LONG,2024-04-29 12:42,62079.69,61944.24,70,300,62009.69,62379.69,2024-04-29 13:22,62379.69,WIN,278.00,3.971429
284,2024-04-29 21:00,SHORT,2024-04-29 21:20,62954.99,63095.55,70,400,63024.99,62554.99,2024-04-29 21:29,63024.99,LOSS,-92.00,-1.314286
285,2024-04-30 06:30,LONG,2024-04-30 06:41,64459.99,64374.00,270,300,64189.99,64759.99,2024-04-30 06:57,64189.99,LOSS,-312.00,-1.155556
286,2024-04-30 10:30,LONG,2024-04-30 10:36,63283.98,63277.33,70,300,63213.98,63583.98,2024-04-30 11:05,63213.98,LOSS,-92.00,-1.314286
287,2024-04-30 17:30,LONG,2024-04-30 17:44,61084.41,61018.11,70,300,61014.41,61384.41,2024-04-30 17:45,61014.41,LOSS,-92.00,-1.314286
288,2024-04-30 21:30,LONG,2024-04-30 21:33,60676.86,60622.23,70,300,60606.86,60976.86,2024-04-30 21:42,60606.86,LOSS,-92.00,-1.314286
289,2024-04-30 23:00,LONG,2024-04-30 23:15,60216.68,60154.72,70,300,60146.68,60516.68,2024-04-30 23:16,60146.68,LOSS,-92.00,-1.314286
290,2024-05-01 18:00,SHORT,2024-05-01 18:20,58018.46,58089.89,70,800,58088.46,57218.46,2024-05-01 19:41,57218.46,WIN,778.00,11.114286
291,2024-05-01 20:00,SHORT,2024-05-01 20:01,57421.29,57461.10,70,400,57491.29,57021.29,2024-05-01 20:02,57491.29,LOSS,-92.00,-1.314286
292,2024-05-01 22:00,SHORT,2024-05-01 22:12,57006.00,57110.10,70,400,57076.00,56606.00,2024-05-01 22:14,57076.00,LOSS,-92.00,-1.314286
293,2024-05-02 19:00,LONG,2024-05-02 19:08,58436.58,58428.75,70,300,58366.58,58736.58,2024-05-02 19:10,58366.58,LOSS,-92.00,-1.314286
294,2024-05-02 21:30,LONG,2024-05-02 21:37,59144.16,59095.00,70,300,59074.16,59444.16,2024-05-02 21:38,59074.16,LOSS,-92.00,-1.314286
295,2024-05-05 05:30,SHORT,2024-05-05 05:59,64012.03,64156.54,70,600,64082.03,63412.03,2024-05-05 06:42,63412.03,WIN,578.00,8.257143
296,2024-05-05 19:00,SHORT,2024-05-05 19:01,63845.32,63978.91,70,600,63915.32,63245.32,2024-05-05 19:05,63915.32,LOSS,-92.00,-1.314286
297,2024-05-05 21:00,SHORT,2024-05-05 21:03,64220.01,64349.23,70,400,64290.01,63820.01,2024-05-05 21:08,64290.01,LOSS,-92.00,-1.314286
298,2024-05-05 21:30,LONG,2024-05-05 21:38,64308.64,64286.00,70,300,64238.64,64608.64,2024-05-05 22:03,64238.64,LOSS,-92.00,-1.314286
299,2024-05-05 23:30,LONG,2024-05-05 23:46,64098.00,64082.02,70,300,64028.00,64398.00,2024-05-05 23:55,64028.00,LOSS,-92.00,-1.314286
300,2024-05-06 16:30,SHORT,2024-05-06 16:51,64127.16,64175.38,70,600,64197.16,63527.16,2024-05-06 16:52,64197.16,LOSS,-92.00,-1.314286
301,2024-05-06 18:00,LONG,2024-05-06 18:09,64083.55,63959.86,70,300,64013.55,64383.55,2024-05-06 18:10,64013.55,LOSS,-92.00,-1.314286
302,2024-05-06 21:30,LONG,2024-05-06 21:54,63512.01,63400.00,70,300,63442.01,63812.01,2024-05-06 22:02,63442.01,LOSS,-92.00,-1.314286
303,2024-05-06 22:30,SHORT,2024-05-06 22:55,63312.42,63439.60,70,400,63382.42,62912.42,2024-05-07 00:06,63382.42,LOSS,-92.00,-1.314286
304,2024-05-08 11:00,SHORT,2024-05-08 11:16,62640.15,62721.51,70,600,62710.15,62040.15,2024-05-08 13:21,62040.15,WIN,578.00,8.257143
305,2024-05-08 13:30,SHORT,2024-05-08 13:52,62328.00,62380.09,70,400,62398.00,61928.00,2024-05-08 14:06,62398.00,LOSS,-92.00,-1.314286
306,2024-05-09 01:30,LONG,2024-05-09 01:42,62059.45,62058.19,70,300,61989.45,62359.45,2024-05-09 01:47,61989.45,LOSS,-92.00,-1.314286
307,2024-05-09 02:30,LONG,2024-05-09 02:52,61450.00,61395.59,70,300,61380.00,61750.00,2024-05-09 02:57,61750.00,WIN,278.00,3.971429
308,2024-05-09 04:30,LONG,2024-05-09 04:40,61131.02,61079.87,70,300,61061.02,61431.02,2024-05-09 04:47,61061.02,LOSS,-92.00,-1.314286
309,2024-05-12 02:00,LONG,2024-05-12 02:21,61024.01,60794.21,70,300,60954.01,61324.01,2024-05-12 02:34,60954.01,LOSS,-92.00,-1.314286
310,2024-05-12 22:00,SHORT,2024-05-12 22:23,61539.01,61728.40,70,400,61609.01,61139.01,2024-05-12 22:32,61139.01,WIN,378.00,5.400000
311,2024-05-13 07:00,LONG,2024-05-13 07:18,61392.90,61185.77,70,300,61322.90,61692.90,2024-05-13 07:50,61322.90,LOSS,-92.00,-1.314286
312,2024-05-13 08:00,LONG,2024-05-13 08:12,61295.88,61140.00,70,300,61225.88,61595.88,2024-05-13 08:13,61225.88,LOSS,-92.00,-1.314286
313,2024-05-13 17:30,LONG,2024-05-13 17:56,62617.99,62410.94,70,300,62547.99,62917.99,2024-05-13 18:35,62917.99,WIN,278.00,3.971429
314,2024-05-13 19:00,LONG,2024-05-13 19:05,62724.03,62688.05,70,300,62654.03,63024.03,2024-05-13 19:08,62654.03,LOSS,-92.00,-1.314286
315,2024-05-13 22:00,SHORT,2024-05-13 22:11,63122.00,63277.55,70,400,63192.00,62722.00,2024-05-13 22:21,63192.00,LOSS,-92.00,-1.314286
316,2024-05-14 07:00,LONG,2024-05-14 07:17,62695.02,62655.17,70,300,62625.02,62995.02,2024-05-14 07:23,62625.02,LOSS,-92.00,-1.314286
317,2024-05-14 23:00,LONG,2024-05-14 23:26,61307.54,61175.28,70,300,61237.54,61607.54,2024-05-15 00:00,61237.54,LOSS,-92.00,-1.314286
318,2024-05-15 17:30,SHORT,2024-05-15 17:52,62587.18,62602.42,220,800,62807.18,61787.18,2024-05-15 18:00,62807.18,LOSS,-257.00,-1.168182
319,2024-05-15 20:00,SHORT,2024-05-15 20:03,64266.00,64350.62,70,400,64336.00,63866.00,2024-05-15 20:04,64336.00,LOSS,-92.00,-1.314286
320,2024-05-15 21:00,SHORT,2024-05-15 21:27,64619.99,64727.14,70,400,64689.99,64219.99,2024-05-15 21:28,64689.99,LOSS,-92.00,-1.314286
321,2024-05-15 21:30,SHORT,2024-05-15 21:46,64845.12,64969.99,70,400,64915.12,64445.12,2024-05-15 21:47,64915.12,LOSS,-92.00,-1.314286
322,2024-05-16 00:30,LONG,2024-05-16 00:42,65597.28,65431.12,70,300,65527.28,65897.28,2024-05-16 00:53,65897.28,WIN,278.00,3.971429
323,2024-05-16 07:00,LONG,2024-05-16 07:27,65963.90,65849.74,70,300,65893.90,66263.90,2024-05-16 08:13,65893.90,LOSS,-92.00,-1.314286
324,2024-05-16 08:00,LONG,2024-05-16 08:28,65865.99,65755.20,70,300,65795.99,66165.99,2024-05-16 10:30,65795.99,LOSS,-92.00,-1.314286
325,2024-05-16 17:30,LONG,2024-05-16 17:58,66383.81,66225.70,70,300,66313.81,66683.81,2024-05-16 18:00,66313.81,LOSS,-92.00,-1.314286
326,2024-05-16 23:00,LONG,2024-05-16 23:25,65034.98,65029.95,70,300,64964.98,65334.98,2024-05-16 23:35,64964.98,LOSS,-92.00,-1.314286
327,2024-05-20 07:00,LONG,2024-05-20 07:11,66339.99,66229.63,70,300,66269.99,66639.99,2024-05-20 07:36,66639.99,WIN,278.00,3.971429
328,2024-05-21 03:00,LONG,2024-05-21 03:22,69379.99,69183.67,70,300,69309.99,69679.99,2024-05-21 03:27,69679.99,WIN,278.00,3.971429
329,2024-05-21 04:00,LONG,2024-05-21 04:13,69597.80,69589.00,70,300,69527.80,69897.80,2024-05-21 04:42,69897.80,WIN,278.00,3.971429
330,2024-05-21 05:30,LONG,2024-05-21 05:43,71326.62,71155.56,270,300,71056.62,71626.62,2024-05-21 05:47,71626.62,WIN,258.00,0.955556
331,2024-05-21 07:00,LONG,2024-05-21 07:16,71192.32,70952.33,70,300,71122.32,71492.32,2024-05-21 07:17,71122.32,LOSS,-92.00,-1.314286
332,2024-05-21 12:30,LONG,2024-05-21 12:47,71085.41,71034.20,70,300,71015.41,71385.41,2024-05-21 13:04,71015.41,LOSS,-92.00,-1.314286
333,2024-05-21 19:00,LONG,2024-05-21 19:16,71229.99,70989.99,70,300,71159.99,71529.99,2024-05-21 19:19,71159.99,LOSS,-92.00,-1.314286
334,2024-05-22 18:00,SHORT,2024-05-22 18:06,69856.14,70000.40,70,800,69926.14,69056.14,2024-05-22 19:47,69926.14,LOSS,-92.00,-1.314286
335,2024-05-23 02:30,LONG,2024-05-23 02:58,69322.02,69295.70,70,300,69252.02,69622.02,2024-05-23 03:07,69622.02,WIN,278.00,3.971429
336,2024-05-23 06:30,LONG,2024-05-23 06:45,69379.81,69261.51,270,300,69109.81,69679.81,2024-05-23 13:06,69679.81,WIN,258.00,0.955556
337,2024-05-23 21:30,LONG,2024-05-23 21:44,67955.99,67953.79,70,300,67885.99,68255.99,2024-05-23 21:47,67885.99,LOSS,-92.00,-1.314286
338,2024-05-26 13:30,SHORT,2024-05-26 13:46,69460.16,69537.36,70,400,69530.16,69060.16,2024-05-26 15:01,69060.16,WIN,378.00,5.400000
339,2024-05-28 06:00,LONG,2024-05-28 06:28,69316.43,69112.99,270,300,69046.43,69616.43,2024-05-28 07:15,69046.43,LOSS,-312.00,-1.155556
340,2024-05-28 20:30,LONG,2024-05-28 20:34,67848.99,67805.21,70,300,67778.99,68148.99,2024-05-28 20:36,67778.99,LOSS,-92.00,-1.314286
341,2024-05-29 07:00,SHORT,2024-05-29 07:19,68615.99,68670.00,70,800,68685.99,67815.99,2024-05-29 07:57,68685.99,LOSS,-92.00,-1.314286
342,2024-05-30 23:30,LONG,2024-05-30 23:47,69195.10,69140.00,70,300,69125.10,69495.10,2024-05-31 00:07,69125.10,LOSS,-92.00,-1.314286
343,2024-06-02 20:00,SHORT,2024-06-02 20:10,68285.97,68433.65,70,400,68355.97,67885.97,2024-06-02 22:50,67885.97,WIN,378.00,5.400000
344,2024-06-03 00:30,LONG,2024-06-03 00:58,67577.14,67394.63,70,300,67507.14,67877.14,2024-06-03 02:37,67877.14,WIN,278.00,3.971429
345,2024-06-03 13:00,LONG,2024-06-03 13:08,68918.94,68819.62,70,300,68848.94,69218.94,2024-06-03 13:09,68848.94,LOSS,-92.00,-1.314286
346,2024-06-03 17:00,SHORT,2024-06-03 17:10,69028.00,69184.00,70,800,69098.00,68228.00,2024-06-03 17:14,69098.00,LOSS,-92.00,-1.314286
347,2024-06-03 19:00,SHORT,2024-06-03 19:03,69866.23,69881.04,70,600,69936.23,69266.23,2024-06-03 19:12,69936.23,LOSS,-92.00,-1.314286
348,2024-06-03 22:30,LONG,2024-06-03 22:37,68960.02,68920.00,270,300,68690.02,69260.02,2024-06-03 23:01,69260.02,WIN,258.00,0.955556
349,2024-06-04 00:30,LONG,2024-06-04 00:50,69168.41,69084.49,70,300,69098.41,69468.41,2024-06-04 01:00,69098.41,LOSS,-92.00,-1.314286
350,2024-06-04 11:30,LONG,2024-06-04 11:40,68836.01,68750.90,70,300,68766.01,69136.01,2024-06-04 13:43,69136.01,WIN,278.00,3.971429
351,2024-06-04 20:30,LONG,2024-06-04 20:37,69531.49,69497.36,70,300,69461.49,69831.49,2024-06-04 20:42,69831.49,WIN,278.00,3.971429
352,2024-06-04 22:30,LONG,2024-06-04 22:35,70680.00,70639.00,270,300,70410.00,70980.00,2024-06-04 23:04,70410.00,LOSS,-312.00,-1.155556
353,2024-06-04 23:00,LONG,2024-06-04 23:25,70680.00,70473.52,70,300,70610.00,70980.00,2024-06-04 23:27,70610.00,LOSS,-92.00,-1.314286
354,2024-06-05 06:00,SHORT,2024-06-05 06:18,70657.83,70783.51,70,800,70727.83,69857.83,2024-06-05 06:21,70727.83,LOSS,-92.00,-1.314286
355,2024-06-05 07:00,SHORT,2024-06-05 07:01,70895.99,71006.16,70,800,70965.99,70095.99,2024-06-05 07:02,70965.99,LOSS,-92.00,-1.314286
356,2024-06-05 21:30,SHORT,2024-06-05 21:44,71700.01,71720.72,70,400,71770.01,71300.01,2024-06-05 22:18,71300.01,WIN,378.00,5.400000
357,2024-06-10 22:00,LONG,2024-06-10 22:12,69946.12,69745.82,70,300,69876.12,70246.12,2024-06-10 22:32,69876.12,LOSS,-92.00,-1.314286
358,2024-06-11 00:30,LONG,2024-06-11 00:59,69740.01,69579.98,70,300,69670.01,70040.01,2024-06-11 01:06,69670.01,LOSS,-92.00,-1.314286
359,2024-06-11 21:00,LONG,2024-06-11 21:04,66731.27,66716.00,70,300,66661.27,67031.27,2024-06-11 21:08,66661.27,LOSS,-92.00,-1.314286
360,2024-06-11 23:00,LONG,2024-06-11 23:01,66367.48,66284.00,70,300,66297.48,66667.48,2024-06-11 23:23,66667.48,WIN,278.00,3.971429
361,2024-06-13 08:00,LONG,2024-06-13 08:13,67859.63,67780.00,70,300,67789.63,68159.63,2024-06-13 08:19,67789.63,LOSS,-92.00,-1.314286
362,2024-06-13 18:00,LONG,2024-06-13 18:27,67620.00,67516.00,70,300,67550.00,67920.00,2024-06-13 18:54,67920.00,WIN,278.00,3.971429
363,2024-06-13 23:00,LONG,2024-06-13 23:09,66856.01,66720.13,70,300,66786.01,67156.01,2024-06-13 23:16,66786.01,LOSS,-92.00,-1.314286
364,2024-06-17 06:00,SHORT,2024-06-17 06:13,66796.86,66909.37,70,800,66866.86,65996.86,2024-06-17 12:41,65996.86,WIN,778.00,11.114286
365,2024-06-17 12:30,LONG,2024-06-17 12:46,66012.40,65956.60,70,300,65942.40,66312.40,2024-06-17 13:00,66312.40,WIN,278.00,3.971429
366,2024-06-17 13:00,SHORT,2024-06-17 13:06,66252.40,66299.67,70,400,66322.40,65852.40,2024-06-17 15:26,65852.40,WIN,378.00,5.400000
367,2024-06-17 19:00,LONG,2024-06-17 19:12,65505.49,65447.05,70,300,65435.49,65805.49,2024-06-17 19:13,65435.49,LOSS,-92.00,-1.314286
368,2024-06-17 21:00,SHORT,2024-06-17 21:20,65592.98,65612.00,70,400,65662.98,65192.98,2024-06-17 21:50,65192.98,WIN,378.00,5.400000
369,2024-06-17 22:30,SHORT,2024-06-17 22:36,66018.01,66082.80,70,400,66088.01,65618.01,2024-06-17 22:45,66088.01,LOSS,-92.00,-1.314286
370,2024-06-18 02:00,LONG,2024-06-18 02:12,66571.99,66404.70,70,300,66501.99,66871.99,2024-06-18 02:19,66501.99,LOSS,-92.00,-1.314286
371,2024-06-18 08:30,LONG,2024-06-18 08:40,65347.42,65293.68,70,300,65277.42,65647.42,2024-06-18 09:49,65647.42,WIN,278.00,3.971429
372,2024-06-18 17:30,LONG,2024-06-18 17:50,65246.00,65101.46,70,300,65176.00,65546.00,2024-06-18 17:51,65176.00,LOSS,-92.00,-1.314286
373,2024-06-18 18:00,LONG,2024-06-18 18:01,65246.00,65073.97,70,300,65176.00,65546.00,2024-06-18 18:02,65176.00,LOSS,-92.00,-1.314286
374,2024-06-18 21:30,LONG,2024-06-18 21:34,64585.99,64569.95,70,300,64515.99,64885.99,2024-06-18 21:41,64515.99,LOSS,-92.00,-1.314286
375,2024-06-18 22:00,LONG,2024-06-18 22:28,64585.99,64508.98,70,300,64515.99,64885.99,2024-06-18 22:39,64885.99,WIN,278.00,3.971429
376,2024-06-18 23:00,LONG,2024-06-18 23:03,64580.99,64544.91,70,300,64510.99,64880.99,2024-06-18 23:31,64510.99,LOSS,-92.00,-1.314286
377,2024-06-18 23:30,LONG,2024-06-18 23:35,64489.99,64441.00,70,300,64419.99,64789.99,2024-06-18 23:42,64789.99,WIN,278.00,3.971429
378,2024-06-20 18:00,LONG,2024-06-20 18:02,66049.86,65940.50,70,300,65979.86,66349.86,2024-06-20 18:03,65979.86,LOSS,-92.00,-1.314286
379,2024-06-20 20:30,LONG,2024-06-20 20:35,64832.02,64788.84,70,300,64762.02,65132.02,2024-06-20 21:32,64762.02,LOSS,-92.00,-1.314286
380,2024-06-24 06:00,LONG,2024-06-24 06:05,63090.01,62937.53,270,300,62820.01,63390.01,2024-06-24 08:25,62820.01,LOSS,-312.00,-1.155556
381,2024-06-24 08:30,SHORT,2024-06-24 08:47,63000.95,63055.02,70,800,63070.95,62200.95,2024-06-24 11:39,62200.95,WIN,778.00,11.114286
382,2024-06-24 13:00,SHORT,2024-06-24 13:09,62525.00,62537.37,70,400,62595.00,62125.00,2024-06-24 13:20,62595.00,LOSS,-92.00,-1.314286
383,2024-06-24 16:00,LONG,2024-06-24 16:06,61282.28,61222.00,70,300,61212.28,61582.28,2024-06-24 16:08,61212.28,LOSS,-92.00,-1.314286
384,2024-06-24 18:00,LONG,2024-06-24 18:15,61171.95,61154.55,70,300,61101.95,61471.95,2024-06-24 18:32,61101.95,LOSS,-92.00,-1.314286
385,2024-06-24 21:30,SHORT,2024-06-24 21:58,60963.99,61030.36,70,400,61033.99,60563.99,2024-06-24 22:08,60563.99,WIN,378.00,5.400000
386,2024-06-24 22:30,SHORT,2024-06-24 22:39,60288.01,60360.00,70,400,60358.01,59888.01,2024-06-24 22:41,59888.01,WIN,378.00,5.400000
387,2024-06-24 23:30,LONG,2024-06-24 23:49,60124.89,60061.03,70,300,60054.89,60424.89,2024-06-24 23:58,60424.89,WIN,278.00,3.971429
388,2024-06-25 17:30,LONG,2024-06-25 17:39,61067.64,60960.00,70,300,60997.64,61367.64,2024-06-25 19:17,61367.64,WIN,278.00,3.971429
389,2024-06-26 07:30,SHORT,2024-06-26 07:54,62210.01,62236.51,70,400,62280.01,61810.01,2024-06-26 09:38,61810.01,WIN,378.00,5.400000
390,2024-06-26 16:30,SHORT,2024-06-26 16:56,61384.30,61509.64,70,600,61454.30,60784.30,2024-06-26 17:27,61454.30,LOSS,-92.00,-1.314286
391,2024-06-27 00:30,LONG,2024-06-27 00:44,60790.02,60751.97,70,300,60720.02,61090.02,2024-06-27 00:51,60720.02,LOSS,-92.00,-1.314286
392,2024-06-27 02:00,LONG,2024-06-27 02:21,60880.01,60795.66,70,300,60810.01,61180.01,2024-06-27 04:17,60810.01,LOSS,-92.00,-1.314286
393,2024-07-01 05:30,LONG,2024-07-01 05:46,62652.01,62598.85,270,300,62382.01,62952.01,2024-07-01 06:30,62952.01,WIN,258.00,0.955556
394,2024-07-01 08:00,LONG,2024-07-01 08:10,63520.81,63458.33,70,300,63450.81,63820.81,2024-07-01 08:12,63450.81,LOSS,-92.00,-1.314286
395,2024-07-01 19:00,SHORT,2024-07-01 19:02,63002.00,63041.35,70,600,63072.00,62402.00,2024-07-01 21:29,63072.00,LOSS,-92.00,-1.314286
396,2024-07-04 00:30,LONG,2024-07-04 00:36,60128.00,60086.06,70,300,60058.00,60428.00,2024-07-04 00:47,60058.00,LOSS,-92.00,-1.314286
397,2024-07-04 02:30,LONG,2024-07-04 02:32,59489.25,59464.06,70,300,59419.25,59789.25,2024-07-04 02:40,59789.25,WIN,278.00,3.971429
398,2024-07-04 10:00,LONG,2024-07-04 10:20,58982.00,58790.00,70,300,58912.00,59282.00,2024-07-04 10:38,58912.00,LOSS,-92.00,-1.314286
399,2024-07-04 12:00,LONG,2024-07-04 12:05,58782.00,58557.99,70,300,58712.00,59082.00,2024-07-04 12:37,58712.00,LOSS,-92.00,-1.314286
400,2024-07-04 19:00,LONG,2024-07-04 19:18,57127.98,57096.76,70,300,57057.98,57427.98,2024-07-04 19:25,57427.98,WIN,278.00,3.971429
401,2024-07-04 21:30,LONG,2024-07-04 21:34,58020.00,57990.19,70,300,57950.00,58320.00,2024-07-04 21:35,57950.00,LOSS,-92.00,-1.314286
402,2024-07-04 22:00,LONG,2024-07-04 22:09,58020.00,57780.00,70,300,57950.00,58320.00,2024-07-04 22:26,58320.00,WIN,278.00,3.971429
403,2024-07-04 23:30,LONG,2024-07-04 23:53,58119.99,57970.00,70,300,58049.99,58419.99,2024-07-05 00:50,58419.99,WIN,278.00,3.971429
404,2024-07-08 04:00,LONG,2024-07-08 04:22,56476.00,56433.11,70,300,56406.00,56776.00,2024-07-08 04:27,56406.00,LOSS,-92.00,-1.314286
405,2024-07-08 07:30,LONG,2024-07-08 07:50,54838.19,54599.45,70,300,54768.19,55138.19,2024-07-08 07:51,55138.19,WIN,278.00,3.971429
406,2024-07-08 09:30,LONG,2024-07-08 09:37,55040.00,55029.27,70,300,54970.00,55340.00,2024-07-08 09:46,55340.00,WIN,278.00,3.971429
407,2024-07-08 11:30,LONG,2024-07-08 11:44,55358.71,55209.93,70,300,55288.71,55658.71,2024-07-08 11:48,55658.71,WIN,278.00,3.971429
408,2024-07-08 17:30,LONG,2024-07-08 17:47,57034.01,56963.79,70,300,56964.01,57334.01,2024-07-08 18:21,57334.01,WIN,278.00,3.971429
409,2024-07-08 18:30,SHORT,2024-07-08 18:44,57271.10,57393.33,70,800,57341.10,56471.10,2024-07-08 18:45,57341.10,LOSS,-92.00,-1.314286
410,2024-07-08 21:00,SHORT,2024-07-08 21:06,56305.24,56436.95,70,400,56375.24,55905.24,2024-07-08 21:23,55905.24,WIN,378.00,5.400000
411,2024-07-08 21:30,SHORT,2024-07-08 21:45,55881.52,56064.01,70,400,55951.52,55481.52,2024-07-08 21:59,55481.52,WIN,378.00,5.400000
412,2024-07-08 22:30,LONG,2024-07-08 22:38,55692.00,55610.32,270,300,55422.00,55992.00,2024-07-08 22:45,55992.00,WIN,258.00,0.955556
413,2024-07-09 06:00,LONG,2024-07-09 06:15,56594.61,56405.85,270,300,56324.61,56894.61,2024-07-09 06:40,56894.61,WIN,258.00,0.955556
414,2024-07-09 19:00,LONG,2024-07-09 19:25,57218.01,57018.00,70,300,57148.01,57518.01,2024-07-09 19:34,57148.01,LOSS,-92.00,-1.314286
415,2024-07-10 04:00,SHORT,2024-07-10 04:29,57920.01,58080.00,70,600,57990.01,57320.01,2024-07-10 05:05,57990.01,LOSS,-92.00,-1.314286
416,2024-07-10 21:00,SHORT,2024-07-10 21:01,57833.03,57843.00,70,400,57903.03,57433.03,2024-07-10 21:13,57903.03,LOSS,-92.00,-1.314286
417,2024-07-11 02:00,LONG,2024-07-11 02:11,57272.03,57190.00,70,300,57202.03,57572.03,2024-07-11 03:35,57572.03,WIN,278.00,3.971429
418,2024-07-11 05:30,LONG,2024-07-11 05:52,57605.85,57519.58,270,300,57335.85,57905.85,2024-07-11 07:13,57905.85,WIN,258.00,0.955556
419,2024-07-11 17:30,LONG,2024-07-11 17:39,58657.99,58576.52,70,300,58587.99,58957.99,2024-07-11 17:47,58587.99,LOSS,-92.00,-1.314286
420,2024-07-14 04:00,LONG,2024-07-14 04:10,58566.00,58336.58,70,300,58496.00,58866.00,2024-07-14 04:11,58866.00,WIN,278.00,3.971429
421,2024-07-14 11:00,SHORT,2024-07-14 11:07,60070.00,60162.35,70,600,60140.00,59470.00,2024-07-14 11:19,60140.00,LOSS,-92.00,-1.314286
422,2024-07-14 20:30,LONG,2024-07-14 20:41,59892.00,59876.13,70,300,59822.00,60192.00,2024-07-15 02:09,60192.00,WIN,278.00,3.971429
423,2024-07-15 07:30,SHORT,2024-07-15 07:39,61509.99,61551.26,70,400,61579.99,61109.99,2024-07-15 07:55,61579.99,LOSS,-92.00,-1.314286
424,2024-07-15 10:00,LONG,2024-07-15 10:03,62527.87,62472.77,70,300,62457.87,62827.87,2024-07-15 10:05,62457.87,LOSS,-92.00,-1.314286
425,2024-07-15 11:00,SHORT,2024-07-15 11:24,62730.00,62894.00,70,600,62800.00,62130.00,2024-07-15 11:29,62800.00,LOSS,-92.00,-1.314286
426,2024-07-15 16:00,LONG,2024-07-15 16:29,62517.63,62450.00,70,300,62447.63,62817.63,2024-07-15 16:46,62447.63,LOSS,-92.00,-1.314286
427,2024-07-15 17:30,SHORT,2024-07-15 17:44,62574.00,62664.23,220,800,62794.00,61774.00,2024-07-15 18:06,62794.00,LOSS,-257.00,-1.168182
428,2024-07-15 18:00,SHORT,2024-07-15 18:19,62574.00,62804.67,70,800,62644.00,61774.00,2024-07-15 18:24,62644.00,LOSS,-92.00,-1.314286
429,2024-07-15 20:30,LONG,2024-07-15 20:48,63098.06,62876.28,70,300,63028.06,63398.06,2024-07-15 20:49,63028.06,LOSS,-92.00,-1.314286
430,2024-07-16 06:00,LONG,2024-07-16 06:12,64604.06,64595.49,270,300,64334.06,64904.06,2024-07-16 09:38,64904.06,WIN,258.00,0.955556
431,2024-07-16 16:30,LONG,2024-07-16 16:36,63323.55,63300.00,70,300,63253.55,63623.55,2024-07-16 16:50,63623.55,WIN,278.00,3.971429
432,2024-07-16 21:30,LONG,2024-07-16 21:41,64758.24,64600.86,70,300,64688.24,65058.24,2024-07-16 21:42,64688.24,LOSS,-92.00,-1.314286
433,2024-07-16 22:30,LONG,2024-07-16 22:50,64380.00,64249.39,270,300,64110.00,64680.00,2024-07-16 23:50,64680.00,WIN,258.00,0.955556
434,2024-07-17 00:00,SHORT,2024-07-17 00:07,64667.52,64765.10,220,800,64887.52,63867.52,2024-07-17 00:39,64887.52,LOSS,-257.00,-1.168182
435,2024-07-17 18:00,SHORT,2024-07-17 18:08,64843.73,64931.91,70,800,64913.73,64043.73,2024-07-17 18:35,64913.73,LOSS,-92.00,-1.314286
436,2024-07-17 21:00,SHORT,2024-07-17 21:12,65152.10,65224.00,70,400,65222.10,64752.10,2024-07-17 21:20,64752.10,WIN,378.00,5.400000
437,2024-07-18 07:30,LONG,2024-07-18 07:56,64558.98,64318.99,70,300,64488.98,64858.98,2024-07-18 08:47,64858.98,WIN,278.00,3.971429
438,2024-07-18 21:00,LONG,2024-07-18 21:09,63875.40,63635.40,70,300,63805.40,64175.40,2024-07-18 21:17,63805.40,LOSS,-92.00,-1.314286
439,2024-07-21 04:00,LONG,2024-07-21 04:18,66972.40,66940.00,70,300,66902.40,67272.40,2024-07-21 05:45,67272.40,WIN,278.00,3.971429
440,2024-07-21 06:00,LONG,2024-07-21 06:16,67019.97,66962.00,270,300,66749.97,67319.97,2024-07-21 07:18,67319.97,WIN,258.00,0.955556
441,2024-07-21 21:00,SHORT,2024-07-21 21:04,67410.75,67416.00,70,400,67480.75,67010.75,2024-07-21 21:17,67010.75,WIN,378.00,5.400000
442,2024-07-21 21:00,LONG,2024-07-21 21:28,67170.75,67032.00,70,300,67100.75,67470.75,2024-07-21 21:38,67100.75,LOSS,-92.00,-1.314286
443,2024-07-21 23:00,LONG,2024-07-21 23:12,67433.99,67353.00,70,300,67363.99,67733.99,2024-07-21 23:15,67363.99,LOSS,-92.00,-1.314286
444,2024-07-22 04:00,LONG,2024-07-22 04:16,68074.00,68006.66,70,300,68004.00,68374.00,2024-07-22 04:19,68004.00,LOSS,-92.00,-1.314286
445,2024-07-22 06:00,SHORT,2024-07-22 06:25,68285.35,68396.00,70,800,68355.35,67485.35,2024-07-22 11:57,67485.35,WIN,778.00,11.114286
446,2024-07-22 12:30,LONG,2024-07-22 12:44,67292.00,67202.01,70,300,67222.00,67592.00,2024-07-22 12:47,67222.00,LOSS,-92.00,-1.314286
447,2024-07-22 19:00,LONG,2024-07-22 19:01,67577.11,67493.65,70,300,67507.11,67877.11,2024-07-22 19:02,67507.11,LOSS,-92.00,-1.314286
448,2024-07-22 19:00,SHORT,2024-07-22 19:08,67817.11,67930.00,70,600,67887.11,67217.11,2024-07-22 19:18,67217.11,WIN,578.00,8.257143
449,2024-07-22 22:00,SHORT,2024-07-22 22:18,67183.87,67240.70,70,400,67253.87,66783.87,2024-07-22 22:56,67253.87,LOSS,-92.00,-1.314286
450,2024-07-22 23:30,SHORT,2024-07-22 23:41,67587.99,67620.00,70,600,67657.99,66987.99,2024-07-23 00:41,67657.99,LOSS,-92.00,-1.314286
451,2024-07-23 02:00,LONG,2024-07-23 02:26,68112.08,67896.00,70,300,68042.08,68412.08,2024-07-23 02:33,68042.08,LOSS,-92.00,-1.314286
452,2024-07-23 06:30,LONG,2024-07-23 06:38,67370.01,67359.52,270,300,67100.01,67670.01,2024-07-23 08:11,67670.01,WIN,258.00,0.955556
453,2024-07-23 13:00,LONG,2024-07-23 13:02,66399.34,66284.01,70,300,66329.34,66699.34,2024-07-23 13:50,66699.34,WIN,278.00,3.971429
454,2024-07-23 16:30,LONG,2024-07-23 16:38,66750.00,66664.01,70,300,66680.00,67050.00,2024-07-23 16:39,66680.00,LOSS,-92.00,-1.314286
455,2024-07-23 19:00,LONG,2024-07-23 19:04,66384.69,66268.04,70,300,66314.69,66684.69,2024-07-23 19:05,66684.69,WIN,278.00,3.971429
456,2024-07-23 20:30,LONG,2024-07-23 20:40,67107.81,66989.03,70,300,67037.81,67407.81,2024-07-23 20:42,67037.81,LOSS,-92.00,-1.314286
457,2024-07-24 01:30,SHORT,2024-07-24 01:48,65656.00,65801.08,70,800,65726.00,64856.00,2024-07-24 02:06,65726.00,LOSS,-92.00,-1.314286
458,2024-07-24 13:30,SHORT,2024-07-24 13:53,66198.00,66286.66,70,400,66268.00,65798.00,2024-07-24 14:03,66268.00,LOSS,-92.00,-1.314286
459,2024-07-24 19:00,SHORT,2024-07-24 19:29,66335.09,66560.00,70,600,66405.09,65735.09,2024-07-24 19:31,66405.09,LOSS,-92.00,-1.314286
460,2024-07-24 22:00,SHORT,2024-07-24 22:06,66296.00,66323.17,70,400,66366.00,65896.00,2024-07-24 22:17,66366.00,LOSS,-92.00,-1.314286
461,2024-07-24 22:30,SHORT,2024-07-24 22:52,66514.00,66558.83,70,400,66584.00,66114.00,2024-07-24 22:58,66584.00,LOSS,-92.00,-1.314286
462,2024-07-25 08:30,LONG,2024-07-25 08:48,64088.00,64016.69,70,300,64018.00,64388.00,2024-07-25 08:49,64018.00,LOSS,-92.00,-1.314286
463,2024-07-25 09:30,LONG,2024-07-25 09:39,63973.58,63921.59,70,300,63903.58,64273.58,2024-07-25 10:09,64273.58,WIN,278.00,3.971429
464,2024-07-25 18:00,LONG,2024-07-25 18:13,63976.01,63965.05,70,300,63906.01,64276.01,2024-07-25 18:14,63906.01,LOSS,-92.00,-1.314286
465,2024-07-25 19:00,LONG,2024-07-25 19:26,64003.99,63932.00,70,300,63933.99,64303.99,2024-07-25 19:27,63933.99,LOSS,-92.00,-1.314286
466,2024-07-25 21:00,LONG,2024-07-25 21:02,64714.99,64645.00,70,300,64644.99,65014.99,2024-07-25 21:11,64644.99,LOSS,-92.00,-1.314286
467,2024-07-28 00:00,SHORT,2024-07-28 00:21,68660.00,68876.00,220,800,68880.00,67860.00,2024-07-28 01:11,67860.00,WIN,763.00,3.468182
468,2024-07-28 02:00,LONG,2024-07-28 02:15,68126.00,68090.00,70,300,68056.00,68426.00,2024-07-28 02:16,68056.00,LOSS,-92.00,-1.314286
469,2024-07-29 00:00,SHORT,2024-07-29 00:20,68108.47,68299.81,220,800,68328.47,67308.47,2024-07-29 05:39,68328.47,LOSS,-257.00,-1.168182
470,2024-07-29 06:30,LONG,2024-07-29 06:57,68594.01,68516.50,270,300,68324.01,68894.01,2024-07-29 07:46,68894.01,WIN,258.00,0.955556
471,2024-07-29 18:00,SHORT,2024-07-29 18:08,69700.01,69756.74,70,800,69770.01,68900.01,2024-07-29 18:09,69770.01,LOSS,-92.00,-1.314286
472,2024-07-29 18:30,SHORT,2024-07-29 18:37,69919.37,70006.00,70,800,69989.37,69119.37,2024-07-29 18:44,69989.37,LOSS,-92.00,-1.314286
473,2024-07-29 21:00,LONG,2024-07-29 21:10,68108.01,67944.00,70,300,68038.01,68408.01,2024-07-29 21:30,68038.01,LOSS,-92.00,-1.314286
474,2024-07-29 21:30,LONG,2024-07-29 21:44,67983.99,67830.86,70,300,67913.99,68283.99,2024-07-29 21:47,67913.99,LOSS,-92.00,-1.314286
475,2024-07-29 22:30,SHORT,2024-07-29 22:40,67060.01,67160.00,70,400,67130.01,66660.01,2024-07-29 22:44,67130.01,LOSS,-92.00,-1.314286
476,2024-07-29 23:00,LONG,2024-07-29 23:01,66820.01,66817.52,70,300,66750.01,67120.01,2024-07-29 23:18,67120.01,WIN,278.00,3.971429
477,2024-07-30 01:30,LONG,2024-07-30 01:53,67183.05,67163.85,70,300,67113.05,67483.05,2024-07-30 02:45,67113.05,LOSS,-92.00,-1.314286
478,2024-07-30 18:00,LONG,2024-07-30 18:06,66454.00,66300.24,70,300,66384.00,66754.00,2024-07-30 18:12,66754.00,WIN,278.00,3.971429
479,2024-07-30 23:30,LONG,2024-07-30 23:38,65748.01,65695.93,70,300,65678.01,66048.01,2024-07-30 23:46,66048.01,WIN,278.00,3.971429
480,2024-08-01 04:00,LONG,2024-08-01 04:08,64858.00,64698.00,70,300,64788.00,65158.00,2024-08-01 04:35,64788.00,LOSS,-92.00,-1.314286
481,2024-08-01 05:30,LONG,2024-08-01 05:58,64508.01,64414.50,270,300,64238.01,64808.01,2024-08-01 06:09,64808.01,WIN,258.00,0.955556
482,2024-08-01 06:00,LONG,2024-08-01 06:18,64508.01,64446.80,270,300,64238.01,64808.01,2024-08-01 06:33,64808.01,WIN,258.00,0.955556
483,2024-08-01 06:30,LONG,2024-08-01 06:58,64525.90,64481.29,270,300,64255.90,64825.90,2024-08-01 07:05,64255.90,LOSS,-312.00,-1.155556
484,2024-08-01 08:30,LONG,2024-08-01 08:53,63990.00,63806.66,70,300,63920.00,64290.00,2024-08-01 09:10,63920.00,LOSS,-92.00,-1.314286
485,2024-08-01 19:00,LONG,2024-08-01 19:18,64763.99,64589.58,70,300,64693.99,65063.99,2024-08-01 19:22,64693.99,LOSS,-92.00,-1.314286
486,2024-08-01 21:30,LONG,2024-08-01 21:33,62787.44,62782.90,70,300,62717.44,63087.44,2024-08-01 21:37,63087.44,WIN,278.00,3.971429
487,2024-08-01 23:00,LONG,2024-08-01 23:21,62788.01,62566.49,70,300,62718.01,63088.01,2024-08-01 23:25,63088.01,WIN,278.00,3.971429
488,2024-08-04 07:00,LONG,2024-08-04 07:19,60627.00,60414.02,70,300,60557.00,60927.00,2024-08-04 07:37,60927.00,WIN,278.00,3.971429
489,2024-08-04 08:30,LONG,2024-08-04 08:43,60766.96,60757.63,70,300,60696.96,61066.96,2024-08-04 09:01,60696.96,LOSS,-92.00,-1.314286
490,2024-08-04 22:00,LONG,2024-08-04 22:01,58966.01,58954.57,70,300,58896.01,59266.01,2024-08-04 22:12,58896.01,LOSS,-92.00,-1.314286
491,2024-08-05 00:30,LONG,2024-08-05 00:37,58650.60,58570.58,70,300,58580.60,58950.60,2024-08-05 00:42,58950.60,WIN,278.00,3.971429
492,2024-08-05 01:30,SHORT,2024-08-05 01:47,59377.67,59488.59,70,800,59447.67,58577.67,2024-08-05 02:58,58577.67,WIN,778.00,11.114286
493,2024-08-05 08:00,LONG,2024-08-05 08:01,54312.65,54188.00,70,300,54242.65,54612.65,2024-08-05 08:07,54242.65,LOSS,-92.00,-1.314286
494,2024-08-05 12:30,LONG,2024-08-05 12:31,51468.00,51449.04,70,300,51398.00,51768.00,2024-08-05 12:33,51768.00,WIN,278.00,3.971429
495,2024-08-05 18:00,LONG,2024-08-05 18:12,51220.00,51182.00,70,300,51150.00,51520.00,2024-08-05 18:13,51150.00,LOSS,-92.00,-1.314286
496,2024-08-05 22:00,SHORT,2024-08-05 22:15,54441.08,54610.00,70,400,54511.08,54041.08,2024-08-05 22:28,54041.08,WIN,378.00,5.400000
497,2024-08-06 07:00,LONG,2024-08-06 07:25,55917.99,55916.00,70,300,55847.99,56217.99,2024-08-06 07:26,55847.99,LOSS,-92.00,-1.314286
498,2024-08-06 08:30,LONG,2024-08-06 08:34,55725.44,55704.00,70,300,55655.44,56025.44,2024-08-06 08:40,55655.44,LOSS,-92.00,-1.314286
499,2024-08-06 09:30,LONG,2024-08-06 09:40,55545.73,55500.00,70,300,55475.73,55845.73,2024-08-06 10:07,55475.73,LOSS,-92.00,-1.314286
500,2024-08-06 10:00,LONG,2024-08-06 10:23,55545.73,55400.00,70,300,55475.73,55845.73,2024-08-06 10:25,55475.73,LOSS,-92.00,-1.314286
501,2024-08-06 10:30,LONG,2024-08-06 10:37,55373.97,55360.00,70,300,55303.97,55673.97,2024-08-06 10:41,55303.97,LOSS,-92.00,-1.314286
502,2024-08-06 11:30,LONG,2024-08-06 11:52,55805.96,55639.00,70,300,55735.96,56105.96,2024-08-06 12:15,55735.96,LOSS,-92.00,-1.314286
503,2024-08-06 12:30,LONG,2024-08-06 12:49,55662.00,55638.99,70,300,55592.00,55962.00,2024-08-06 12:54,55592.00,LOSS,-92.00,-1.314286
504,2024-08-06 23:00,LONG,2024-08-06 23:04,56655.51,56628.83,70,300,56585.51,56955.51,2024-08-06 23:06,56585.51,LOSS,-92.00,-1.314286
505,2024-08-08 02:30,LONG,2024-08-08 02:48,55021.31,54937.46,70,300,54951.31,55321.31,2024-08-08 03:12,55321.31,WIN,278.00,3.971429
506,2024-08-08 04:00,LONG,2024-08-08 04:27,55296.00,55104.32,70,300,55226.00,55596.00,2024-08-08 04:31,55226.00,LOSS,-92.00,-1.314286
507,2024-08-08 06:00,LONG,2024-08-08 06:01,55013.76,55010.07,270,300,54743.76,55313.76,2024-08-08 06:09,54743.76,LOSS,-312.00,-1.155556
508,2024-08-08 10:00,LONG,2024-08-08 10:17,56929.74,56874.11,70,300,56859.74,57229.74,2024-08-08 10:20,56859.74,LOSS,-92.00,-1.314286
509,2024-08-08 22:30,LONG,2024-08-08 22:39,59448.57,59317.52,270,300,59178.57,59748.57,2024-08-08 22:59,59748.57,WIN,258.00,0.955556
510,2024-08-11 05:30,SHORT,2024-08-11 05:52,61043.51,61164.34,70,600,61113.51,60443.51,2024-08-11 05:54,61113.51,LOSS,-92.00,-1.314286
511,2024-08-11 20:00,SHORT,2024-08-11 20:09,60577.54,60630.57,70,400,60647.54,60177.54,2024-08-11 20:34,60177.54,WIN,378.00,5.400000
512,2024-08-12 03:00,SHORT,2024-08-12 03:05,58624.91,58677.00,70,600,58694.91,58024.91,2024-08-12 03:06,58694.91,LOSS,-92.00,-1.314286
513,2024-08-12 04:30,LONG,2024-08-12 04:35,58876.01,58800.53,70,300,58806.01,59176.01,2024-08-12 04:36,58806.01,LOSS,-92.00,-1.314286
514,2024-08-12 05:30,SHORT,2024-08-12 05:53,58832.59,59060.01,70,600,58902.59,58232.59,2024-08-12 06:03,58232.59,WIN,578.00,8.257143
515,2024-08-12 07:00,SHORT,2024-08-12 07:15,58570.01,58638.46,70,800,58640.01,57770.01,2024-08-12 07:21,58640.01,LOSS,-92.00,-1.314286
516,2024-08-12 12:00,LONG,2024-08-12 12:28,58451.57,58278.00,70,300,58381.57,58751.57,2024-08-12 12:29,58381.57,LOSS,-92.00,-1.314286
517,2024-08-12 12:30,LONG,2024-08-12 12:55,58283.76,58205.90,70,300,58213.76,58583.76,2024-08-12 13:04,58583.76,WIN,278.00,3.971429
518,2024-08-12 17:30,LONG,2024-08-12 17:57,59731.71,59630.00,70,300,59661.71,60031.71,2024-08-12 18:05,59661.71,LOSS,-92.00,-1.314286
519,2024-08-12 19:00,LONG,2024-08-12 19:05,59608.24,59516.90,70,300,59538.24,59908.24,2024-08-12 19:06,59538.24,LOSS,-92.00,-1.314286
520,2024-08-12 21:00,LONG,2024-08-12 21:28,60179.99,60150.20,70,300,60109.99,60479.99,2024-08-12 21:30,60109.99,LOSS,-92.00,-1.314286
521,2024-08-12 22:30,SHORT,2024-08-12 22:55,59728.07,59915.56,70,400,59798.07,59328.07,2024-08-12 23:22,59328.07,WIN,378.00,5.400000
522,2024-08-13 06:30,LONG,2024-08-13 06:40,59678.18,59530.62,270,300,59408.18,59978.18,2024-08-13 07:45,59408.18,LOSS,-312.00,-1.155556
523,2024-08-13 08:30,LONG,2024-08-13 08:49,59362.00,59262.19,70,300,59292.00,59662.00,2024-08-13 08:56,59292.00,LOSS,-92.00,-1.314286
524,2024-08-13 11:30,LONG,2024-08-13 11:58,59092.00,58999.99,70,300,59022.00,59392.00,2024-08-13 12:19,59392.00,WIN,278.00,3.971429
525,2024-08-13 13:00,LONG,2024-08-13 13:09,59247.99,59097.34,70,300,59177.99,59547.99,2024-08-13 13:26,59177.99,LOSS,-92.00,-1.314286
526,2024-08-13 19:00,LONG,2024-08-13 19:03,59004.00,58865.00,70,300,58934.00,59304.00,2024-08-13 19:16,59304.00,WIN,278.00,3.971429
527,2024-08-13 20:30,LONG,2024-08-13 20:52,59523.63,59416.70,70,300,59453.63,59823.63,2024-08-13 21:01,59453.63,LOSS,-92.00,-1.314286
528,2024-08-13 21:00,LONG,2024-08-13 21:16,59523.63,59369.84,70,300,59453.63,59823.63,2024-08-13 21:19,59453.63,LOSS,-92.00,-1.314286
529,2024-08-14 06:00,SHORT,2024-08-14 06:13,60707.16,60785.01,70,800,60777.16,59907.16,2024-08-14 06:20,60777.16,LOSS,-92.00,-1.314286
530,2024-08-14 08:30,SHORT,2024-08-14 08:46,60925.50,60962.04,70,800,60995.50,60125.50,2024-08-14 08:57,60995.50,LOSS,-92.00,-1.314286
531,2024-08-14 17:00,SHORT,2024-08-14 17:25,61220.00,61251.56,70,800,61290.00,60420.00,2024-08-14 17:27,61290.00,LOSS,-92.00,-1.314286
532,2024-08-14 18:00,SHORT,2024-08-14 18:01,61416.88,61506.00,70,800,61486.88,60616.88,2024-08-14 18:46,60616.88,WIN,778.00,11.114286
533,2024-08-14 23:30,SHORT,2024-08-14 23:56,59288.37,59407.36,70,600,59358.37,58688.37,2024-08-15 03:33,58688.37,WIN,578.00,8.257143
534,2024-08-15 13:00,LONG,2024-08-15 13:03,57981.44,57789.00,70,300,57911.44,58281.44,2024-08-15 14:03,58281.44,WIN,278.00,3.971429
535,2024-08-15 22:00,LONG,2024-08-15 22:27,59562.85,59466.32,70,300,59492.85,59862.85,2024-08-15 22:30,59492.85,LOSS,-92.00,-1.314286
536,2024-08-18 18:00,SHORT,2024-08-18 18:17,60144.00,60252.98,70,800,60214.00,59344.00,2024-08-18 18:40,60214.00,LOSS,-92.00,-1.314286
537,2024-08-19 04:30,LONG,2024-08-19 04:45,59230.00,59111.07,70,300,59160.00,59530.00,2024-08-19 04:46,59160.00,LOSS,-92.00,-1.314286
538,2024-08-19 06:00,SHORT,2024-08-19 06:10,58547.35,58570.03,70,800,58617.35,57747.35,2024-08-19 06:14,58617.35,LOSS,-92.00,-1.314286
539,2024-08-19 19:00,SHORT,2024-08-19 19:15,58532.01,58772.00,70,600,58602.01,57932.01,2024-08-19 20:29,58602.01,LOSS,-92.00,-1.314286
540,2024-08-20 00:30,LONG,2024-08-20 00:49,58892.00,58875.93,70,300,58822.00,59192.00,2024-08-20 02:04,59192.00,WIN,278.00,3.971429
541,2024-08-20 19:00,LONG,2024-08-20 19:11,60573.72,60333.72,70,300,60503.72,60873.72,2024-08-20 19:12,60873.72,WIN,278.00,3.971429
542,2024-08-21 00:00,SHORT,2024-08-21 00:29,59159.47,59360.00,220,800,59379.47,58359.47,2024-08-21 00:56,59379.47,LOSS,-257.00,-1.168182
543,2024-08-21 01:30,SHORT,2024-08-21 01:39,59632.00,59709.50,70,800,59702.00,58832.00,2024-08-21 02:36,58832.00,WIN,778.00,11.114286
544,2024-08-21 21:00,SHORT,2024-08-21 21:28,59530.41,59660.99,70,400,59600.41,59130.41,2024-08-21 21:59,59600.41,LOSS,-92.00,-1.314286
545,2024-08-22 02:30,LONG,2024-08-22 02:50,61116.00,60948.12,70,300,61046.00,61416.00,2024-08-22 03:01,61416.00,WIN,278.00,3.971429
546,2024-08-22 19:00,LONG,2024-08-22 19:23,60759.19,60564.99,70,300,60689.19,61059.19,2024-08-22 19:32,60689.19,LOSS,-92.00,-1.314286
547,2024-08-25 00:00,SHORT,2024-08-25 00:10,64171.00,64298.00,220,800,64391.00,63371.00,2024-08-25 05:35,64391.00,LOSS,-257.00,-1.168182
548,2024-08-26 07:30,LONG,2024-08-26 07:51,63819.98,63795.28,70,300,63749.98,64119.98,2024-08-26 09:03,64119.98,WIN,278.00,3.971429
549,2024-08-26 18:30,SHORT,2024-08-26 18:52,63753.00,63824.00,70,800,63823.00,62953.00,2024-08-26 18:58,63823.00,LOSS,-92.00,-1.314286
550,2024-08-26 19:00,LONG,2024-08-26 19:17,63513.00,63500.61,70,300,63443.00,63813.00,2024-08-26 19:33,63813.00,WIN,278.00,3.971429
551,2024-08-26 20:30,LONG,2024-08-26 20:54,63380.60,63255.00,70,300,63310.60,63680.60,2024-08-26 20:55,63310.60,LOSS,-92.00,-1.314286
552,2024-08-26 22:00,SHORT,2024-08-26 22:22,63652.54,63772.06,70,400,63722.54,63252.54,2024-08-26 22:35,63722.54,LOSS,-92.00,-1.314286
553,2024-08-27 04:00,LONG,2024-08-27 04:26,63035.82,62920.00,70,300,62965.82,63335.82,2024-08-27 04:30,62965.82,LOSS,-92.00,-1.314286
554,2024-08-27 08:30,LONG,2024-08-27 08:34,62780.07,62762.13,70,300,62710.07,63080.07,2024-08-27 10:15,63080.07,WIN,278.00,3.971429
555,2024-08-28 20:00,SHORT,2024-08-28 20:04,59454.00,59532.01,70,400,59524.00,59054.00,2024-08-28 20:06,59524.00,LOSS,-92.00,-1.314286
556,2024-08-29 04:00,LONG,2024-08-29 04:06,58993.91,58895.41,70,300,58923.91,59293.91,2024-08-29 04:12,58923.91,LOSS,-92.00,-1.314286
557,2024-09-01 10:30,LONG,2024-09-01 10:44,58322.01,58239.98,70,300,58252.01,58622.01,2024-09-01 10:51,58252.01,LOSS,-92.00,-1.314286
558,2024-09-01 19:00,LONG,2024-09-01 19:21,57900.01,57770.09,70,300,57830.01,58200.01,2024-09-01 19:23,58200.01,WIN,278.00,3.971429
559,2024-09-02 00:30,SHORT,2024-09-02 00:34,58661.11,58693.23,70,800,58731.11,57861.11,2024-09-02 00:36,58731.11,LOSS,-92.00,-1.314286
560,2024-09-02 01:30,SHORT,2024-09-02 01:52,58634.01,58652.00,70,800,58704.01,57834.01,2024-09-02 03:50,57834.01,WIN,778.00,11.114286
561,2024-09-02 06:00,SHORT,2024-09-02 06:11,57421.77,57620.00,70,800,57491.77,56621.77,2024-09-02 06:30,57491.77,LOSS,-92.00,-1.314286
562,2024-09-02 06:30,LONG,2024-09-02 06:38,57347.25,57290.00,270,300,57077.25,57647.25,2024-09-02 07:38,57647.25,WIN,258.00,0.955556
563,2024-09-02 07:30,SHORT,2024-09-02 07:42,57543.23,57614.99,70,400,57613.23,57143.23,2024-09-02 07:46,57613.23,LOSS,-92.00,-1.314286
564,2024-09-02 08:30,SHORT,2024-09-02 08:36,57629.01,57654.00,70,800,57699.01,56829.01,2024-09-02 08:37,57699.01,LOSS,-92.00,-1.314286
565,2024-09-02 13:00,LONG,2024-09-02 13:25,57568.00,57432.00,70,300,57498.00,57868.00,2024-09-02 13:49,57868.00,WIN,278.00,3.971429
566,2024-09-04 00:30,SHORT,2024-09-04 00:59,58045.99,58246.00,70,800,58115.99,57245.99,2024-09-04 01:32,58115.99,LOSS,-92.00,-1.314286
567,2024-09-04 01:30,SHORT,2024-09-04 01:54,58165.99,58212.00,70,800,58235.99,57365.99,2024-09-04 02:30,58235.99,LOSS,-92.00,-1.314286
568,2024-09-04 06:00,SHORT,2024-09-04 06:24,57607.74,57827.00,70,800,57677.74,56807.74,2024-09-04 06:30,56807.74,WIN,778.00,11.114286
569,2024-09-04 22:00,SHORT,2024-09-04 22:14,58254.00,58481.10,70,400,58324.00,57854.00,2024-09-04 22:16,58324.00,LOSS,-92.00,-1.314286
570,2024-09-05 02:00,LONG,2024-09-05 02:21,57938.00,57821.00,70,300,57868.00,58238.00,2024-09-05 03:31,58238.00,WIN,278.00,3.971429
571,2024-09-05 17:30,LONG,2024-09-05 17:56,56578.01,56503.80,70,300,56508.01,56878.01,2024-09-05 18:07,56508.01,LOSS,-92.00,-1.314286
572,2024-09-05 18:00,LONG,2024-09-05 18:17,56578.01,56490.00,70,300,56508.01,56878.01,2024-09-05 19:07,56878.01,WIN,278.00,3.971429
573,2024-09-08 02:30,LONG,2024-09-08 02:43,54046.01,53975.94,70,300,53976.01,54346.01,2024-09-08 03:25,53976.01,LOSS,-92.00,-1.314286
574,2024-09-08 06:30,SHORT,2024-09-08 06:55,54257.50,54324.00,70,400,54327.50,53857.50,2024-09-08 07:35,54327.50,LOSS,-92.00,-1.314286
575,2024-09-09 04:00,SHORT,2024-09-09 04:26,54583.99,54727.50,70,600,54653.99,53983.99,2024-09-09 04:34,54653.99,LOSS,-92.00,-1.314286
576,2024-09-09 07:30,LONG,2024-09-09 07:37,54984.00,54939.99,70,300,54914.00,55284.00,2024-09-09 07:47,54914.00,LOSS,-92.00,-1.314286
577,2024-09-09 08:30,LONG,2024-09-09 08:57,54993.01,54777.00,70,300,54923.01,55293.01,2024-09-09 09:56,54923.01,LOSS,-92.00,-1.314286
578,2024-09-10 05:30,LONG,2024-09-10 05:39,56922.01,56890.00,270,300,56652.01,57222.01,2024-09-10 05:55,56652.01,LOSS,-312.00,-1.155556
579,2024-09-10 06:00,LONG,2024-09-10 06:19,56922.01,56705.34,270,300,56652.01,57222.01,2024-09-10 07:52,56652.01,LOSS,-312.00,-1.155556
580,2024-09-10 20:30,LONG,2024-09-10 20:35,56821.09,56805.99,70,300,56751.09,57121.09,2024-09-10 20:37,56751.09,LOSS,-92.00,-1.314286
581,2024-09-12 19:00,LONG,2024-09-12 19:23,57571.55,57431.99,70,300,57501.55,57871.55,2024-09-12 19:27,57501.55,LOSS,-92.00,-1.314286
582,2024-09-15 22:30,LONG,2024-09-15 22:42,59830.05,59763.68,270,300,59560.05,60130.05,2024-09-16 00:25,60130.05,WIN,258.00,0.955556
583,2024-09-16 00:30,SHORT,2024-09-16 00:35,60091.09,60106.00,70,800,60161.09,59291.09,2024-09-16 04:34,59291.09,WIN,778.00,11.114286
584,2024-09-16 06:30,LONG,2024-09-16 06:45,58546.36,58520.48,270,300,58276.36,58846.36,2024-09-16 07:46,58276.36,LOSS,-312.00,-1.155556
585,2024-09-16 08:00,LONG,2024-09-16 08:09,58487.07,58310.62,70,300,58417.07,58787.07,2024-09-16 08:13,58417.07,LOSS,-92.00,-1.314286
586,2024-09-16 18:00,LONG,2024-09-16 18:12,58544.00,58429.93,70,300,58474.00,58844.00,2024-09-16 18:41,58474.00,LOSS,-92.00,-1.314286
587,2024-09-16 19:00,LONG,2024-09-16 19:22,58407.99,58250.10,70,300,58337.99,58707.99,2024-09-16 19:32,58337.99,LOSS,-92.00,-1.314286
588,2024-09-16 22:30,LONG,2024-09-16 22:46,57689.98,57561.10,270,300,57419.98,57989.98,2024-09-16 23:15,57989.98,WIN,258.00,0.955556
589,2024-09-17 02:00,LONG,2024-09-17 02:01,57823.99,57812.50,70,300,57753.99,58123.99,2024-09-17 02:03,57753.99,LOSS,-92.00,-1.314286
590,2024-09-17 22:00,LONG,2024-09-17 22:10,61015.49,60901.00,70,300,60945.49,61315.49,2024-09-17 22:19,60945.49,LOSS,-92.00,-1.314286
591,2024-09-18 20:00,SHORT,2024-09-18 20:19,59628.50,59700.00,70,400,59698.50,59228.50,2024-09-18 20:35,59698.50,LOSS,-92.00,-1.314286
592,2024-09-19 21:30,LONG,2024-09-19 21:43,63034.03,62995.00,70,300,62964.03,63334.03,2024-09-19 22:02,63334.03,WIN,278.00,3.971429
593,2024-09-19 23:00,LONG,2024-09-19 23:01,63436.92,63434.88,70,300,63366.92,63736.92,2024-09-19 23:04,63366.92,LOSS,-92.00,-1.314286
594,2024-09-22 07:30,LONG,2024-09-22 07:46,62926.01,62846.00,70,300,62856.01,63226.01,2024-09-22 07:49,62856.01,LOSS,-92.00,-1.314286
595,2024-09-22 22:30,SHORT,2024-09-22 22:50,62896.03,62982.00,70,400,62966.03,62496.03,2024-09-22 22:55,62966.03,LOSS,-92.00,-1.314286
596,2024-09-23 06:00,LONG,2024-09-23 06:17,63458.76,63247.30,270,300,63188.76,63758.76,2024-09-23 06:23,63758.76,WIN,258.00,0.955556
597,2024-09-23 20:00,SHORT,2024-09-23 20:08,63305.21,63484.50,70,400,63375.21,62905.21,2024-09-23 20:23,63375.21,LOSS,-92.00,-1.314286
598,2024-09-23 21:30,SHORT,2024-09-23 21:38,63737.99,63821.85,70,400,63807.99,63337.99,2024-09-23 21:51,63337.99,WIN,378.00,5.400000
599,2024-09-24 07:30,LONG,2024-09-24 07:46,62822.00,62716.00,70,300,62752.00,63122.00,2024-09-24 08:20,63122.00,WIN,278.00,3.971429
600,2024-09-24 21:00,LONG,2024-09-24 21:09,63074.89,63010.09,70,300,63004.89,63374.89,2024-09-24 22:37,63374.89,WIN,278.00,3.971429
601,2024-09-24 23:30,LONG,2024-09-24 23:49,63655.54,63640.00,70,300,63585.54,63955.54,2024-09-25 00:00,63585.54,LOSS,-92.00,-1.314286
602,2024-09-25 06:00,SHORT,2024-09-25 06:12,64382.70,64431.16,70,800,64452.70,63582.70,2024-09-25 07:05,64452.70,LOSS,-92.00,-1.314286
603,2024-09-26 07:00,LONG,2024-09-26 07:10,62826.01,62726.39,70,300,62756.01,63126.01,2024-09-26 07:25,63126.01,WIN,278.00,3.971429
604,2024-09-26 19:00,LONG,2024-09-26 19:13,64361.82,64190.78,70,300,64291.82,64661.82,2024-09-26 19:14,64291.82,LOSS,-92.00,-1.314286
605,2024-09-30 08:30,LONG,2024-09-30 08:40,64256.01,64193.70,70,300,64186.01,64556.01,2024-09-30 09:07,64556.01,WIN,278.00,3.971429
606,2024-09-30 19:00,LONG,2024-09-30 19:14,63928.01,63801.08,70,300,63858.01,64228.01,2024-09-30 19:30,63858.01,LOSS,-92.00,-1.314286
607,2024-10-01 04:30,LONG,2024-10-01 04:33,63361.99,63306.00,70,300,63291.99,63661.99,2024-10-01 05:03,63291.99,LOSS,-92.00,-1.314286
608,2024-10-01 07:30,LONG,2024-10-01 07:54,63338.00,63255.99,70,300,63268.00,63638.00,2024-10-01 08:46,63638.00,WIN,278.00,3.971429
609,2024-10-01 21:30,LONG,2024-10-01 21:54,62508.85,62461.76,70,300,62438.85,62808.85,2024-10-01 21:57,62438.85,LOSS,-92.00,-1.314286
610,2024-10-01 22:00,LONG,2024-10-01 22:28,62508.85,62418.73,70,300,62438.85,62808.85,2024-10-01 22:29,62438.85,LOSS,-92.00,-1.314286
611,2024-10-02 00:00,SHORT,2024-10-02 00:05,62272.00,62416.01,220,800,62492.00,61472.00,2024-10-02 01:37,61472.00,WIN,763.00,3.468182
612,2024-10-03 19:00,LONG,2024-10-03 19:12,60349.95,60223.99,70,300,60279.95,60649.95,2024-10-03 19:14,60279.95,LOSS,-92.00,-1.314286
613,2024-10-03 22:30,LONG,2024-10-03 22:34,60047.99,59972.49,270,300,59777.99,60347.99,2024-10-03 22:41,60347.99,WIN,258.00,0.955556
614,2024-10-08 21:30,LONG,2024-10-08 21:35,62168.01,62048.20,70,300,62098.01,62468.01,2024-10-08 22:07,62468.01,WIN,278.00,3.971429
615,2024-10-08 22:30,LONG,2024-10-08 22:43,62449.99,62238.00,270,300,62179.99,62749.99,2024-10-08 22:52,62179.99,LOSS,-312.00,-1.155556
616,2024-10-13 22:30,SHORT,2024-10-13 22:50,62749.11,62819.15,70,400,62819.11,62349.11,2024-10-13 23:42,62349.11,WIN,378.00,5.400000
617,2024-10-13 23:30,LONG,2024-10-13 23:45,62395.58,62381.59,70,300,62325.58,62695.58,2024-10-14 01:06,62695.58,WIN,278.00,3.971429
618,2024-10-14 04:00,LONG,2024-10-14 04:04,62775.11,62765.00,70,300,62705.11,63075.11,2024-10-14 04:37,62705.11,LOSS,-92.00,-1.314286
619,2024-10-14 21:30,LONG,2024-10-14 21:45,65750.00,65725.99,70,300,65680.00,66050.00,2024-10-14 21:46,65680.00,LOSS,-92.00,-1.314286
620,2024-10-14 22:00,LONG,2024-10-14 22:23,65750.00,65654.00,70,300,65680.00,66050.00,2024-10-14 22:25,65680.00,LOSS,-92.00,-1.314286
621,2024-10-14 22:30,LONG,2024-10-14 22:52,65583.99,65567.97,270,300,65313.99,65883.99,2024-10-14 23:55,65883.99,WIN,258.00,0.955556
622,2024-10-15 23:00,LONG,2024-10-15 23:10,66748.21,66699.33,70,300,66678.21,67048.21,2024-10-15 23:34,67048.21,WIN,278.00,3.971429
623,2024-10-16 16:30,SHORT,2024-10-16 16:52,67853.55,67879.70,70,600,67923.55,67253.55,2024-10-16 16:53,67923.55,LOSS,-92.00,-1.314286
624,2024-10-16 20:00,SHORT,2024-10-16 20:09,67506.00,67706.00,70,400,67576.00,67106.00,2024-10-16 20:16,67576.00,LOSS,-92.00,-1.314286
625,2024-10-17 07:00,LONG,2024-10-17 07:14,67589.99,67468.00,70,300,67519.99,67889.99,2024-10-17 07:21,67889.99,WIN,278.00,3.971429
626,2024-10-17 16:00,LONG,2024-10-17 16:17,67071.41,66935.40,70,300,67001.41,67371.41,2024-10-17 16:46,67001.41,LOSS,-92.00,-1.314286
627,2024-10-17 19:00,LONG,2024-10-17 19:10,67051.42,66858.00,70,300,66981.42,67351.42,2024-10-17 19:15,67351.42,WIN,278.00,3.971429
628,2024-10-17 20:30,LONG,2024-10-17 20:36,67003.80,66933.94,70,300,66933.80,67303.80,2024-10-17 21:03,67303.80,WIN,278.00,3.971429
629,2024-10-21 06:00,SHORT,2024-10-21 06:21,69152.00,69332.56,70,800,69222.00,68352.00,2024-10-21 06:41,69222.00,LOSS,-92.00,-1.314286
630,2024-10-21 21:00,LONG,2024-10-21 21:27,67148.00,66914.00,70,300,67078.00,67448.00,2024-10-21 21:47,67078.00,LOSS,-92.00,-1.314286
631,2024-10-21 22:00,LONG,2024-10-21 22:23,67221.02,66984.00,70,300,67151.02,67521.02,2024-10-21 22:38,67521.02,WIN,278.00,3.971429
632,2024-10-22 17:30,LONG,2024-10-22 17:57,67179.15,67166.67,70,300,67109.15,67479.15,2024-10-22 18:03,67109.15,LOSS,-92.00,-1.314286
633,2024-10-22 19:00,LONG,2024-10-22 19:24,66864.00,66809.70,70,300,66794.00,67164.00,2024-10-22 19:37,67164.00,WIN,278.00,3.971429
634,2024-10-22 21:00,LONG,2024-10-22 21:12,67439.03,67333.34,70,300,67369.03,67739.03,2024-10-22 21:21,67369.03,LOSS,-92.00,-1.314286
635,2024-10-22 21:30,LONG,2024-10-22 21:40,67162.27,67120.00,70,300,67092.27,67462.27,2024-10-22 21:49,67092.27,LOSS,-92.00,-1.314286
636,2024-10-24 20:30,LONG,2024-10-24 20:36,67666.27,67620.00,70,300,67596.27,67966.27,2024-10-24 21:13,67966.27,WIN,278.00,3.971429
637,2024-10-28 03:00,SHORT,2024-10-28 03:20,67882.00,68100.10,70,600,67952.00,67282.00,2024-10-28 03:30,67952.00,LOSS,-92.00,-1.314286
638,2024-10-28 18:00,SHORT,2024-10-28 18:09,68873.78,68950.00,70,800,68943.78,68073.78,2024-10-28 18:10,68943.78,LOSS,-92.00,-1.314286
639,2024-10-28 19:00,SHORT,2024-10-28 19:21,69028.00,69224.29,70,600,69098.00,68428.00,2024-10-28 19:23,69098.00,LOSS,-92.00,-1.314286
640,2024-10-28 20:30,LONG,2024-10-28 20:34,68720.00,68666.00,70,300,68650.00,69020.00,2024-10-28 20:35,68650.00,LOSS,-92.00,-1.314286
641,2024-10-28 21:00,LONG,2024-10-28 21:17,68720.00,68493.27,70,300,68650.00,69020.00,2024-10-28 21:24,68650.00,LOSS,-92.00,-1.314286
642,2024-10-28 22:30,SHORT,2024-10-28 22:56,68829.27,68860.00,70,400,68899.27,68429.27,2024-10-28 22:57,68899.27,LOSS,-92.00,-1.314286
643,2024-10-29 21:00,LONG,2024-10-29 21:06,71747.10,71735.79,70,300,71677.10,72047.10,2024-10-29 21:11,72047.10,WIN,278.00,3.971429
644,2024-10-29 23:00,LONG,2024-10-29 23:21,72619.43,72618.00,70,300,72549.43,72919.43,2024-10-29 23:48,72919.43,WIN,278.00,3.971429
645,2024-10-31 00:30,LONG,2024-10-31 00:58,71854.74,71790.00,70,300,71784.74,72154.74,2024-10-31 01:30,71784.74,LOSS,-92.00,-1.314286
646,2024-10-31 01:30,LONG,2024-10-31 01:42,71702.01,71700.00,70,300,71632.01,72002.01,2024-10-31 01:49,72002.01,WIN,278.00,3.971429
647,2024-11-03 20:30,LONG,2024-11-03 20:40,67656.99,67640.00,70,300,67586.99,67956.99,2024-11-03 20:55,67586.99,LOSS,-92.00,-1.314286
648,2024-11-03 21:00,LONG,2024-11-03 21:09,67656.99,67553.65,70,300,67586.99,67956.99,2024-11-03 21:16,67586.99,LOSS,-92.00,-1.314286
649,2024-11-03 22:00,SHORT,2024-11-03 22:03,68210.91,68414.00,70,400,68280.91,67810.91,2024-11-03 22:08,68280.91,LOSS,-92.00,-1.314286
650,2024-11-04 03:00,SHORT,2024-11-04 03:03,69090.06,69326.65,70,600,69160.06,68490.06,2024-11-04 03:04,69160.06,LOSS,-92.00,-1.314286
651,2024-11-04 04:30,LONG,2024-11-04 04:35,68760.00,68748.81,70,300,68690.00,69060.00,2024-11-04 04:36,68690.00,LOSS,-92.00,-1.314286
652,2024-11-04 05:30,LONG,2024-11-04 05:55,68655.99,68555.00,270,300,68385.99,68955.99,2024-11-04 06:06,68385.99,LOSS,-312.00,-1.155556
653,2024-11-04 06:00,LONG,2024-11-04 06:25,68655.99,68415.99,270,300,68385.99,68955.99,2024-11-04 06:51,68955.99,WIN,258.00,0.955556
654,2024-11-04 07:00,SHORT,2024-11-04 07:04,68832.00,68928.00,70,800,68902.00,68032.00,2024-11-04 07:17,68902.00,LOSS,-92.00,-1.314286
655,2024-11-04 08:30,SHORT,2024-11-04 08:33,69425.55,69443.33,70,800,69495.55,68625.55,2024-11-04 13:26,68625.55,WIN,778.00,11.114286
656,2024-11-04 18:30,SHORT,2024-11-04 18:57,69098.19,69183.38,70,800,69168.19,68298.19,2024-11-04 20:04,68298.19,WIN,778.00,11.114286
657,2024-11-04 23:30,LONG,2024-11-04 23:35,67710.00,67574.39,70,300,67640.00,68010.00,2024-11-04 23:37,67640.00,LOSS,-92.00,-1.314286
658,2024-11-05 01:30,LONG,2024-11-05 01:48,67736.01,67617.88,70,300,67666.01,68036.01,2024-11-05 01:50,67666.01,LOSS,-92.00,-1.314286
659,2024-11-05 04:30,LONG,2024-11-05 04:49,67800.00,67746.07,70,300,67730.00,68100.00,2024-11-05 05:15,67730.00,LOSS,-92.00,-1.314286
660,2024-11-05 07:00,LONG,2024-11-05 07:15,67910.00,67737.07,70,300,67840.00,68210.00,2024-11-05 08:26,67840.00,LOSS,-92.00,-1.314286
661,2024-11-06 00:00,SHORT,2024-11-06 00:04,70069.65,70099.90,220,800,70289.65,69269.65,2024-11-06 01:25,69269.65,WIN,763.00,3.468182
662,2024-11-06 12:30,SHORT,2024-11-06 12:47,74372.56,74560.01,70,600,74442.56,73772.56,2024-11-06 12:48,74442.56,LOSS,-92.00,-1.314286
663,2024-11-06 22:30,SHORT,2024-11-06 22:37,74453.99,74510.00,70,400,74523.99,74053.99,2024-11-06 22:38,74523.99,LOSS,-92.00,-1.314286
664,2024-11-10 05:30,LONG,2024-11-10 05:35,76557.46,76540.00,270,300,76287.46,76857.46,2024-11-10 05:57,76857.46,WIN,258.00,0.955556
665,2024-11-10 10:30,LONG,2024-11-10 10:32,79002.02,78963.74,70,300,78932.02,79302.02,2024-11-10 10:34,78932.02,LOSS,-92.00,-1.314286
666,2024-11-11 06:30,LONG,2024-11-11 06:38,80459.99,80425.00,270,300,80189.99,80759.99,2024-11-11 06:52,80759.99,WIN,258.00,0.955556
667,2024-11-11 06:30,SHORT,2024-11-11 06:55,80699.99,80798.00,70,400,80769.99,80299.99,2024-11-11 06:58,80769.99,LOSS,-92.00,-1.314286
668,2024-11-11 17:00,SHORT,2024-11-11 17:07,82104.19,82202.01,70,800,82174.19,81304.19,2024-11-11 17:19,82174.19,LOSS,-92.00,-1.314286
669,2024-11-11 17:30,SHORT,2024-11-11 17:43,82253.99,82344.00,220,800,82473.99,81453.99,2024-11-11 20:04,82473.99,LOSS,-257.00,-1.168182
670,2024-11-11 22:00,SHORT,2024-11-11 22:01,84179.53,84360.00,70,400,84249.53,83779.53,2024-11-11 22:06,84249.53,LOSS,-92.00,-1.314286
671,2024-11-12 00:30,LONG,2024-11-12 00:35,85711.99,85472.65,70,300,85641.99,86011.99,2024-11-12 00:36,86011.99,WIN,278.00,3.971429
672,2024-11-12 04:00,LONG,2024-11-12 04:25,87780.00,87723.47,70,300,87710.00,88080.00,2024-11-12 04:30,88080.00,WIN,278.00,3.971429
673,2024-11-12 06:00,LONG,2024-11-12 06:23,88528.00,88452.00,270,300,88258.00,88828.00,2024-11-12 06:28,88828.00,WIN,258.00,0.955556
674,2024-11-12 06:30,LONG,2024-11-12 06:32,88858.56,88652.23,270,300,88588.56,89158.56,2024-11-12 06:34,89158.56,WIN,258.00,0.955556
675,2024-11-12 09:30,LONG,2024-11-12 09:44,87927.45,87846.93,70,300,87857.45,88227.45,2024-11-12 09:51,88227.45,WIN,278.00,3.971429
676,2024-11-12 19:00,LONG,2024-11-12 19:27,86228.02,86161.95,70,300,86158.02,86528.02,2024-11-12 19:28,86158.02,LOSS,-92.00,-1.314286
677,2024-11-12 20:30,LONG,2024-11-12 20:55,86881.51,86714.53,70,300,86811.51,87181.51,2024-11-12 20:58,86811.51,LOSS,-92.00,-1.314286
678,2024-11-13 05:30,SHORT,2024-11-13 05:33,88072.00,88078.81,70,600,88142.00,87472.00,2024-11-13 05:34,88142.00,LOSS,-92.00,-1.314286
679,2024-11-13 06:30,SHORT,2024-11-13 06:50,88160.00,88329.69,70,400,88230.00,87760.00,2024-11-13 06:58,87760.00,WIN,378.00,5.400000
680,2024-11-13 17:00,SHORT,2024-11-13 17:09,87655.55,87814.54,70,800,87725.55,86855.55,2024-11-13 17:10,87725.55,LOSS,-92.00,-1.314286
681,2024-11-13 18:00,SHORT,2024-11-13 18:07,87789.40,87862.49,70,800,87859.40,86989.40,2024-11-13 18:08,87859.40,LOSS,-92.00,-1.314286
682,2024-11-14 04:30,LONG,2024-11-14 04:42,89595.12,89494.27,70,300,89525.12,89895.12,2024-11-14 04:48,89895.12,WIN,278.00,3.971429
683,2024-11-14 06:30,LONG,2024-11-14 06:32,89984.93,89971.31,270,300,89714.93,90284.93,2024-11-14 06:38,90284.93,WIN,258.00,0.955556
684,2024-11-14 07:30,LONG,2024-11-14 07:35,90252.00,90084.00,70,300,90182.00,90552.00,2024-11-14 07:36,90552.00,WIN,278.00,3.971429
685,2024-11-14 08:30,LONG,2024-11-14 08:53,89984.00,89821.82,70,300,89914.00,90284.00,2024-11-14 08:55,89914.00,LOSS,-92.00,-1.314286
686,2024-11-14 09:30,LONG,2024-11-14 09:35,89817.03,89716.00,70,300,89747.03,90117.03,2024-11-14 09:36,89747.03,LOSS,-92.00,-1.314286
687,2024-11-14 10:00,LONG,2024-11-14 10:14,89817.03,89611.69,70,300,89747.03,90117.03,2024-11-14 10:24,90117.03,WIN,278.00,3.971429
688,2024-11-14 10:30,LONG,2024-11-14 10:53,90003.99,89832.35,70,300,89933.99,90303.99,2024-11-14 10:54,89933.99,LOSS,-92.00,-1.314286
689,2024-11-14 17:30,LONG,2024-11-14 17:32,91371.85,91297.77,70,300,91301.85,91671.85,2024-11-14 17:33,91301.85,LOSS,-92.00,-1.314286
690,2024-11-14 19:00,LONG,2024-11-14 19:13,91123.17,91020.00,70,300,91053.17,91423.17,2024-11-14 19:14,91053.17,LOSS,-92.00,-1.314286
691,2024-11-14 22:30,LONG,2024-11-14 22:37,89078.32,88879.79,270,300,88808.32,89378.32,2024-11-14 22:44,88808.32,LOSS,-312.00,-1.155556
692,2024-11-14 23:00,LONG,2024-11-14 23:11,89078.32,88867.70,70,300,89008.32,89378.32,2024-11-14 23:13,89008.32,LOSS,-92.00,-1.314286
693,2024-11-14 23:30,LONG,2024-11-14 23:32,89119.35,89089.49,70,300,89049.35,89419.35,2024-11-14 23:34,89419.35,WIN,278.00,3.971429
694,2024-11-17 03:00,SHORT,2024-11-17 03:17,90872.01,91062.00,70,600,90942.01,90272.01,2024-11-17 03:18,90942.01,LOSS,-92.00,-1.314286
695,2024-11-17 12:30,LONG,2024-11-17 12:54,90525.44,90409.99,70,300,90455.44,90825.44,2024-11-17 14:14,90825.44,WIN,278.00,3.971429
696,2024-11-17 21:00,SHORT,2024-11-17 21:20,90430.92,90474.50,70,400,90500.92,90030.92,2024-11-17 22:26,90500.92,LOSS,-92.00,-1.314286
697,2024-11-17 22:30,LONG,2024-11-17 22:51,90326.91,90163.45,270,300,90056.91,90626.91,2024-11-17 23:03,90626.91,WIN,258.00,0.955556
698,2024-11-18 01:30,SHORT,2024-11-18 01:40,90164.00,90192.68,70,800,90234.00,89364.00,2024-11-18 02:48,89364.00,WIN,778.00,11.114286
699,2024-11-18 02:30,LONG,2024-11-18 02:51,89516.00,89460.00,70,300,89446.00,89816.00,2024-11-18 03:06,89446.00,LOSS,-92.00,-1.314286
700,2024-11-18 07:30,LONG,2024-11-18 07:35,90627.57,90575.44,70,300,90557.57,90927.57,2024-11-18 07:37,90557.57,LOSS,-92.00,-1.314286
701,2024-11-18 08:00,LONG,2024-11-18 08:08,90627.57,90487.61,70,300,90557.57,90927.57,2024-11-18 08:13,90557.57,LOSS,-92.00,-1.314286
702,2024-11-18 12:30,LONG,2024-11-18 12:37,91941.84,91719.30,70,300,91871.84,92241.84,2024-11-18 12:45,91871.84,LOSS,-92.00,-1.314286
703,2024-11-19 06:30,LONG,2024-11-19 06:45,90922.95,90868.58,270,300,90652.95,91222.95,2024-11-19 07:21,90652.95,LOSS,-312.00,-1.155556
704,2024-11-19 12:30,LONG,2024-11-19 12:57,91839.11,91620.00,70,300,91769.11,92139.11,2024-11-19 13:17,91769.11,LOSS,-92.00,-1.314286
705,2024-11-19 22:00,LONG,2024-11-19 22:05,92271.99,92268.90,70,300,92201.99,92571.99,2024-11-19 22:08,92201.99,LOSS,-92.00,-1.314286
706,2024-11-20 01:30,SHORT,2024-11-20 01:51,93347.87,93420.00,70,800,93417.87,92547.87,2024-11-20 02:20,92547.87,WIN,778.00,11.114286
707,2024-11-20 13:30,SHORT,2024-11-20 13:50,92970.38,93010.00,70,400,93040.38,92570.38,2024-11-20 13:51,93040.38,LOSS,-92.00,-1.314286
708,2024-11-20 18:00,SHORT,2024-11-20 18:03,93574.65,93674.49,70,800,93644.65,92774.65,2024-11-20 18:05,93644.65,LOSS,-92.00,-1.314286
709,2024-11-20 18:30,SHORT,2024-11-20 18:33,93651.95,93696.00,70,800,93721.95,92851.95,2024-11-20 18:36,93721.95,LOSS,-92.00,-1.314286
710,2024-11-20 23:30,SHORT,2024-11-20 23:48,94036.34,94133.27,70,600,94106.34,93436.34,2024-11-21 00:03,94106.34,LOSS,-92.00,-1.314286
711,2024-11-21 07:30,LONG,2024-11-21 07:42,94582.48,94549.10,70,300,94512.48,94882.48,2024-11-21 07:46,94512.48,LOSS,-92.00,-1.314286
712,2024-11-21 10:30,LONG,2024-11-21 10:35,97434.22,97302.36,70,300,97364.22,97734.22,2024-11-21 10:51,97364.22,LOSS,-92.00,-1.314286
713,2024-11-21 17:30,LONG,2024-11-21 17:50,97855.00,97730.32,70,300,97785.00,98155.00,2024-11-21 17:53,98155.00,WIN,278.00,3.971429
714,2024-11-21 21:00,LONG,2024-11-21 21:27,96922.85,96764.29,70,300,96852.85,97222.85,2024-11-21 21:28,96852.85,LOSS,-92.00,-1.314286
715,2024-11-21 23:30,LONG,2024-11-21 23:38,97928.65,97695.99,70,300,97858.65,98228.65,2024-11-21 23:45,97858.65,LOSS,-92.00,-1.314286
716,2024-11-24 06:00,SHORT,2024-11-24 06:08,97792.40,97980.74,70,800,97862.40,96992.40,2024-11-24 06:11,97862.40,LOSS,-92.00,-1.314286
717,2024-11-24 10:00,LONG,2024-11-24 10:16,98080.10,97900.00,70,300,98010.10,98380.10,2024-11-24 10:20,98010.10,LOSS,-92.00,-1.314286
718,2024-11-24 16:30,LONG,2024-11-24 16:42,97548.85,97522.12,70,300,97478.85,97848.85,2024-11-24 16:45,97478.85,LOSS,-92.00,-1.314286
719,2024-11-24 20:30,LONG,2024-11-24 20:44,96909.96,96770.24,70,300,96839.96,97209.96,2024-11-24 20:45,96839.96,LOSS,-92.00,-1.314286
720,2024-11-24 21:30,SHORT,2024-11-24 21:41,96021.52,96260.01,70,400,96091.52,95621.52,2024-11-24 21:42,96091.52,LOSS,-92.00,-1.314286
721,2024-11-24 23:30,SHORT,2024-11-24 23:41,96022.83,96107.57,70,600,96092.83,95422.83,2024-11-24 23:42,96092.83,LOSS,-92.00,-1.314286
722,2024-11-25 05:30,LONG,2024-11-25 05:35,97780.05,97681.14,270,300,97510.05,98080.05,2024-11-25 06:45,97510.05,LOSS,-312.00,-1.155556
723,2024-11-25 10:00,LONG,2024-11-25 10:02,97778.81,97690.00,70,300,97708.81,98078.81,2024-11-25 10:03,97708.81,LOSS,-92.00,-1.314286
724,2024-11-25 12:30,LONG,2024-11-25 12:54,97962.87,97928.00,70,300,97892.87,98262.87,2024-11-25 13:06,97892.87,LOSS,-92.00,-1.314286
725,2024-11-25 16:00,LONG,2024-11-25 16:01,98372.95,98320.94,70,300,98302.95,98672.95,2024-11-25 16:10,98302.95,LOSS,-92.00,-1.314286
726,2024-11-25 19:00,LONG,2024-11-25 19:12,97780.01,97569.70,70,300,97710.01,98080.01,2024-11-25 19:14,97710.01,LOSS,-92.00,-1.314286
727,2024-11-26 04:30,LONG,2024-11-26 04:40,94284.49,94054.17,70,300,94214.49,94584.49,2024-11-26 04:41,94214.49,LOSS,-92.00,-1.314286
728,2024-11-26 08:30,LONG,2024-11-26 08:44,94467.99,94367.33,70,300,94397.99,94767.99,2024-11-26 08:50,94397.99,LOSS,-92.00,-1.314286
729,2024-11-26 09:30,LONG,2024-11-26 09:50,94344.00,94340.12,70,300,94274.00,94644.00,2024-11-26 09:51,94274.00,LOSS,-92.00,-1.314286
730,2024-11-26 17:30,LONG,2024-11-26 17:34,92236.84,92036.83,70,300,92166.84,92536.84,2024-11-26 17:35,92166.84,LOSS,-92.00,-1.314286
731,2024-11-26 23:00,LONG,2024-11-26 23:04,93909.42,93684.00,70,300,93839.42,94209.42,2024-11-26 23:07,93839.42,LOSS,-92.00,-1.314286
732,2024-11-27 00:30,SHORT,2024-11-27 00:47,92240.00,92360.00,70,800,92310.00,91440.00,2024-11-27 01:36,91440.00,WIN,778.00,11.114286
733,2024-11-27 04:00,SHORT,2024-11-27 04:25,91820.09,91903.86,70,600,91890.09,91220.09,2024-11-27 04:26,91890.09,LOSS,-92.00,-1.314286
734,2024-11-27 06:00,SHORT,2024-11-27 06:02,92085.16,92172.00,70,800,92155.16,91285.16,2024-11-27 06:04,92155.16,LOSS,-92.00,-1.314286
735,2024-11-27 06:30,SHORT,2024-11-27 06:36,92059.33,92152.14,70,400,92129.33,91659.33,2024-11-27 06:38,92129.33,LOSS,-92.00,-1.314286
736,2024-11-27 11:00,SHORT,2024-11-27 11:01,92688.00,92721.66,70,600,92758.00,92088.00,2024-11-27 11:02,92758.00,LOSS,-92.00,-1.314286
737,2024-11-27 20:00,SHORT,2024-11-27 20:01,94384.00,94466.74,70,400,94454.00,93984.00,2024-11-27 20:03,94454.00,LOSS,-92.00,-1.314286
738,2024-11-28 03:00,LONG,2024-11-28 03:08,96362.96,96235.00,70,300,96292.96,96662.96,2024-11-28 03:09,96292.96,LOSS,-92.00,-1.314286
739,2024-11-28 04:00,LONG,2024-11-28 04:21,96147.87,96116.95,70,300,96077.87,96447.87,2024-11-28 04:29,96077.87,LOSS,-92.00,-1.314286
740,2024-11-28 16:30,LONG,2024-11-28 16:51,94838.74,94789.61,70,300,94768.74,95138.74,2024-11-28 17:12,95138.74,WIN,278.00,3.971429
741,2024-11-28 18:00,LONG,2024-11-28 18:03,95332.00,95328.68,70,300,95262.00,95632.00,2024-11-28 18:16,95262.00,LOSS,-92.00,-1.314286
742,2024-11-28 19:00,LONG,2024-11-28 19:11,95364.01,95145.09,70,300,95294.01,95664.01,2024-11-28 19:21,95664.01,WIN,278.00,3.971429
743,2024-11-28 21:00,LONG,2024-11-28 21:07,95256.03,95148.94,70,300,95186.03,95556.03,2024-11-28 21:08,95186.03,LOSS,-92.00,-1.314286
744,2024-12-01 07:30,SHORT,2024-12-01 07:42,96226.62,96404.21,70,400,96296.62,95826.62,2024-12-01 08:07,95826.62,WIN,378.00,5.400000
745,2024-12-01 23:30,SHORT,2024-12-01 23:47,97419.97,97481.02,70,600,97489.97,96819.97,2024-12-02 02:02,96819.97,WIN,578.00,8.257143
746,2024-12-02 02:00,LONG,2024-12-02 02:23,97058.73,96840.00,70,300,96988.73,97358.73,2024-12-02 03:09,97358.73,WIN,278.00,3.971429
747,2024-12-02 04:00,LONG,2024-12-02 04:17,97647.61,97476.00,70,300,97577.61,97947.61,2024-12-02 04:23,97577.61,LOSS,-92.00,-1.314286
748,2024-12-02 06:00,SHORT,2024-12-02 06:19,97305.17,97428.84,70,800,97375.17,96505.17,2024-12-02 06:26,97375.17,LOSS,-92.00,-1.314286
749,2024-12-02 06:30,SHORT,2024-12-02 06:46,97556.75,97577.84,70,400,97626.75,97156.75,2024-12-02 06:50,97626.75,LOSS,-92.00,-1.314286
750,2024-12-02 07:30,LONG,2024-12-02 07:38,97844.93,97770.00,70,300,97774.93,98144.93,2024-12-02 07:39,97774.93,LOSS,-92.00,-1.314286
751,2024-12-02 17:00,SHORT,2024-12-02 17:17,95092.01,95228.33,70,800,95162.01,94292.01,2024-12-02 17:26,95162.01,LOSS,-92.00,-1.314286
752,2024-12-02 17:30,LONG,2024-12-02 17:39,95008.67,94972.80,70,300,94938.67,95308.67,2024-12-02 17:58,95308.67,WIN,278.00,3.971429
753,2024-12-02 18:00,SHORT,2024-12-02 18:08,95248.67,95325.02,70,800,95318.67,94448.67,2024-12-02 18:40,95318.67,LOSS,-92.00,-1.314286
754,2024-12-02 21:30,LONG,2024-12-02 21:54,96928.01,96854.77,70,300,96858.01,97228.01,2024-12-02 21:56,96858.01,LOSS,-92.00,-1.314286
755,2024-12-02 22:30,SHORT,2024-12-02 22:36,96287.45,96360.00,70,400,96357.45,95887.45,2024-12-02 22:38,96357.45,LOSS,-92.00,-1.314286
756,2024-12-02 23:30,SHORT,2024-12-02 23:32,94724.03,94755.00,70,600,94794.03,94124.03,2024-12-02 23:33,94794.03,LOSS,-92.00,-1.314286
757,2024-12-03 00:30,LONG,2024-12-03 00:33,95526.13,95479.44,70,300,95456.13,95826.13,2024-12-03 00:35,95456.13,LOSS,-92.00,-1.314286
758,2024-12-03 03:00,LONG,2024-12-03 03:10,95546.66,95350.16,70,300,95476.66,95846.66,2024-12-03 03:27,95476.66,LOSS,-92.00,-1.314286
759,2024-12-03 04:00,LONG,2024-12-03 04:07,95286.88,95169.34,70,300,95216.88,95586.88,2024-12-03 04:37,95586.88,WIN,278.00,3.971429
760,2024-12-03 13:00,LONG,2024-12-03 13:26,95512.22,95361.95,70,300,95442.22,95812.22,2024-12-03 14:01,95442.22,LOSS,-92.00,-1.314286
761,2024-12-03 19:00,LONG,2024-12-03 19:07,94693.59,94511.23,70,300,94623.59,94993.59,2024-12-03 19:08,94623.59,LOSS,-92.00,-1.314286
762,2024-12-03 23:30,LONG,2024-12-03 23:50,95708.01,95540.00,70,300,95638.01,96008.01,2024-12-03 23:54,95638.01,LOSS,-92.00,-1.314286
763,2024-12-04 20:00,SHORT,2024-12-04 20:29,95785.51,95816.37,70,400,95855.51,95385.51,2024-12-04 20:33,95855.51,LOSS,-92.00,-1.314286
764,2024-12-05 06:00,LONG,2024-12-05 06:02,98467.32,98439.00,270,300,98197.32,98767.32,2024-12-05 06:36,98197.32,LOSS,-312.00,-1.155556
765,2024-12-05 07:00,LONG,2024-12-05 07:27,98176.01,98128.00,70,300,98106.01,98476.01,2024-12-05 07:39,98476.01,WIN,278.00,3.971429
766,2024-12-05 12:30,LONG,2024-12-05 12:51,101784.02,101579.93,70,300,101714.02,102084.02,2024-12-05 12:56,102084.02,WIN,278.00,3.971429
767,2024-12-05 16:00,LONG,2024-12-05 16:07,102578.25,102560.00,70,300,102508.25,102878.25,2024-12-05 16:09,102508.25,LOSS,-92.00,-1.314286
768,2024-12-05 20:30,LONG,2024-12-05 20:37,103388.00,103190.00,70,300,103318.00,103688.00,2024-12-05 20:41,103318.00,LOSS,-92.00,-1.314286
769,2024-12-05 23:30,LONG,2024-12-05 23:48,101162.37,100996.00,70,300,101092.37,101462.37,2024-12-05 23:51,101462.37,WIN,278.00,3.971429
770,2024-12-08 01:30,SHORT,2024-12-08 01:57,100197.45,100280.31,70,800,100267.45,99397.45,2024-12-08 02:03,100267.45,LOSS,-92.00,-1.314286
771,2024-12-08 06:30,SHORT,2024-12-08 06:53,100098.38,100102.94,70,400,100168.38,99698.38,2024-12-08 07:05,99698.38,WIN,378.00,5.400000
772,2024-12-08 07:00,LONG,2024-12-08 07:14,99858.38,99768.00,70,300,99788.38,100158.38,2024-12-08 07:27,99788.38,LOSS,-92.00,-1.314286
773,2024-12-08 11:30,LONG,2024-12-08 11:41,99414.26,99345.07,70,300,99344.26,99714.26,2024-12-08 11:58,99714.26,WIN,278.00,3.971429
774,2024-12-08 17:30,LONG,2024-12-08 17:53,99581.17,99484.28,70,300,99511.17,99881.17,2024-12-08 18:19,99881.17,WIN,278.00,3.971429
775,2024-12-08 22:00,LONG,2024-12-08 22:01,99792.01,99782.85,70,300,99722.01,100092.01,2024-12-08 22:39,99722.01,LOSS,-92.00,-1.314286
776,2024-12-09 07:00,SHORT,2024-12-09 07:02,99776.36,99836.01,70,800,99846.36,98976.36,2024-12-09 09:15,98976.36,WIN,778.00,11.114286
777,2024-12-09 09:30,LONG,2024-12-09 09:57,98970.84,98796.00,70,300,98900.84,99270.84,2024-12-09 10:08,99270.84,WIN,278.00,3.971429
778,2024-12-09 13:00,LONG,2024-12-09 13:06,98924.64,98710.99,70,300,98854.64,99224.64,2024-12-09 13:10,99224.64,WIN,278.00,3.971429
779,2024-12-09 17:30,SHORT,2024-12-09 17:46,98208.47,98395.57,220,800,98428.47,97408.47,2024-12-09 17:51,98428.47,LOSS,-257.00,-1.168182
780,2024-12-09 18:00,SHORT,2024-12-09 18:21,98208.47,98308.01,70,800,98278.47,97408.47,2024-12-09 18:22,98278.47,LOSS,-92.00,-1.314286
781,2024-12-09 20:00,SHORT,2024-12-09 20:03,99124.03,99216.00,70,400,99194.03,98724.03,2024-12-09 20:06,99194.03,LOSS,-92.00,-1.314286
782,2024-12-09 22:30,SHORT,2024-12-09 22:47,97964.06,98167.72,70,400,98034.06,97564.06,2024-12-09 23:07,97564.06,WIN,378.00,5.400000
783,2024-12-10 05:30,LONG,2024-12-10 05:36,97156.48,97122.74,270,300,96886.48,97456.48,2024-12-10 05:48,97456.48,WIN,258.00,0.955556
784,2024-12-10 07:00,LONG,2024-12-10 07:13,97747.91,97698.50,70,300,97677.91,98047.91,2024-12-10 07:33,97677.91,LOSS,-92.00,-1.314286
785,2024-12-10 07:30,LONG,2024-12-10 07:43,97826.00,97660.01,70,300,97756.00,98126.00,2024-12-10 07:44,97756.00,LOSS,-92.00,-1.314286
786,2024-12-10 10:00,LONG,2024-12-10 10:07,96811.99,96572.00,70,300,96741.99,97111.99,2024-12-10 10:14,97111.99,WIN,278.00,3.971429
787,2024-12-10 10:30,LONG,2024-12-10 10:40,96911.98,96772.45,70,300,96841.98,97211.98,2024-12-10 10:41,96841.98,LOSS,-92.00,-1.314286
788,2024-12-10 17:30,LONG,2024-12-10 17:49,97602.53,97577.50,70,300,97532.53,97902.53,2024-12-10 17:50,97532.53,LOSS,-92.00,-1.314286
789,2024-12-11 00:30,SHORT,2024-12-11 00:34,95252.04,95260.01,70,800,95322.04,94452.04,2024-12-11 00:36,95322.04,LOSS,-92.00,-1.314286
790,2024-12-11 05:30,SHORT,2024-12-11 05:36,96713.00,96762.70,70,600,96783.00,96113.00,2024-12-11 05:38,96783.00,LOSS,-92.00,-1.314286
791,2024-12-11 19:00,SHORT,2024-12-11 19:10,98356.00,98432.33,70,600,98426.00,97756.00,2024-12-11 19:11,98426.00,LOSS,-92.00,-1.314286
792,2024-12-11 22:00,SHORT,2024-12-11 22:11,100481.64,100721.63,70,400,100551.64,100081.64,2024-12-11 22:24,100551.64,LOSS,-92.00,-1.314286
793,2024-12-11 23:30,SHORT,2024-12-11 23:40,99901.89,100020.15,70,600,99971.89,99301.89,2024-12-11 23:46,99971.89,LOSS,-92.00,-1.314286
794,2024-12-12 06:30,LONG,2024-12-12 06:40,100652.47,100628.00,270,300,100382.47,100952.47,2024-12-12 07:24,100382.47,LOSS,-312.00,-1.155556
795,2024-12-12 21:00,LONG,2024-12-12 21:10,101582.04,101394.17,70,300,101512.04,101882.04,2024-12-12 21:11,101512.04,LOSS,-92.00,-1.314286
796,2024-12-12 23:00,LONG,2024-12-12 23:13,101342.49,101340.00,70,300,101272.49,101642.49,2024-12-12 23:30,101642.49,WIN,278.00,3.971429
797,2024-12-15 04:00,SHORT,2024-12-15 04:14,101194.68,101255.53,70,600,101264.68,100594.68,2024-12-15 04:43,101264.68,LOSS,-92.00,-1.314286
798,2024-12-15 06:30,SHORT,2024-12-15 06:58,101562.41,101597.14,70,400,101632.41,101162.41,2024-12-15 07:01,101632.41,LOSS,-92.00,-1.314286
799,2024-12-15 13:00,LONG,2024-12-15 13:20,101639.81,101555.87,70,300,101569.81,101939.81,2024-12-15 14:13,101939.81,WIN,278.00,3.971429
800,2024-12-15 19:00,LONG,2024-12-15 19:20,102826.55,102627.43,70,300,102756.55,103126.55,2024-12-15 19:32,102756.55,LOSS,-92.00,-1.314286
801,2024-12-15 23:30,LONG,2024-12-15 23:48,103044.01,103008.19,70,300,102974.01,103344.01,2024-12-16 00:10,103344.01,WIN,278.00,3.971429
802,2024-12-16 03:00,LONG,2024-12-16 03:09,103024.83,102837.67,70,300,102954.83,103324.83,2024-12-16 03:16,102954.83,LOSS,-92.00,-1.314286
803,2024-12-16 05:30,SHORT,2024-12-16 05:31,104583.99,104595.29,70,600,104653.99,103983.99,2024-12-16 05:34,104653.99,LOSS,-92.00,-1.314286
804,2024-12-16 07:00,LONG,2024-12-16 07:04,105324.95,105231.58,70,300,105254.95,105624.95,2024-12-16 07:07,105254.95,LOSS,-92.00,-1.314286
805,2024-12-16 08:30,SHORT,2024-12-16 08:40,104705.32,104806.28,70,800,104775.32,103905.32,2024-12-16 08:43,104775.32,LOSS,-92.00,-1.314286
806,2024-12-16 12:30,SHORT,2024-12-16 12:55,105269.98,105322.00,70,600,105339.98,104669.98,2024-12-16 13:47,104669.98,WIN,578.00,8.257143
807,2024-12-16 19:00,SHORT,2024-12-16 19:08,103776.02,103844.51,70,600,103846.02,103176.02,2024-12-16 19:10,103846.02,LOSS,-92.00,-1.314286
808,2024-12-16 22:00,SHORT,2024-12-16 22:19,106452.00,106500.00,70,400,106522.00,106052.00,2024-12-16 22:20,106522.00,LOSS,-92.00,-1.314286
809,2024-12-17 01:30,LONG,2024-12-17 01:42,106463.13,106280.37,70,300,106393.13,106763.13,2024-12-17 01:43,106393.13,LOSS,-92.00,-1.314286
810,2024-12-17 05:30,LONG,2024-12-17 05:44,105938.65,105704.00,270,300,105668.65,106238.65,2024-12-17 06:00,106238.65,WIN,258.00,0.955556
811,2024-12-17 06:00,LONG,2024-12-17 06:20,105938.65,105840.00,270,300,105668.65,106238.65,2024-12-17 07:05,106238.65,WIN,258.00,0.955556
812,2024-12-17 08:00,LONG,2024-12-17 08:29,106256.01,106228.67,70,300,106186.01,106556.01,2024-12-17 08:49,106556.01,WIN,278.00,3.971429
813,2024-12-17 16:00,LONG,2024-12-17 16:28,107186.03,106983.82,70,300,107116.03,107486.03,2024-12-17 16:33,107116.03,LOSS,-92.00,-1.314286
814,2024-12-17 21:30,LONG,2024-12-17 21:34,106358.48,106287.03,70,300,106288.48,106658.48,2024-12-17 21:36,106288.48,LOSS,-92.00,-1.314286
815,2024-12-17 22:30,LONG,2024-12-17 22:37,106955.73,106715.73,270,300,106685.73,107255.73,2024-12-17 22:50,107255.73,WIN,258.00,0.955556
816,2024-12-17 23:30,LONG,2024-12-17 23:55,107386.37,107257.12,70,300,107316.37,107686.37,2024-12-17 23:56,107316.37,LOSS,-92.00,-1.314286
817,2024-12-18 00:30,SHORT,2024-12-18 00:35,106671.89,106770.55,70,800,106741.89,105871.89,2024-12-18 00:44,106741.89,LOSS,-92.00,-1.314286
818,2024-12-18 07:00,SHORT,2024-12-18 07:09,106218.92,106440.01,70,800,106288.92,105418.92,2024-12-18 07:23,105418.92,WIN,778.00,11.114286
819,2024-12-18 18:30,SHORT,2024-12-18 18:57,105040.02,105047.44,70,800,105110.02,104240.02,2024-12-18 20:03,104240.02,WIN,778.00,11.114286
820,2024-12-19 09:30,LONG,2024-12-19 09:58,101073.15,100950.25,70,300,101003.15,101373.15,2024-12-19 10:11,101003.15,LOSS,-92.00,-1.314286
821,2024-12-19 11:30,LONG,2024-12-19 11:41,101180.01,101055.25,70,300,101110.01,101480.01,2024-12-19 11:43,101110.01,LOSS,-92.00,-1.314286
822,2024-12-19 19:00,LONG,2024-12-19 19:07,101867.99,101850.19,70,300,101797.99,102167.99,2024-12-19 19:08,101797.99,LOSS,-92.00,-1.314286
823,2024-12-19 21:30,LONG,2024-12-19 21:54,100559.86,100390.00,70,300,100489.86,100859.86,2024-12-19 21:57,100489.86,LOSS,-92.00,-1.314286
824,2024-12-22 07:00,LONG,2024-12-22 07:23,97133.01,97072.69,70,300,97063.01,97433.01,2024-12-22 07:24,97063.01,LOSS,-92.00,-1.314286
825,2024-12-22 08:00,LONG,2024-12-22 08:05,96940.00,96876.18,70,300,96870.00,97240.00,2024-12-22 08:06,96870.00,LOSS,-92.00,-1.314286
826,2024-12-22 11:00,SHORT,2024-12-22 11:13,96196.01,96250.28,70,600,96266.01,95596.01,2024-12-22 11:17,96266.01,LOSS,-92.00,-1.314286
827,2024-12-22 17:30,LONG,2024-12-22 17:46,96981.29,96974.25,70,300,96911.29,97281.29,2024-12-22 18:04,97281.29,WIN,278.00,3.971429
828,2024-12-22 19:00,SHORT,2024-12-22 19:15,97107.61,97210.00,70,600,97177.61,96507.61,2024-12-22 19:50,96507.61,WIN,578.00,8.257143
829,2024-12-22 21:00,SHORT,2024-12-22 21:05,95483.44,95526.16,70,400,95553.44,95083.44,2024-12-22 21:47,95553.44,LOSS,-92.00,-1.314286
830,2024-12-22 23:30,SHORT,2024-12-22 23:40,95732.18,95888.00,70,600,95802.18,95132.18,2024-12-22 23:55,95802.18,LOSS,-92.00,-1.314286
831,2024-12-23 03:00,LONG,2024-12-23 03:08,95472.49,95380.00,70,300,95402.49,95772.49,2024-12-23 03:16,95402.49,LOSS,-92.00,-1.314286
832,2024-12-23 04:30,LONG,2024-12-23 04:55,95427.42,95280.00,70,300,95357.42,95727.42,2024-12-23 04:57,95357.42,LOSS,-92.00,-1.314286
833,2024-12-23 05:30,SHORT,2024-12-23 05:37,95306.28,95384.00,70,600,95376.28,94706.28,2024-12-23 05:48,94706.28,WIN,578.00,8.257143
834,2024-12-23 07:30,SHORT,2024-12-23 07:33,94570.00,94641.44,70,400,94640.00,94170.00,2024-12-23 07:34,94640.00,LOSS,-92.00,-1.314286
835,2024-12-23 17:30,SHORT,2024-12-23 17:40,96052.41,96179.79,220,800,96272.41,95252.41,2024-12-23 17:52,96272.41,LOSS,-257.00,-1.168182
836,2024-12-23 20:00,SHORT,2024-12-23 20:07,95044.35,95207.05,70,400,95114.35,94644.35,2024-12-23 20:10,94644.35,WIN,378.00,5.400000
837,2024-12-23 21:30,SHORT,2024-12-23 21:36,93370.38,93467.52,70,400,93440.38,92970.38,2024-12-23 21:54,92970.38,WIN,378.00,5.400000
838,2024-12-24 08:00,LONG,2024-12-24 08:03,94003.43,93960.00,70,300,93933.43,94303.43,2024-12-24 08:26,93933.43,LOSS,-92.00,-1.314286
839,2024-12-24 23:30,LONG,2024-12-24 23:56,98677.47,98658.96,70,300,98607.47,98977.47,2024-12-24 23:58,98607.47,LOSS,-92.00,-1.314286
840,2024-12-25 06:00,SHORT,2024-12-25 06:17,98783.58,98874.51,70,800,98853.58,97983.58,2024-12-25 07:07,97983.58,WIN,778.00,11.114286
841,2024-12-25 08:30,SHORT,2024-12-25 08:35,98251.07,98269.22,70,800,98321.07,97451.07,2024-12-25 10:15,98321.07,LOSS,-92.00,-1.314286
842,2024-12-25 17:00,SHORT,2024-12-25 17:12,98576.99,98680.50,70,800,98646.99,97776.99,2024-12-25 17:29,97776.99,WIN,778.00,11.114286
843,2024-12-25 17:30,SHORT,2024-12-25 17:44,98027.61,98133.83,220,800,98247.61,97227.61,2024-12-25 17:52,98247.61,LOSS,-257.00,-1.168182
844,2024-12-26 02:30,LONG,2024-12-26 02:36,99024.62,99012.05,70,300,98954.62,99324.62,2024-12-26 02:43,98954.62,LOSS,-92.00,-1.314286
845,2024-12-26 07:00,LONG,2024-12-26 07:06,98908.66,98783.92,70,300,98838.66,99208.66,2024-12-26 07:10,98838.66,LOSS,-92.00,-1.314286
846,2024-12-26 07:30,LONG,2024-12-26 07:33,98937.02,98890.00,70,300,98867.02,99237.02,2024-12-26 08:15,98867.02,LOSS,-92.00,-1.314286
847,2024-12-26 12:00,LONG,2024-12-26 12:22,98255.01,98124.00,70,300,98185.01,98555.01,2024-12-26 12:24,98185.01,LOSS,-92.00,-1.314286
848,2024-12-26 13:00,LONG,2024-12-26 13:18,98001.21,97932.00,70,300,97931.21,98301.21,2024-12-26 13:26,97931.21,LOSS,-92.00,-1.314286
849,2024-12-26 18:00,LONG,2024-12-26 18:08,95575.81,95520.60,70,300,95505.81,95875.81,2024-12-26 18:11,95505.81,LOSS,-92.00,-1.314286
850,2024-12-26 19:00,LONG,2024-12-26 19:09,95560.71,95388.74,70,300,95490.71,95860.71,2024-12-26 19:15,95490.71,LOSS,-92.00,-1.314286
851,2024-12-26 21:30,LONG,2024-12-26 21:38,95922.89,95856.91,70,300,95852.89,96222.89,2024-12-26 21:40,96222.89,WIN,278.00,3.971429
852,2024-12-26 22:30,LONG,2024-12-26 22:41,96399.47,96261.95,270,300,96129.47,96699.47,2024-12-26 22:50,96129.47,LOSS,-312.00,-1.155556
853,2024-12-29 20:30,LONG,2024-12-29 20:39,94503.68,94460.00,70,300,94433.68,94803.68,2024-12-29 21:35,94433.68,LOSS,-92.00,-1.314286
854,2024-12-30 01:30,LONG,2024-12-30 01:44,93492.89,93435.49,70,300,93422.89,93792.89,2024-12-30 01:51,93422.89,LOSS,-92.00,-1.314286
855,2024-12-30 05:30,LONG,2024-12-30 05:34,93618.19,93511.02,270,300,93348.19,93918.19,2024-12-30 07:04,93918.19,WIN,258.00,0.955556
856,2024-12-30 07:00,SHORT,2024-12-30 07:15,93703.96,93728.93,70,800,93773.96,92903.96,2024-12-30 07:23,93773.96,LOSS,-92.00,-1.314286
857,2024-12-30 08:00,LONG,2024-12-30 08:24,93828.41,93613.61,70,300,93758.41,94128.41,2024-12-30 09:07,93758.41,LOSS,-92.00,-1.314286
858,2024-12-30 16:30,LONG,2024-12-30 16:50,93673.27,93560.01,70,300,93603.27,93973.27,2024-12-30 17:33,93973.27,WIN,278.00,3.971429
859,2024-12-30 20:00,SHORT,2024-12-30 20:03,92800.52,92946.01,70,400,92870.52,92400.52,2024-12-30 20:05,92400.52,WIN,378.00,5.400000
860,2024-12-30 22:30,SHORT,2024-12-30 22:33,92240.60,92243.32,70,400,92310.60,91840.60,2024-12-30 22:50,92310.60,LOSS,-92.00,-1.314286
861,2024-12-31 00:30,LONG,2024-12-31 00:40,94463.98,94315.51,70,300,94393.98,94763.98,2024-12-31 00:42,94393.98,LOSS,-92.00,-1.314286
862,2024-12-31 06:00,LONG,2024-12-31 06:13,92672.05,92547.03,270,300,92402.05,92972.05,2024-12-31 06:26,92402.05,LOSS,-312.00,-1.155556
863,2024-12-31 07:00,LONG,2024-12-31 07:06,92330.00,92215.76,70,300,92260.00,92630.00,2024-12-31 08:00,92630.00,WIN,278.00,3.971429
864,2024-12-31 08:30,LONG,2024-12-31 08:39,92356.35,92342.43,70,300,92286.35,92656.35,2024-12-31 09:34,92656.35,WIN,278.00,3.971429
865,2024-12-31 21:00,LONG,2024-12-31 21:05,95559.17,95463.29,70,300,95489.17,95859.17,2024-12-31 21:09,95859.17,WIN,278.00,3.971429
866,2025-01-02 05:30,LONG,2025-01-02 05:49,94471.78,94397.29,270,300,94201.78,94771.78,2025-01-02 05:54,94771.78,WIN,258.00,0.955556
867,2025-01-02 11:30,LONG,2025-01-02 11:55,95476.48,95415.37,70,300,95406.48,95776.48,2025-01-02 12:00,95406.48,LOSS,-92.00,-1.314286
868,2025-01-02 20:30,LONG,2025-01-02 20:34,97136.48,97080.91,70,300,97066.48,97436.48,2025-01-02 20:37,97066.48,LOSS,-92.00,-1.314286
869,2025-01-05 01:30,SHORT,2025-01-05 01:33,98286.26,98453.66,70,800,98356.26,97486.26,2025-01-05 01:50,98356.26,LOSS,-92.00,-1.314286
870,2025-01-05 03:00,LONG,2025-01-05 03:02,98479.02,98418.43,70,300,98409.02,98779.02,2025-01-05 03:11,98409.02,LOSS,-92.00,-1.314286
871,2025-01-05 21:30,SHORT,2025-01-05 21:44,98148.98,98268.10,70,400,98218.98,97748.98,2025-01-05 21:45,98218.98,LOSS,-92.00,-1.314286
872,2025-01-06 00:30,SHORT,2025-01-06 00:48,98038.91,98055.58,70,800,98108.91,97238.91,2025-01-06 01:40,98108.91,LOSS,-92.00,-1.314286
873,2025-01-06 04:00,SHORT,2025-01-06 04:16,98616.52,98704.00,70,600,98686.52,98016.52,2025-01-06 04:26,98686.52,LOSS,-92.00,-1.314286
874,2025-01-06 11:00,SHORT,2025-01-06 11:27,99586.09,99760.00,70,600,99656.09,98986.09,2025-01-06 11:32,99656.09,LOSS,-92.00,-1.314286
875,2025-01-06 13:30,SHORT,2025-01-06 13:49,99438.70,99600.24,70,400,99508.70,99038.70,2025-01-06 14:12,99038.70,WIN,378.00,5.400000
876,2025-01-06 22:00,SHORT,2025-01-06 22:05,102267.95,102333.11,70,400,102337.95,101867.95,2025-01-06 22:14,101867.95,WIN,378.00,5.400000
877,2025-01-06 23:30,LONG,2025-01-06 23:33,101711.95,101623.19,70,300,101641.95,102011.95,2025-01-06 23:52,102011.95,WIN,278.00,3.971429
878,2025-01-08 00:30,SHORT,2025-01-08 00:33,96870.86,96960.00,70,800,96940.86,96070.86,2025-01-08 00:37,96940.86,LOSS,-92.00,-1.314286
879,2025-01-08 01:30,SHORT,2025-01-08 01:39,96571.99,96683.67,70,800,96641.99,95771.99,2025-01-08 02:20,96641.99,LOSS,-92.00,-1.314286
880,2025-01-08 03:00,SHORT,2025-01-08 03:07,96653.34,96869.21,70,600,96723.34,96053.34,2025-01-08 03:24,96723.34,LOSS,-92.00,-1.314286
881,2025-01-08 11:00,SHORT,2025-01-08 11:25,96394.80,96462.94,70,600,96464.80,95794.80,2025-01-08 11:26,96464.80,LOSS,-92.00,-1.314286
882,2025-01-08 12:30,SHORT,2025-01-08 12:47,95404.31,95619.30,70,600,95474.31,94804.31,2025-01-08 12:49,95474.31,LOSS,-92.00,-1.314286
883,2025-01-08 18:00,SHORT,2025-01-08 18:08,95254.92,95304.00,70,800,95324.92,94454.92,2025-01-08 18:10,95324.92,LOSS,-92.00,-1.314286
884,2025-01-08 20:00,SHORT,2025-01-08 20:06,95504.01,95562.77,70,400,95574.01,95104.01,2025-01-08 20:07,95574.01,LOSS,-92.00,-1.314286
885,2025-01-09 02:00,LONG,2025-01-09 02:01,94123.89,94044.00,70,300,94053.89,94423.89,2025-01-09 02:03,94053.89,LOSS,-92.00,-1.314286
886,2025-01-09 05:30,LONG,2025-01-09 05:48,94940.61,94879.99,270,300,94670.61,95240.61,2025-01-09 06:52,95240.61,WIN,258.00,0.955556
887,2025-01-09 08:00,LONG,2025-01-09 08:15,94863.82,94670.31,70,300,94793.82,95163.82,2025-01-09 08:16,94793.82,LOSS,-92.00,-1.314286
888,2025-01-09 12:00,LONG,2025-01-09 12:15,94352.59,94258.63,70,300,94282.59,94652.59,2025-01-09 12:16,94282.59,LOSS,-92.00,-1.314286
889,2025-01-09 16:00,LONG,2025-01-09 16:22,93396.63,93300.00,70,300,93326.63,93696.63,2025-01-09 16:32,93326.63,LOSS,-92.00,-1.314286
890,2025-01-09 18:00,LONG,2025-01-09 18:12,93345.23,93336.97,70,300,93275.23,93645.23,2025-01-09 18:15,93275.23,LOSS,-92.00,-1.314286
891,2025-01-12 21:30,LONG,2025-01-12 21:37,94951.91,94949.39,70,300,94881.91,95251.91,2025-01-12 21:43,94881.91,LOSS,-92.00,-1.314286
892,2025-01-13 02:30,LONG,2025-01-13 02:56,94567.69,94417.43,70,300,94497.69,94867.69,2025-01-13 03:08,94497.69,LOSS,-92.00,-1.314286
893,2025-01-13 07:30,SHORT,2025-01-13 07:50,94338.01,94441.38,70,400,94408.01,93938.01,2025-01-13 08:20,93938.01,WIN,378.00,5.400000
894,2025-01-13 13:00,SHORT,2025-01-13 13:09,93757.38,93829.20,70,400,93827.38,93357.38,2025-01-13 13:12,93827.38,LOSS,-92.00,-1.314286
895,2025-01-13 22:00,LONG,2025-01-13 22:14,92003.75,91929.07,70,300,91933.75,92303.75,2025-01-13 22:19,91933.75,LOSS,-92.00,-1.314286
896,2025-01-14 00:30,LONG,2025-01-14 00:46,91957.65,91884.17,70,300,91887.65,92257.65,2025-01-14 00:47,91887.65,LOSS,-92.00,-1.314286
897,2025-01-14 01:30,LONG,2025-01-14 01:35,92192.18,92174.10,70,300,92122.18,92492.18,2025-01-14 01:36,92122.18,LOSS,-92.00,-1.314286
898,2025-01-14 02:30,LONG,2025-01-14 02:35,93455.53,93423.12,70,300,93385.53,93755.53,2025-01-14 02:36,93755.53,WIN,278.00,3.971429
899,2025-01-14 04:30,LONG,2025-01-14 04:33,94279.99,94233.92,70,300,94209.99,94579.99,2025-01-14 04:37,94209.99,LOSS,-92.00,-1.314286
900,2025-01-15 00:00,SHORT,2025-01-15 00:01,96647.96,96650.85,220,800,96867.96,95847.96,2025-01-15 00:09,96867.96,LOSS,-257.00,-1.168182
901,2025-01-15 00:30,SHORT,2025-01-15 00:46,96897.79,96921.53,70,800,96967.79,96097.79,2025-01-15 00:51,96967.79,LOSS,-92.00,-1.314286
902,2025-01-15 06:30,SHORT,2025-01-15 06:44,97009.36,97126.02,70,400,97079.36,96609.36,2025-01-15 06:52,97079.36,LOSS,-92.00,-1.314286
903,2025-01-15 13:00,SHORT,2025-01-15 13:17,97225.48,97465.47,70,400,97295.48,96825.48,2025-01-15 13:27,97295.48,LOSS,-92.00,-1.314286
904,2025-01-15 21:30,SHORT,2025-01-15 21:50,99112.42,99324.71,70,400,99182.42,98712.42,2025-01-15 21:52,99182.42,LOSS,-92.00,-1.314286
905,2025-01-15 22:30,SHORT,2025-01-15 22:52,99115.58,99248.98,70,400,99185.58,98715.58,2025-01-15 23:01,99185.58,LOSS,-92.00,-1.314286
906,2025-01-16 05:30,LONG,2025-01-16 05:50,100377.35,100150.05,270,300,100107.35,100677.35,2025-01-16 06:05,100107.35,LOSS,-312.00,-1.155556
907,2025-01-16 16:30,LONG,2025-01-16 16:39,99094.26,99045.74,70,300,99024.26,99394.26,2025-01-16 16:46,99024.26,LOSS,-92.00,-1.314286
908,2025-01-16 17:30,LONG,2025-01-16 17:41,99038.70,98917.72,70,300,98968.70,99338.70,2025-01-16 17:50,99338.70,WIN,278.00,3.971429
909,2025-01-16 19:00,LONG,2025-01-16 19:12,99272.09,99064.81,70,300,99202.09,99572.09,2025-01-16 19:18,99202.09,LOSS,-92.00,-1.314286
910,2025-01-19 09:30,LONG,2025-01-19 09:51,104864.01,104823.51,70,300,104794.01,105164.01,2025-01-19 09:54,105164.01,WIN,278.00,3.971429
911,2025-01-19 19:00,SHORT,2025-01-19 19:28,105056.54,105210.58,70,600,105126.54,104456.54,2025-01-19 19:29,105126.54,LOSS,-92.00,-1.314286
912,2025-01-19 20:00,SHORT,2025-01-19 20:01,105084.72,105149.60,70,400,105154.72,104684.72,2025-01-19 20:02,105154.72,LOSS,-92.00,-1.314286
913,2025-01-19 22:00,SHORT,2025-01-19 22:03,105056.35,105085.68,70,400,105126.35,104656.35,2025-01-19 22:43,104656.35,WIN,378.00,5.400000
914,2025-01-19 23:00,LONG,2025-01-19 23:18,104843.11,104603.12,70,300,104773.11,105143.11,2025-01-19 23:22,105143.11,WIN,278.00,3.971429
915,2025-01-20 02:00,LONG,2025-01-20 02:04,106080.00,106001.39,70,300,106010.00,106380.00,2025-01-20 02:05,106010.00,LOSS,-92.00,-1.314286
916,2025-01-20 09:30,LONG,2025-01-20 09:41,101771.94,101598.65,70,300,101701.94,102071.94,2025-01-20 09:45,101701.94,LOSS,-92.00,-1.314286
917,2025-01-20 10:00,LONG,2025-01-20 10:03,101771.94,101710.57,70,300,101701.94,102071.94,2025-01-20 10:12,102071.94,WIN,278.00,3.971429
918,2025-01-20 11:00,SHORT,2025-01-20 11:01,102352.34,102487.99,70,600,102422.34,101752.34,2025-01-20 11:02,102422.34,LOSS,-92.00,-1.314286
919,2025-01-20 13:00,SHORT,2025-01-20 13:17,107602.36,107717.22,70,400,107672.36,107202.36,2025-01-20 13:18,107672.36,LOSS,-92.00,-1.314286
920,2025-01-20 16:30,SHORT,2025-01-20 16:34,108084.56,108129.18,70,600,108154.56,107484.56,2025-01-20 16:44,108154.56,LOSS,-92.00,-1.314286
921,2025-01-20 17:00,SHORT,2025-01-20 17:21,108084.56,108140.51,70,800,108154.56,107284.56,2025-01-20 17:22,108154.56,LOSS,-92.00,-1.314286
922,2025-01-20 20:30,LONG,2025-01-20 20:33,107746.65,107715.60,70,300,107676.65,108046.65,2025-01-20 20:34,107676.65,LOSS,-92.00,-1.314286
923,2025-01-21 04:30,LONG,2025-01-21 04:32,103487.99,103455.98,70,300,103417.99,103787.99,2025-01-21 04:33,103417.99,LOSS,-92.00,-1.314286
924,2025-01-21 08:30,LONG,2025-01-21 08:32,102425.57,102314.40,70,300,102355.57,102725.57,2025-01-21 08:35,102355.57,LOSS,-92.00,-1.314286
925,2025-01-21 17:30,LONG,2025-01-21 17:36,103638.25,103613.02,70,300,103568.25,103938.25,2025-01-21 17:42,103938.25,WIN,278.00,3.971429
926,2025-01-21 23:30,LONG,2025-01-21 23:34,106053.27,106040.00,70,300,105983.27,106353.27,2025-01-21 23:35,105983.27,LOSS,-92.00,-1.314286
927,2025-01-22 06:30,SHORT,2025-01-22 06:38,106068.01,106167.08,70,400,106138.01,105668.01,2025-01-22 06:55,105668.01,WIN,378.00,5.400000
928,2025-01-23 01:30,LONG,2025-01-23 01:44,104510.00,104394.64,70,300,104440.00,104810.00,2025-01-23 01:50,104440.00,LOSS,-92.00,-1.314286
929,2025-01-23 02:00,LONG,2025-01-23 02:02,104510.00,104470.12,70,300,104440.00,104810.00,2025-01-23 02:05,104440.00,LOSS,-92.00,-1.314286
930,2025-01-23 06:00,LONG,2025-01-23 06:03,103586.66,103459.99,270,300,103316.66,103886.66,2025-01-23 06:14,103316.66,LOSS,-312.00,-1.155556
931,2025-01-23 18:00,LONG,2025-01-23 18:03,101824.50,101775.05,70,300,101754.50,102124.50,2025-01-23 18:10,101754.50,LOSS,-92.00,-1.314286
932,2025-01-23 21:30,LONG,2025-01-23 21:32,105143.52,105069.85,70,300,105073.52,105443.52,2025-01-23 21:33,105443.52,WIN,278.00,3.971429
933,2025-01-26 00:00,SHORT,2025-01-26 00:11,105019.72,105203.25,220,800,105239.72,104219.72,2025-01-26 03:32,105239.72,LOSS,-257.00,-1.168182
934,2025-01-26 10:30,LONG,2025-01-26 10:53,105054.28,105032.74,70,300,104984.28,105354.28,2025-01-26 12:08,104984.28,LOSS,-92.00,-1.314286
935,2025-01-26 18:30,SHORT,2025-01-26 18:38,105010.00,105073.80,70,800,105080.00,104210.00,2025-01-26 18:43,105080.00,LOSS,-92.00,-1.314286
936,2025-01-27 02:30,LONG,2025-01-27 02:36,104829.99,104820.76,70,300,104759.99,105129.99,2025-01-27 02:37,104759.99,LOSS,-92.00,-1.314286
937,2025-01-27 04:00,SHORT,2025-01-27 04:03,104677.19,104684.32,70,600,104747.19,104077.19,2025-01-27 04:31,104077.19,WIN,578.00,8.257143
938,2025-01-27 06:30,SHORT,2025-01-27 06:36,101848.00,101960.00,70,400,101918.00,101448.00,2025-01-27 06:42,101448.00,WIN,378.00,5.400000
939,2025-01-27 07:30,SHORT,2025-01-27 07:47,101428.29,101660.03,70,400,101498.29,101028.29,2025-01-27 07:52,101498.29,LOSS,-92.00,-1.314286
940,2025-01-27 08:30,SHORT,2025-01-27 08:36,101119.99,101216.86,70,800,101189.99,100319.99,2025-01-27 08:38,101189.99,LOSS,-92.00,-1.314286
941,2025-01-27 12:30,SHORT,2025-01-27 12:31,99076.31,99081.00,70,600,99146.31,98476.31,2025-01-27 12:33,99146.31,LOSS,-92.00,-1.314286
942,2025-01-27 21:00,LONG,2025-01-27 21:05,101800.88,101758.49,70,300,101730.88,102100.88,2025-01-27 21:06,101730.88,LOSS,-92.00,-1.314286
943,2025-01-27 22:30,SHORT,2025-01-27 22:34,99864.00,99926.25,70,400,99934.00,99464.00,2025-01-27 22:38,99464.00,WIN,378.00,5.400000
944,2025-01-27 23:30,SHORT,2025-01-27 23:36,99270.01,99502.46,70,600,99340.01,98670.01,2025-01-27 23:37,99340.01,LOSS,-92.00,-1.314286
945,2025-01-28 07:00,LONG,2025-01-28 07:20,101736.00,101640.00,70,300,101666.00,102036.00,2025-01-28 07:28,101666.00,LOSS,-92.00,-1.314286
946,2025-01-28 08:30,LONG,2025-01-28 08:40,102282.01,102076.79,70,300,102212.01,102582.01,2025-01-28 08:41,102212.01,LOSS,-92.00,-1.314286
947,2025-01-28 12:30,LONG,2025-01-28 12:34,102624.39,102551.51,70,300,102554.39,102924.39,2025-01-28 12:40,102924.39,WIN,278.00,3.971429
948,2025-01-28 18:00,LONG,2025-01-28 18:01,102642.02,102628.60,70,300,102572.02,102942.02,2025-01-28 18:02,102572.02,LOSS,-92.00,-1.314286
949,2025-01-29 00:00,SHORT,2025-01-29 00:09,102692.82,102735.00,220,800,102912.82,101892.82,2025-01-29 00:38,101892.82,WIN,763.00,3.468182
950,2025-01-29 03:00,SHORT,2025-01-29 03:01,101384.02,101450.71,70,600,101454.02,100784.02,2025-01-29 03:14,100784.02,WIN,578.00,8.257143
951,2025-01-29 08:30,SHORT,2025-01-29 08:44,101915.41,102056.01,70,800,101985.41,101115.41,2025-01-29 08:59,101985.41,LOSS,-92.00,-1.314286
952,2025-01-29 17:00,SHORT,2025-01-29 17:18,102667.01,102785.87,70,800,102737.01,101867.01,2025-01-29 17:39,102737.01,LOSS,-92.00,-1.314286
953,2025-01-29 20:00,SHORT,2025-01-29 20:07,101956.23,102111.53,70,400,102026.23,101556.23,2025-01-29 20:10,102026.23,LOSS,-92.00,-1.314286
954,2025-01-30 00:30,LONG,2025-01-30 00:31,102734.14,102640.00,70,300,102664.14,103034.14,2025-01-30 00:32,102664.14,LOSS,-92.00,-1.314286
955,2025-01-30 03:00,LONG,2025-01-30 03:11,104073.92,104014.68,70,300,104003.92,104373.92,2025-01-30 03:12,104003.92,LOSS,-92.00,-1.314286
956,2025-01-30 04:00,LONG,2025-01-30 04:17,103621.11,103471.56,70,300,103551.11,103921.11,2025-01-30 04:24,103551.11,LOSS,-92.00,-1.314286
957,2025-01-30 06:00,LONG,2025-01-30 06:08,103613.25,103458.69,270,300,103343.25,103913.25,2025-01-30 06:18,103913.25,WIN,258.00,0.955556
958,2025-01-30 09:30,LONG,2025-01-30 09:51,105076.00,104940.00,70,300,105006.00,105376.00,2025-01-30 10:01,105006.00,LOSS,-92.00,-1.314286
959,2025-01-30 10:00,LONG,2025-01-30 10:12,105076.00,104928.63,70,300,105006.00,105376.00,2025-01-30 10:22,105376.00,WIN,278.00,3.971429
960,2025-01-30 10:30,LONG,2025-01-30 10:36,105358.00,105235.81,70,300,105288.00,105658.00,2025-01-30 10:53,105288.00,LOSS,-92.00,-1.314286
961,2025-01-30 12:00,LONG,2025-01-30 12:03,105255.70,105220.16,70,300,105185.70,105555.70,2025-01-30 12:08,105185.70,LOSS,-92.00,-1.314286
962,2025-01-30 12:30,LONG,2025-01-30 12:52,105064.38,104937.59,70,300,104994.38,105364.38,2025-01-30 12:56,104994.38,LOSS,-92.00,-1.314286
963,2025-01-30 13:00,LONG,2025-01-30 13:26,105064.38,104988.00,70,300,104994.38,105364.38,2025-01-30 13:31,105364.38,WIN,278.00,3.971429
964,2025-02-02 00:30,LONG,2025-02-02 00:35,101883.70,101840.79,70,300,101813.70,102183.70,2025-02-02 00:55,101813.70,LOSS,-92.00,-1.314286
965,2025-02-02 05:30,LONG,2025-02-02 05:31,100515.66,100511.45,270,300,100245.66,100815.66,2025-02-02 05:39,100815.66,WIN,258.00,0.955556
966,2025-02-02 06:30,SHORT,2025-02-02 06:52,101363.86,101418.82,70,400,101433.86,100963.86,2025-02-02 07:39,100963.86,WIN,378.00,5.400000
967,2025-02-02 12:30,LONG,2025-02-02 12:36,100145.15,100128.02,70,300,100075.15,100445.15,2025-02-02 12:48,100075.15,LOSS,-92.00,-1.314286
968,2025-02-02 16:00,LONG,2025-02-02 16:16,99570.78,99334.72,70,300,99500.78,99870.78,2025-02-02 16:27,99500.78,LOSS,-92.00,-1.314286
969,2025-02-02 18:30,SHORT,2025-02-02 18:39,98298.00,98517.00,70,800,98368.00,97498.00,2025-02-02 18:40,98368.00,LOSS,-92.00,-1.314286
970,2025-02-02 20:30,LONG,2025-02-02 20:32,99085.08,99079.05,70,300,99015.08,99385.08,2025-02-02 20:34,99015.08,LOSS,-92.00,-1.314286
971,2025-02-02 21:00,LONG,2025-02-02 21:04,99085.08,98904.00,70,300,99015.08,99385.08,2025-02-02 21:23,99385.08,WIN,278.00,3.971429
972,2025-02-02 21:30,LONG,2025-02-02 21:51,99226.87,99045.74,70,300,99156.87,99526.87,2025-02-02 21:53,99156.87,LOSS,-92.00,-1.314286
973,2025-02-02 22:30,SHORT,2025-02-02 22:31,98384.01,98435.02,70,400,98454.01,97984.01,2025-02-02 22:40,98454.01,LOSS,-92.00,-1.314286
974,2025-02-02 23:30,SHORT,2025-02-02 23:35,97348.86,97379.00,70,600,97418.86,96748.86,2025-02-02 23:36,97418.86,LOSS,-92.00,-1.314286
975,2025-02-03 04:00,SHORT,2025-02-03 04:01,97140.56,97340.96,70,600,97210.56,96540.56,2025-02-03 04:04,97210.56,LOSS,-92.00,-1.314286
976,2025-02-03 04:30,LONG,2025-02-03 04:45,97874.47,97662.20,70,300,97804.47,98174.47,2025-02-03 04:46,97804.47,LOSS,-92.00,-1.314286
977,2025-02-03 05:30,LONG,2025-02-03 05:36,97580.59,97433.27,270,300,97310.59,97880.59,2025-02-03 05:40,97310.59,LOSS,-312.00,-1.155556
978,2025-02-03 11:30,LONG,2025-02-03 11:51,94095.99,93913.84,70,300,94025.99,94395.99,2025-02-03 11:52,94025.99,LOSS,-92.00,-1.314286
979,2025-02-03 13:00,SHORT,2025-02-03 13:01,94031.05,94206.32,70,400,94101.05,93631.05,2025-02-03 13:02,94101.05,LOSS,-92.00,-1.314286
980,2025-02-03 16:00,LONG,2025-02-03 16:02,95157.00,95068.58,70,300,95087.00,95457.00,2025-02-03 16:21,95457.00,WIN,278.00,3.971429
981,2025-02-03 17:30,SHORT,2025-02-03 17:41,95227.89,95313.60,220,800,95447.89,94427.89,2025-02-03 17:48,95447.89,LOSS,-257.00,-1.168182
982,2025-02-03 18:00,SHORT,2025-02-03 18:07,95227.89,95294.73,70,800,95297.89,94427.89,2025-02-03 18:58,94427.89,WIN,778.00,11.114286
983,2025-02-03 20:30,LONG,2025-02-03 20:31,96469.50,96342.12,70,300,96399.50,96769.50,2025-02-03 20:32,96399.50,LOSS,-92.00,-1.314286
984,2025-02-03 22:00,LONG,2025-02-03 22:02,98722.00,98681.89,70,300,98652.00,99022.00,2025-02-03 22:07,98652.00,LOSS,-92.00,-1.314286
985,2025-02-03 22:30,SHORT,2025-02-03 22:57,98663.08,98807.20,70,400,98733.08,98263.08,2025-02-03 23:05,98263.08,WIN,378.00,5.400000
986,2025-02-03 23:30,LONG,2025-02-03 23:42,99086.38,98953.09,70,300,99016.38,99386.38,2025-02-03 23:43,99016.38,LOSS,-92.00,-1.314286
987,2025-02-04 00:30,LONG,2025-02-04 00:38,99696.05,99583.63,70,300,99626.05,99996.05,2025-02-04 00:40,99996.05,WIN,278.00,3.971429
988,2025-02-04 01:30,LONG,2025-02-04 01:51,101759.99,101520.00,70,300,101689.99,102059.99,2025-02-04 01:52,101689.99,LOSS,-92.00,-1.314286
989,2025-02-04 08:00,LONG,2025-02-04 08:05,101262.69,101075.66,70,300,101192.69,101562.69,2025-02-04 08:06,101192.69,LOSS,-92.00,-1.314286
990,2025-02-04 12:30,LONG,2025-02-04 12:42,99247.58,99173.70,70,300,99177.58,99547.58,2025-02-04 12:54,99177.58,LOSS,-92.00,-1.314286
991,2025-02-04 23:30,LONG,2025-02-04 23:37,99048.35,98940.00,70,300,98978.35,99348.35,2025-02-04 23:38,98978.35,LOSS,-92.00,-1.314286
992,2025-02-05 07:30,SHORT,2025-02-05 07:32,97969.81,98022.18,70,400,98039.81,97569.81,2025-02-05 07:46,97569.81,WIN,378.00,5.400000
993,2025-02-05 11:00,SHORT,2025-02-05 11:25,98165.99,98209.23,70,600,98235.99,97565.99,2025-02-05 12:27,97565.99,WIN,578.00,8.257143
994,2025-02-05 18:00,SHORT,2025-02-05 18:12,98318.00,98515.91,70,800,98388.00,97518.00,2025-02-05 18:55,98388.00,LOSS,-92.00,-1.314286
995,2025-02-05 20:00,SHORT,2025-02-05 20:01,98690.00,98742.54,70,400,98760.00,98290.00,2025-02-05 20:05,98760.00,LOSS,-92.00,-1.314286
996,2025-02-06 03:00,LONG,2025-02-06 03:23,97203.40,97172.61,70,300,97133.40,97503.40,2025-02-06 03:26,97133.40,LOSS,-92.00,-1.314286
997,2025-02-06 04:00,LONG,2025-02-06 04:01,96784.11,96687.89,70,300,96714.11,97084.11,2025-02-06 04:02,96714.11,LOSS,-92.00,-1.314286
998,2025-02-09 01:30,LONG,2025-02-09 01:55,96459.99,96390.00,70,300,96389.99,96759.99,2025-02-09 02:16,96389.99,LOSS,-92.00,-1.314286
999,2025-02-09 07:00,SHORT,2025-02-09 07:15,96688.01,96844.00,70,800,96758.01,95888.01,2025-02-09 07:26,96758.01,LOSS,-92.00,-1.314286
1000,2025-02-09 17:30,LONG,2025-02-09 17:31,96434.01,96403.62,70,300,96364.01,96734.01,2025-02-09 18:45,96364.01,LOSS,-92.00,-1.314286
1001,2025-02-09 20:00,SHORT,2025-02-09 20:05,95997.93,96060.00,70,400,96067.93,95597.93,2025-02-09 20:06,96067.93,LOSS,-92.00,-1.314286
1002,2025-02-10 06:30,LONG,2025-02-10 06:36,96597.99,96584.45,270,300,96327.99,96897.99,2025-02-10 06:46,96327.99,LOSS,-312.00,-1.155556
1003,2025-02-10 10:30,LONG,2025-02-10 10:38,96815.46,96810.00,70,300,96745.46,97115.46,2025-02-10 10:42,97115.46,WIN,278.00,3.971429
1004,2025-02-10 11:00,SHORT,2025-02-10 11:27,97055.46,97124.75,70,600,97125.46,96455.46,2025-02-10 11:28,97125.46,LOSS,-92.00,-1.314286
1005,2025-02-10 12:30,SHORT,2025-02-10 12:33,97262.43,97302.89,70,600,97332.43,96662.43,2025-02-10 12:34,97332.43,LOSS,-92.00,-1.314286
1006,2025-02-10 17:30,LONG,2025-02-10 17:53,97541.15,97539.00,70,300,97471.15,97841.15,2025-02-10 18:00,97471.15,LOSS,-92.00,-1.314286
1007,2025-02-10 22:00,LONG,2025-02-10 22:13,97098.68,97020.00,70,300,97028.68,97398.68,2025-02-10 22:41,97028.68,LOSS,-92.00,-1.314286
1008,2025-02-10 22:30,LONG,2025-02-10 22:55,97180.75,97014.79,270,300,96910.75,97480.75,2025-02-10 23:25,97480.75,WIN,258.00,0.955556
1009,2025-02-11 02:30,LONG,2025-02-11 02:52,97211.96,97129.78,70,300,97141.96,97511.96,2025-02-11 05:36,97511.96,WIN,278.00,3.971429
1010,2025-02-11 08:00,LONG,2025-02-11 08:21,97874.24,97738.00,70,300,97804.24,98174.24,2025-02-11 08:23,97804.24,LOSS,-92.00,-1.314286
1011,2025-02-11 17:30,LONG,2025-02-11 17:34,98031.51,97872.91,70,300,97961.51,98331.51,2025-02-11 17:35,97961.51,LOSS,-92.00,-1.314286
1012,2025-02-12 01:30,SHORT,2025-02-12 01:43,95160.81,95236.88,70,800,95230.81,94360.81,2025-02-12 01:59,95230.81,LOSS,-92.00,-1.314286
1013,2025-02-12 17:00,SHORT,2025-02-12 17:23,96098.00,96338.00,70,800,96168.00,95298.00,2025-02-12 17:33,96168.00,LOSS,-92.00,-1.314286
1014,2025-02-12 19:00,SHORT,2025-02-12 19:01,96102.97,96160.00,70,600,96172.97,95502.97,2025-02-12 19:02,95502.97,WIN,578.00,8.257143
1015,2025-02-13 00:30,LONG,2025-02-13 00:52,96801.42,96695.56,70,300,96731.42,97101.42,2025-02-13 00:55,96731.42,LOSS,-92.00,-1.314286
1016,2025-02-13 11:30,LONG,2025-02-13 11:42,96546.37,96457.70,70,300,96476.37,96846.37,2025-02-13 11:53,96476.37,LOSS,-92.00,-1.314286
1017,2025-02-13 17:30,LONG,2025-02-13 17:51,95805.12,95747.21,70,300,95735.12,96105.12,2025-02-13 18:45,95735.12,LOSS,-92.00,-1.314286
1018,2025-02-13 20:30,LONG,2025-02-13 20:31,95737.03,95736.00,70,300,95667.03,96037.03,2025-02-13 20:37,95667.03,LOSS,-92.00,-1.314286
1019,2025-02-16 20:00,SHORT,2025-02-16 20:20,96962.37,97005.35,70,400,97032.37,96562.37,2025-02-16 20:33,97032.37,LOSS,-92.00,-1.314286
1020,2025-02-17 06:00,SHORT,2025-02-17 06:20,96238.12,96383.17,70,800,96308.12,95438.12,2025-02-17 06:25,96308.12,LOSS,-92.00,-1.314286
1021,2025-02-17 06:30,LONG,2025-02-17 06:58,96199.22,96072.26,270,300,95929.22,96499.22,2025-02-17 07:24,96499.22,WIN,258.00,0.955556
1022,2025-02-17 08:30,LONG,2025-02-17 08:51,96108.97,96105.76,70,300,96038.97,96408.97,2025-02-17 09:52,96038.97,LOSS,-92.00,-1.314286
1023,2025-02-17 10:30,LONG,2025-02-17 10:31,95906.01,95899.84,70,300,95836.01,96206.01,2025-02-17 10:33,95836.01,LOSS,-92.00,-1.314286
1024,2025-02-17 11:00,SHORT,2025-02-17 11:11,96146.01,96160.00,70,600,96216.01,95546.01,2025-02-17 11:15,96216.01,LOSS,-92.00,-1.314286
1025,2025-02-17 21:30,SHORT,2025-02-17 21:40,95779.45,95924.00,70,400,95849.45,95379.45,2025-02-17 22:11,95379.45,WIN,378.00,5.400000
1026,2025-02-17 22:30,SHORT,2025-02-17 22:51,95454.75,95663.21,70,400,95524.75,95054.75,2025-02-17 23:05,95524.75,LOSS,-92.00,-1.314286
1027,2025-02-17 23:30,SHORT,2025-02-17 23:56,95599.78,95648.00,70,600,95669.78,94999.78,2025-02-18 01:39,95669.78,LOSS,-92.00,-1.314286
1028,2025-02-18 12:00,LONG,2025-02-18 12:12,95489.50,95281.79,70,300,95419.50,95789.50,2025-02-18 12:21,95419.50,LOSS,-92.00,-1.314286
1029,2025-02-18 21:00,LONG,2025-02-18 21:02,95416.83,95370.77,70,300,95346.83,95716.83,2025-02-18 21:08,95716.83,WIN,278.00,3.971429
1030,2025-02-18 21:30,LONG,2025-02-18 21:47,95426.49,95362.73,70,300,95356.49,95726.49,2025-02-18 21:52,95356.49,LOSS,-92.00,-1.314286
1031,2025-02-18 23:00,LONG,2025-02-18 23:01,94519.98,94518.74,70,300,94449.98,94819.98,2025-02-18 23:02,94449.98,LOSS,-92.00,-1.314286
1032,2025-02-19 04:00,SHORT,2025-02-19 04:17,95185.46,95215.67,70,600,95255.46,94585.46,2025-02-19 04:18,95255.46,LOSS,-92.00,-1.314286
1033,2025-02-19 22:00,SHORT,2025-02-19 22:10,96063.74,96290.54,70,400,96133.74,95663.74,2025-02-19 22:13,96133.74,LOSS,-92.00,-1.314286
1034,2025-02-20 07:00,LONG,2025-02-20 07:24,96733.98,96640.00,70,300,96663.98,97033.98,2025-02-20 08:20,97033.98,WIN,278.00,3.971429
1035,2025-02-20 11:30,LONG,2025-02-20 11:44,96789.99,96782.50,70,300,96719.99,97089.99,2025-02-20 14:22,97089.99,WIN,278.00,3.971429
1036,2025-02-24 04:00,SHORT,2025-02-24 04:18,95875.25,95882.78,70,600,95945.25,95275.25,2025-02-24 04:30,95945.25,LOSS,-92.00,-1.314286
1037,2025-02-24 07:30,SHORT,2025-02-24 07:44,96091.25,96123.43,70,400,96161.25,95691.25,2025-02-24 08:30,95691.25,WIN,378.00,5.400000
1038,2025-02-24 10:00,LONG,2025-02-24 10:03,95313.21,95237.02,70,300,95243.21,95613.21,2025-02-24 10:04,95243.21,LOSS,-92.00,-1.314286
1039,2025-02-24 16:00,LONG,2025-02-24 16:18,95645.76,95555.97,70,300,95575.76,95945.76,2025-02-24 16:35,95575.76,LOSS,-92.00,-1.314286
1040,2025-02-24 17:00,SHORT,2025-02-24 17:16,95751.66,95771.01,70,800,95821.66,94951.66,2025-02-24 17:21,95821.66,LOSS,-92.00,-1.314286
1041,2025-02-24 20:00,SHORT,2025-02-24 20:03,95714.57,95746.00,70,400,95784.57,95314.57,2025-02-24 20:11,95314.57,WIN,378.00,5.400000
1042,2025-02-24 22:00,SHORT,2025-02-24 22:22,94443.95,94513.72,70,400,94513.95,94043.95,2025-02-24 22:23,94513.95,LOSS,-92.00,-1.314286
1043,2025-02-25 10:00,LONG,2025-02-25 10:11,92033.93,91967.88,70,300,91963.93,92333.93,2025-02-25 10:15,91963.93,LOSS,-92.00,-1.314286
1044,2025-02-25 22:00,LONG,2025-02-25 22:13,87111.63,86960.76,70,300,87041.63,87411.63,2025-02-25 22:15,87411.63,WIN,278.00,3.971429
1045,2025-02-26 00:30,SHORT,2025-02-26 00:38,87190.07,87285.80,70,800,87260.07,86390.07,2025-02-26 00:39,87260.07,LOSS,-92.00,-1.314286
1046,2025-02-26 21:00,SHORT,2025-02-26 21:14,87741.21,87815.62,70,400,87811.21,87341.21,2025-02-26 21:16,87811.21,LOSS,-92.00,-1.314286
1047,2025-02-26 21:30,SHORT,2025-02-26 21:33,87687.53,87782.00,70,400,87757.53,87287.53,2025-02-26 21:39,87287.53,WIN,378.00,5.400000
1048,2025-02-26 22:30,SHORT,2025-02-26 22:49,86926.00,87053.41,70,400,86996.00,86526.00,2025-02-26 22:54,86996.00,LOSS,-92.00,-1.314286
1049,2025-02-27 02:30,LONG,2025-02-27 02:31,84264.34,84260.00,70,300,84194.34,84564.34,2025-02-27 02:32,84194.34,LOSS,-92.00,-1.314286
1050,2025-02-27 06:30,LONG,2025-02-27 06:42,84622.38,84448.11,270,300,84352.38,84922.38,2025-02-27 06:51,84922.38,WIN,258.00,0.955556
1051,2025-02-27 09:30,LONG,2025-02-27 09:45,85106.32,84982.50,70,300,85036.32,85406.32,2025-02-27 09:46,85036.32,LOSS,-92.00,-1.314286
1052,2025-02-27 10:00,LONG,2025-02-27 10:20,85106.32,85009.39,70,300,85036.32,85406.32,2025-02-27 10:37,85406.32,WIN,278.00,3.971429
1053,2025-02-27 16:30,LONG,2025-02-27 16:49,86893.47,86713.42,70,300,86823.47,87193.47,2025-02-27 16:52,86823.47,LOSS,-92.00,-1.314286
1054,2025-02-27 18:00,LONG,2025-02-27 18:05,86578.60,86435.90,70,300,86508.60,86878.60,2025-02-27 18:06,86508.60,LOSS,-92.00,-1.314286
1055,2025-02-27 19:00,LONG,2025-02-27 19:04,86210.59,86167.99,70,300,86140.59,86510.59,2025-02-27 19:05,86140.59,LOSS,-92.00,-1.314286
1056,2025-03-02 04:00,LONG,2025-03-02 04:13,85956.86,85845.35,70,300,85886.86,86256.86,2025-03-02 04:26,86256.86,WIN,278.00,3.971429
1057,2025-03-02 06:00,LONG,2025-03-02 06:01,85944.54,85940.00,270,300,85674.54,86244.54,2025-03-02 06:09,86244.54,WIN,258.00,0.955556
1058,2025-03-02 08:30,SHORT,2025-03-02 08:38,85894.01,85971.79,70,800,85964.01,85094.01,2025-03-02 08:42,85964.01,LOSS,-92.00,-1.314286
1059,2025-03-02 11:00,SHORT,2025-03-02 11:17,85872.80,86032.84,70,600,85942.80,85272.80,2025-03-02 11:26,85942.80,LOSS,-92.00,-1.314286
1060,2025-03-03 02:30,LONG,2025-03-03 02:47,94210.00,94086.27,70,300,94140.00,94510.00,2025-03-03 02:49,94140.00,LOSS,-92.00,-1.314286
1061,2025-03-03 03:00,LONG,2025-03-03 03:29,94210.00,94059.83,70,300,94140.00,94510.00,2025-03-03 03:30,94140.00,LOSS,-92.00,-1.314286
1062,2025-03-03 04:00,LONG,2025-03-03 04:08,94178.01,94119.21,70,300,94108.01,94478.01,2025-03-03 04:25,94478.01,WIN,278.00,3.971429
1063,2025-03-03 07:00,LONG,2025-03-03 07:28,93194.89,93059.99,70,300,93124.89,93494.89,2025-03-03 07:29,93124.89,LOSS,-92.00,-1.314286
1064,2025-03-03 07:30,LONG,2025-03-03 07:41,92964.64,92852.96,70,300,92894.64,93264.64,2025-03-03 07:42,92894.64,LOSS,-92.00,-1.314286
1065,2025-03-03 08:00,LONG,2025-03-03 08:05,92964.64,92826.96,70,300,92894.64,93264.64,2025-03-03 08:16,93264.64,WIN,278.00,3.971429
1066,2025-03-03 17:00,SHORT,2025-03-03 17:01,92666.76,92775.57,70,800,92736.76,91866.76,2025-03-03 17:17,92736.76,LOSS,-92.00,-1.314286
1067,2025-03-03 18:00,SHORT,2025-03-03 18:08,92860.00,93076.57,70,800,92930.00,92060.00,2025-03-03 18:10,92930.00,LOSS,-92.00,-1.314286
1068,2025-03-03 21:30,SHORT,2025-03-03 21:34,90155.38,90313.04,70,400,90225.38,89755.38,2025-03-03 21:35,90225.38,LOSS,-92.00,-1.314286
1069,2025-03-04 10:00,LONG,2025-03-04 10:07,83863.73,83677.74,70,300,83793.73,84163.73,2025-03-04 10:08,83793.73,LOSS,-92.00,-1.314286
1070,2025-03-04 11:30,LONG,2025-03-04 11:46,84154.00,84012.00,70,300,84084.00,84454.00,2025-03-04 11:47,84084.00,LOSS,-92.00,-1.314286
1071,2025-03-04 13:00,LONG,2025-03-04 13:08,83764.06,83664.00,70,300,83694.06,84064.06,2025-03-04 13:09,83694.06,LOSS,-92.00,-1.314286
1072,2025-03-04 16:30,LONG,2025-03-04 16:57,83851.93,83707.02,70,300,83781.93,84151.93,2025-03-04 17:35,83781.93,LOSS,-92.00,-1.314286
1073,2025-03-04 18:00,LONG,2025-03-04 18:14,83817.93,83577.93,70,300,83747.93,84117.93,2025-03-04 18:19,83747.93,LOSS,-92.00,-1.314286
1074,2025-03-04 21:00,LONG,2025-03-04 21:11,83081.40,83013.42,70,300,83011.40,83381.40,2025-03-04 21:12,83011.40,LOSS,-92.00,-1.314286
1075,2025-03-04 22:00,LONG,2025-03-04 22:14,82865.05,82783.78,70,300,82795.05,83165.05,2025-03-04 22:18,82795.05,LOSS,-92.00,-1.314286
1076,2025-03-05 04:00,SHORT,2025-03-05 04:21,87637.49,87776.00,70,600,87707.49,87037.49,2025-03-05 04:40,87707.49,LOSS,-92.00,-1.314286
1077,2025-03-05 20:00,SHORT,2025-03-05 20:01,89593.92,89680.00,70,400,89663.92,89193.92,2025-03-05 20:04,89193.92,WIN,378.00,5.400000
1078,2025-03-06 02:30,LONG,2025-03-06 02:39,90379.64,90195.00,70,300,90309.64,90679.64,2025-03-06 02:40,90679.64,WIN,278.00,3.971429
1079,2025-03-06 03:00,LONG,2025-03-06 03:23,90379.64,90340.00,70,300,90309.64,90679.64,2025-03-06 03:29,90309.64,LOSS,-92.00,-1.314286
1080,2025-03-06 04:00,LONG,2025-03-06 04:06,90257.27,90114.65,70,300,90187.27,90557.27,2025-03-06 04:09,90187.27,LOSS,-92.00,-1.314286
1081,2025-03-06 08:30,LONG,2025-03-06 08:42,91691.99,91640.00,70,300,91621.99,91991.99,2025-03-06 08:43,91621.99,LOSS,-92.00,-1.314286
1082,2025-03-09 20:30,LONG,2025-03-09 20:51,83482.58,83457.25,70,300,83412.58,83782.58,2025-03-09 20:55,83412.58,LOSS,-92.00,-1.314286
1083,2025-03-09 21:00,LONG,2025-03-09 21:09,83482.58,83408.34,70,300,83412.58,83782.58,2025-03-09 21:11,83412.58,LOSS,-92.00,-1.314286
1084,2025-03-09 22:30,SHORT,2025-03-09 22:34,82616.01,82687.59,70,400,82686.01,82216.01,2025-03-09 22:42,82686.01,LOSS,-92.00,-1.314286
1085,2025-03-10 06:30,LONG,2025-03-10 06:54,81172.01,81140.00,270,300,80902.01,81472.01,2025-03-10 07:01,81472.01,WIN,258.00,0.955556
1086,2025-03-10 07:30,LONG,2025-03-10 07:37,81646.01,81528.00,70,300,81576.01,81946.01,2025-03-10 07:44,81946.01,WIN,278.00,3.971429
1087,2025-03-10 12:00,LONG,2025-03-10 12:21,82188.51,82065.71,70,300,82118.51,82488.51,2025-03-10 12:32,82488.51,WIN,278.00,3.971429
1088,2025-03-11 02:00,LONG,2025-03-11 02:20,78940.84,78776.33,70,300,78870.84,79240.84,2025-03-11 02:21,79240.84,WIN,278.00,3.971429
1089,2025-03-11 06:30,LONG,2025-03-11 06:55,77553.60,77363.27,270,300,77283.60,77853.60,2025-03-11 07:00,77853.60,WIN,258.00,0.955556
1090,2025-03-11 16:30,LONG,2025-03-11 16:45,81688.25,81526.31,70,300,81618.25,81988.25,2025-03-11 17:03,81988.25,WIN,278.00,3.971429
1091,2025-03-12 08:30,SHORT,2025-03-12 08:40,82550.80,82577.01,70,800,82620.80,81750.80,2025-03-12 10:07,81750.80,WIN,778.00,11.114286
1092,2025-03-12 12:30,SHORT,2025-03-12 12:38,81545.97,81656.00,70,600,81615.97,80945.97,2025-03-12 12:40,81615.97,LOSS,-92.00,-1.314286
1093,2025-03-12 22:00,SHORT,2025-03-12 22:11,81858.97,81986.64,70,400,81928.97,81458.97,2025-03-12 22:17,81928.97,LOSS,-92.00,-1.314286
1094,2025-03-13 03:00,LONG,2025-03-13 03:26,83004.95,82961.51,70,300,82934.95,83304.95,2025-03-13 03:32,83304.95,WIN,278.00,3.971429
1095,2025-03-13 05:30,LONG,2025-03-13 05:49,83560.12,83527.26,270,300,83290.12,83860.12,2025-03-13 05:51,83860.12,WIN,258.00,0.955556
1096,2025-03-13 10:00,LONG,2025-03-13 10:18,83457.14,83349.03,70,300,83387.14,83757.14,2025-03-13 10:23,83387.14,LOSS,-92.00,-1.314286
1097,2025-03-13 16:00,LONG,2025-03-13 16:23,83306.87,83128.43,70,300,83236.87,83606.87,2025-03-13 16:24,83236.87,LOSS,-92.00,-1.314286
1098,2025-03-13 16:30,LONG,2025-03-13 16:37,83071.67,83038.31,70,300,83001.67,83371.67,2025-03-13 16:43,83001.67,LOSS,-92.00,-1.314286
1099,2025-03-13 22:00,LONG,2025-03-13 22:01,80924.72,80852.00,70,300,80854.72,81224.72,2025-03-13 22:09,81224.72,WIN,278.00,3.971429
1100,2025-03-16 12:30,LONG,2025-03-16 12:46,84108.01,84005.47,70,300,84038.01,84408.01,2025-03-16 14:55,84038.01,LOSS,-92.00,-1.314286
1101,2025-03-16 16:00,LONG,2025-03-16 16:24,83777.02,83706.92,70,300,83707.02,84077.02,2025-03-16 16:26,83707.02,LOSS,-92.00,-1.314286
1102,2025-03-16 18:30,SHORT,2025-03-16 18:35,82875.89,82936.67,70,800,82945.89,82075.89,2025-03-16 18:36,82945.89,LOSS,-92.00,-1.314286
1103,2025-03-16 19:00,SHORT,2025-03-16 19:12,82875.89,83088.12,70,600,82945.89,82275.89,2025-03-16 20:12,82945.89,LOSS,-92.00,-1.314286
1104,2025-03-16 21:00,LONG,2025-03-16 21:04,83253.15,83148.95,70,300,83183.15,83553.15,2025-03-16 21:09,83183.15,LOSS,-92.00,-1.314286
1105,2025-03-16 22:00,SHORT,2025-03-16 22:28,83440.83,83653.42,70,400,83510.83,83040.83,2025-03-16 22:29,83510.83,LOSS,-92.00,-1.314286
1106,2025-03-16 22:30,SHORT,2025-03-16 22:40,83753.49,83800.01,70,400,83823.49,83353.49,2025-03-16 22:41,83823.49,LOSS,-92.00,-1.314286
1107,2025-03-17 00:00,SHORT,2025-03-17 00:01,84033.22,84077.42,220,800,84253.22,83233.22,2025-03-17 00:43,83233.22,WIN,763.00,3.468182
1108,2025-03-17 01:30,SHORT,2025-03-17 01:36,83218.47,83244.91,70,800,83288.47,82418.47,2025-03-17 01:38,83288.47,LOSS,-92.00,-1.314286
1109,2025-03-17 07:00,SHORT,2025-03-17 07:06,83174.90,83185.55,70,800,83244.90,82374.90,2025-03-17 07:15,83244.90,LOSS,-92.00,-1.314286
1110,2025-03-17 07:30,LONG,2025-03-17 07:49,83113.80,83040.00,70,300,83043.80,83413.80,2025-03-17 08:32,83413.80,WIN,278.00,3.971429
1111,2025-03-17 11:30,LONG,2025-03-17 11:57,83000.01,82998.50,70,300,82930.01,83300.01,2025-03-17 11:58,82930.01,LOSS,-92.00,-1.314286
1112,2025-03-17 12:00,LONG,2025-03-17 12:10,83000.01,82935.07,70,300,82930.01,83300.01,2025-03-17 12:32,83300.01,WIN,278.00,3.971429
1113,2025-03-17 17:30,SHORT,2025-03-17 17:31,83634.73,83851.76,220,800,83854.73,82834.73,2025-03-17 18:00,83854.73,LOSS,-257.00,-1.168182
1114,2025-03-17 19:00,LONG,2025-03-17 19:01,82932.01,82916.99,70,300,82862.01,83232.01,2025-03-17 19:05,83232.01,WIN,278.00,3.971429
1115,2025-03-17 19:00,SHORT,2025-03-17 19:18,83172.01,83213.21,70,600,83242.01,82572.01,2025-03-17 19:40,82572.01,WIN,578.00,8.257143
1116,2025-03-18 08:30,LONG,2025-03-18 08:34,83247.65,83172.61,70,300,83177.65,83547.65,2025-03-18 08:36,83177.65,LOSS,-92.00,-1.314286
1117,2025-03-18 20:30,LONG,2025-03-18 20:43,81734.72,81618.86,70,300,81664.72,82034.72,2025-03-18 20:46,81664.72,LOSS,-92.00,-1.314286
1118,2025-03-18 23:00,LONG,2025-03-18 23:08,81731.52,81615.80,70,300,81661.52,82031.52,2025-03-18 23:17,81661.52,LOSS,-92.00,-1.314286
1119,2025-03-19 18:30,SHORT,2025-03-19 18:36,83868.75,83870.21,70,800,83938.75,83068.75,2025-03-19 18:37,83938.75,LOSS,-92.00,-1.314286
1120,2025-03-20 12:00,LONG,2025-03-20 12:14,85707.27,85653.05,70,300,85637.27,86007.27,2025-03-20 14:08,86007.27,WIN,278.00,3.971429
1121,2025-03-20 20:30,LONG,2025-03-20 20:42,86051.86,86010.56,70,300,85981.86,86351.86,2025-03-20 20:44,85981.86,LOSS,-92.00,-1.314286
1122,2025-03-23 22:00,LONG,2025-03-23 22:13,85069.41,84982.01,70,300,84999.41,85369.41,2025-03-23 22:18,85369.41,WIN,278.00,3.971429
1123,2025-03-23 23:00,LONG,2025-03-23 23:17,85130.01,85053.05,70,300,85060.01,85430.01,2025-03-23 23:19,85060.01,LOSS,-92.00,-1.314286
1124,2025-03-23 23:30,LONG,2025-03-23 23:52,84897.67,84890.01,70,300,84827.67,85197.67,2025-03-23 23:54,84827.67,LOSS,-92.00,-1.314286
1125,2025-03-24 04:00,SHORT,2025-03-24 04:18,85299.99,85520.37,70,600,85369.99,84699.99,2025-03-24 04:25,85369.99,LOSS,-92.00,-1.314286
1126,2025-03-24 06:00,SHORT,2025-03-24 06:12,86202.50,86225.64,70,800,86272.50,85402.50,2025-03-24 06:13,86272.50,LOSS,-92.00,-1.314286
1127,2025-03-24 12:30,LONG,2025-03-24 12:43,86993.37,86802.16,70,300,86923.37,87293.37,2025-03-24 12:59,86923.37,LOSS,-92.00,-1.314286
1128,2025-03-24 17:30,LONG,2025-03-24 17:38,87569.52,87437.44,70,300,87499.52,87869.52,2025-03-24 17:47,87499.52,LOSS,-92.00,-1.314286
1129,2025-03-25 04:30,LONG,2025-03-25 04:37,87337.66,87313.10,70,300,87267.66,87637.66,2025-03-25 04:45,87267.66,LOSS,-92.00,-1.314286
1130,2025-03-25 07:30,LONG,2025-03-25 07:46,86968.31,86913.64,70,300,86898.31,87268.31,2025-03-25 08:12,86898.31,LOSS,-92.00,-1.314286
1131,2025-03-25 08:30,LONG,2025-03-25 08:54,86734.94,86705.46,70,300,86664.94,87034.94,2025-03-25 09:06,86664.94,LOSS,-92.00,-1.314286
1132,2025-03-25 20:30,LONG,2025-03-25 20:48,87902.39,87868.00,70,300,87832.39,88202.39,2025-03-25 20:51,87832.39,LOSS,-92.00,-1.314286
1133,2025-03-25 21:00,LONG,2025-03-25 21:03,87902.39,87898.80,70,300,87832.39,88202.39,2025-03-25 21:04,87832.39,LOSS,-92.00,-1.314286
1134,2025-03-26 06:00,SHORT,2025-03-26 06:03,87512.88,87559.99,70,800,87582.88,86712.88,2025-03-26 06:05,87582.88,LOSS,-92.00,-1.314286
1135,2025-03-26 06:30,SHORT,2025-03-26 06:56,87772.00,87817.71,70,400,87842.00,87372.00,2025-03-26 06:57,87842.00,LOSS,-92.00,-1.314286
1136,2025-03-26 21:00,SHORT,2025-03-26 21:07,86893.14,86906.23,70,400,86963.14,86493.14,2025-03-26 21:17,86963.14,LOSS,-92.00,-1.314286
1137,2025-03-26 22:00,SHORT,2025-03-26 22:03,86872.52,86940.00,70,400,86942.52,86472.52,2025-03-26 22:27,86472.52,WIN,378.00,5.400000
1138,2025-03-26 22:30,SHORT,2025-03-26 22:46,86633.99,86751.30,70,400,86703.99,86233.99,2025-03-26 23:10,86703.99,LOSS,-92.00,-1.314286
1139,2025-03-27 03:00,LONG,2025-03-27 03:19,87160.00,86942.00,70,300,87090.00,87460.00,2025-03-27 03:30,87090.00,LOSS,-92.00,-1.314286
1140,2025-03-30 19:00,LONG,2025-03-30 19:12,82952.76,82795.17,70,300,82882.76,83252.76,2025-03-30 19:15,82882.76,LOSS,-92.00,-1.314286
1141,2025-03-30 20:00,SHORT,2025-03-30 20:28,82798.42,82968.23,70,400,82868.42,82398.42,2025-03-30 20:33,82868.42,LOSS,-92.00,-1.314286
1142,2025-03-31 07:00,SHORT,2025-03-31 07:21,81766.90,81894.78,70,800,81836.90,80966.90,2025-03-31 07:24,81836.90,LOSS,-92.00,-1.314286
1143,2025-03-31 07:30,LONG,2025-03-31 07:33,81834.79,81826.96,70,300,81764.79,82134.79,2025-03-31 07:34,81764.79,LOSS,-92.00,-1.314286
1144,2025-03-31 12:30,SHORT,2025-03-31 12:39,82172.82,82279.38,70,600,82242.82,81572.82,2025-03-31 13:37,82242.82,LOSS,-92.00,-1.314286
1145,2025-03-31 13:30,SHORT,2025-03-31 13:50,82053.51,82090.74,70,400,82123.51,81653.51,2025-03-31 13:52,82123.51,LOSS,-92.00,-1.314286
1146,2025-03-31 17:30,LONG,2025-03-31 17:55,82085.50,81912.00,70,300,82015.50,82385.50,2025-03-31 18:13,82385.50,WIN,278.00,3.971429
1147,2025-03-31 19:00,LONG,2025-03-31 19:25,82648.74,82506.02,70,300,82578.74,82948.74,2025-03-31 19:26,82578.74,LOSS,-92.00,-1.314286
1148,2025-04-01 06:30,LONG,2025-04-01 06:41,82531.09,82477.38,270,300,82261.09,82831.09,2025-04-01 07:44,82831.09,WIN,258.00,0.955556
1149,2025-04-01 18:00,LONG,2025-04-01 18:16,83810.31,83794.22,70,300,83740.31,84110.31,2025-04-01 18:17,83740.31,LOSS,-92.00,-1.314286
1150,2025-04-01 19:00,LONG,2025-04-01 19:06,83495.26,83461.89,70,300,83425.26,83795.26,2025-04-01 19:07,83425.26,LOSS,-92.00,-1.314286
1151,2025-04-01 21:30,LONG,2025-04-01 21:42,85160.88,85139.55,70,300,85090.88,85460.88,2025-04-01 21:52,85090.88,LOSS,-92.00,-1.314286
1152,2025-04-01 22:00,LONG,2025-04-01 22:21,85160.88,85133.00,70,300,85090.88,85460.88,2025-04-01 22:30,85090.88,LOSS,-92.00,-1.314286
1153,2025-04-02 13:00,SHORT,2025-04-02 13:15,84245.99,84375.97,70,400,84315.99,83845.99,2025-04-02 13:16,84315.99,LOSS,-92.00,-1.314286
1154,2025-04-02 21:30,SHORT,2025-04-02 21:43,86877.67,86910.00,70,400,86947.67,86477.67,2025-04-02 21:45,86947.67,LOSS,-92.00,-1.314286
1155,2025-04-02 22:00,SHORT,2025-04-02 22:06,86877.67,86949.58,70,400,86947.67,86477.67,2025-04-02 22:09,86947.67,LOSS,-92.00,-1.314286
1156,2025-04-03 01:30,LONG,2025-04-03 01:43,86780.01,86640.00,70,300,86710.01,87080.01,2025-04-03 01:44,87080.01,WIN,278.00,3.971429
1157,2025-04-03 07:30,LONG,2025-04-03 07:38,83641.63,83638.02,70,300,83571.63,83941.63,2025-04-03 07:47,83571.63,LOSS,-92.00,-1.314286
1158,2025-04-03 08:00,LONG,2025-04-03 08:10,83641.63,83534.91,70,300,83571.63,83941.63,2025-04-03 08:11,83571.63,LOSS,-92.00,-1.314286
1159,2025-04-03 09:30,LONG,2025-04-03 09:55,83363.97,83328.68,70,300,83293.97,83663.97,2025-04-03 10:00,83293.97,LOSS,-92.00,-1.314286
1160,2025-04-03 17:30,LONG,2025-04-03 17:39,82976.01,82883.86,70,300,82906.01,83276.01,2025-04-03 17:41,82906.01,LOSS,-92.00,-1.314286
1161,2025-04-03 23:00,LONG,2025-04-03 23:01,81710.56,81675.63,70,300,81640.56,82010.56,2025-04-03 23:02,81640.56,LOSS,-92.00,-1.314286
1162,2025-04-06 20:30,LONG,2025-04-06 20:44,82547.08,82433.00,70,300,82477.08,82847.08,2025-04-06 20:58,82477.08,LOSS,-92.00,-1.314286
1163,2025-04-06 21:00,LONG,2025-04-06 21:02,82547.08,82459.74,70,300,82477.08,82847.08,2025-04-06 21:31,82477.08,LOSS,-92.00,-1.314286
1164,2025-04-06 21:30,LONG,2025-04-06 21:55,82428.36,82355.90,70,300,82358.36,82728.36,2025-04-06 21:59,82358.36,LOSS,-92.00,-1.314286
1165,2025-04-08 02:30,LONG,2025-04-08 02:40,78835.26,78768.82,70,300,78765.26,79135.26,2025-04-08 02:46,79135.26,WIN,278.00,3.971429
1166,2025-04-08 07:30,LONG,2025-04-08 07:36,80480.00,80451.07,70,300,80410.00,80780.00,2025-04-08 07:39,80780.00,WIN,278.00,3.971429
1167,2025-04-08 18:00,LONG,2025-04-08 18:28,79862.00,79762.00,70,300,79792.00,80162.00,2025-04-08 18:30,79792.00,LOSS,-92.00,-1.314286
1168,2025-04-08 21:30,LONG,2025-04-08 21:38,78378.00,78319.33,70,300,78308.00,78678.00,2025-04-08 21:43,78308.00,LOSS,-92.00,-1.314286
1169,2025-04-08 23:00,LONG,2025-04-08 23:11,77294.26,77189.72,70,300,77224.26,77594.26,2025-04-08 23:15,77224.26,LOSS,-92.00,-1.314286
1170,2025-04-08 23:30,LONG,2025-04-08 23:37,77230.00,77200.00,70,300,77160.00,77530.00,2025-04-08 23:38,77160.00,LOSS,-92.00,-1.314286
1171,2025-04-09 11:00,SHORT,2025-04-09 11:01,76536.33,76574.32,70,600,76606.33,75936.33,2025-04-09 11:05,76606.33,LOSS,-92.00,-1.314286
1172,2025-04-09 18:00,SHORT,2025-04-09 18:01,76350.01,76385.79,70,800,76420.01,75550.01,2025-04-09 18:12,76420.01,LOSS,-92.00,-1.314286
1173,2025-04-10 02:00,LONG,2025-04-10 02:02,82212.08,82159.31,70,300,82142.08,82512.08,2025-04-10 02:05,82512.08,WIN,278.00,3.971429
1174,2025-04-10 05:30,LONG,2025-04-10 05:45,82495.22,82490.00,270,300,82225.22,82795.22,2025-04-10 06:11,82225.22,LOSS,-312.00,-1.155556
1175,2025-04-10 12:00,LONG,2025-04-10 12:24,82038.03,81984.30,70,300,81968.03,82338.03,2025-04-10 12:56,81968.03,LOSS,-92.00,-1.314286
1176,2025-04-10 16:30,LONG,2025-04-10 16:50,81646.04,81507.22,70,300,81576.04,81946.04,2025-04-10 17:34,81946.04,WIN,278.00,3.971429
1177,2025-04-10 17:30,LONG,2025-04-10 17:50,81762.00,81584.00,70,300,81692.00,82062.00,2025-04-10 17:51,81692.00,LOSS,-92.00,-1.314286
1178,2025-04-10 19:00,LONG,2025-04-10 19:02,81590.45,81588.00,70,300,81520.45,81890.45,2025-04-10 19:03,81520.45,LOSS,-92.00,-1.314286
1179,2025-04-10 22:30,LONG,2025-04-10 22:32,79333.83,79328.00,270,300,79063.83,79633.83,2025-04-10 22:35,79063.83,LOSS,-312.00,-1.155556
1180,2025-04-10 23:00,LONG,2025-04-10 23:03,79333.83,79312.46,70,300,79263.83,79633.83,2025-04-10 23:04,79263.83,LOSS,-92.00,-1.314286
1181,2025-04-13 01:30,SHORT,2025-04-13 01:52,85063.39,85194.75,70,800,85133.39,84263.39,2025-04-13 01:54,85133.39,LOSS,-92.00,-1.314286
1182,2025-04-13 06:00,LONG,2025-04-13 06:05,85156.91,85155.00,270,300,84886.91,85456.91,2025-04-13 06:21,85456.91,WIN,258.00,0.955556
1183,2025-04-13 07:00,SHORT,2025-04-13 07:02,85615.72,85802.00,70,800,85685.72,84815.72,2025-04-13 07:05,85685.72,LOSS,-92.00,-1.314286
1184,2025-04-13 08:00,LONG,2025-04-13 08:19,85139.76,85030.17,70,300,85069.76,85439.76,2025-04-13 08:28,85439.76,WIN,278.00,3.971429
1185,2025-04-13 18:00,LONG,2025-04-13 18:06,84408.66,84340.00,70,300,84338.66,84708.66,2025-04-13 18:18,84338.66,LOSS,-92.00,-1.314286
1186,2025-04-13 18:30,SHORT,2025-04-13 18:34,84578.75,84605.39,70,800,84648.75,83778.75,2025-04-13 19:14,83778.75,WIN,778.00,11.114286
1187,2025-04-13 23:30,LONG,2025-04-13 23:56,84634.84,84563.99,70,300,84564.84,84934.84,2025-04-13 23:59,84564.84,LOSS,-92.00,-1.314286
1188,2025-04-14 03:00,LONG,2025-04-14 03:07,83379.98,83374.26,70,300,83309.98,83679.98,2025-04-14 03:09,83309.98,LOSS,-92.00,-1.314286
1189,2025-04-14 06:30,SHORT,2025-04-14 06:40,84445.73,84564.00,70,400,84515.73,84045.73,2025-04-14 06:41,84515.73,LOSS,-92.00,-1.314286
1190,2025-04-14 07:30,SHORT,2025-04-14 07:45,84348.00,84408.01,70,400,84418.00,83948.00,2025-04-14 07:46,84418.00,LOSS,-92.00,-1.314286
1191,2025-04-14 09:30,LONG,2025-04-14 09:47,84446.04,84434.26,70,300,84376.04,84746.04,2025-04-14 09:51,84746.04,WIN,278.00,3.971429
1192,2025-04-14 11:30,LONG,2025-04-14 11:42,84455.19,84395.99,70,300,84385.19,84755.19,2025-04-14 11:55,84385.19,LOSS,-92.00,-1.314286
1193,2025-04-14 12:30,LONG,2025-04-14 12:48,84504.21,84284.91,70,300,84434.21,84804.21,2025-04-14 12:50,84434.21,LOSS,-92.00,-1.314286
1194,2025-04-14 13:00,LONG,2025-04-14 13:08,84504.21,84427.07,70,300,84434.21,84804.21,2025-04-14 13:14,84434.21,LOSS,-92.00,-1.314286
1195,2025-04-14 13:30,SHORT,2025-04-14 13:38,84700.77,84737.37,70,400,84770.77,84300.77,2025-04-14 14:12,84770.77,LOSS,-92.00,-1.314286
1196,2025-04-14 18:00,SHORT,2025-04-14 18:25,85047.56,85112.01,70,800,85117.56,84247.56,2025-04-14 18:29,85117.56,LOSS,-92.00,-1.314286
1197,2025-04-14 19:00,LONG,2025-04-14 19:01,85009.62,84919.99,70,300,84939.62,85309.62,2025-04-14 19:02,84939.62,LOSS,-92.00,-1.314286
1198,2025-04-14 22:00,SHORT,2025-04-14 22:01,84221.16,84223.63,70,400,84291.16,83821.16,2025-04-14 22:02,84291.16,LOSS,-92.00,-1.314286
1199,2025-04-14 22:30,SHORT,2025-04-14 22:31,84462.00,84492.00,70,400,84532.00,84062.00,2025-04-14 22:52,84532.00,LOSS,-92.00,-1.314286
1200,2025-04-15 02:00,LONG,2025-04-15 02:19,84803.07,84611.70,70,300,84733.07,85103.07,2025-04-15 02:39,84733.07,LOSS,-92.00,-1.314286
1201,2025-04-15 03:00,LONG,2025-04-15 03:27,84741.82,84610.74,70,300,84671.82,85041.82,2025-04-15 03:30,84671.82,LOSS,-92.00,-1.314286
1202,2025-04-15 05:30,LONG,2025-04-15 05:46,84471.58,84379.14,270,300,84201.58,84771.58,2025-04-15 06:07,84771.58,WIN,258.00,0.955556
1203,2025-04-15 06:30,LONG,2025-04-15 06:47,84810.70,84606.90,270,300,84540.70,85110.70,2025-04-15 07:03,85110.70,WIN,258.00,0.955556
1204,2025-04-15 08:00,LONG,2025-04-15 08:03,84863.73,84824.81,70,300,84793.73,85163.73,2025-04-15 08:06,84793.73,LOSS,-92.00,-1.314286
1205,2025-04-15 16:30,LONG,2025-04-15 16:51,85518.15,85421.44,70,300,85448.15,85818.15,2025-04-15 16:52,85448.15,LOSS,-92.00,-1.314286
1206,2025-04-15 22:00,LONG,2025-04-15 22:29,84798.15,84786.55,70,300,84728.15,85098.15,2025-04-15 22:55,84728.15,LOSS,-92.00,-1.314286
1207,2025-04-16 03:00,SHORT,2025-04-16 03:09,84140.00,84231.26,70,600,84210.00,83540.00,2025-04-16 03:18,84210.00,LOSS,-92.00,-1.314286
1208,2025-04-16 19:00,SHORT,2025-04-16 19:15,83877.73,83980.75,70,600,83947.73,83277.73,2025-04-16 19:18,83947.73,LOSS,-92.00,-1.314286
1209,2025-04-20 12:30,LONG,2025-04-20 12:44,84835.43,84754.47,70,300,84765.43,85135.43,2025-04-20 12:49,84765.43,LOSS,-92.00,-1.314286
1210,2025-04-20 17:30,SHORT,2025-04-20 17:40,84249.82,84309.52,220,800,84469.82,83449.82,2025-04-20 18:03,84469.82,LOSS,-257.00,-1.168182
1211,2025-04-21 05:30,SHORT,2025-04-21 05:42,85299.24,85350.56,70,600,85369.24,84699.24,2025-04-21 05:45,85369.24,LOSS,-92.00,-1.314286
1212,2025-04-21 07:30,SHORT,2025-04-21 07:51,87413.08,87440.09,70,400,87483.08,87013.08,2025-04-21 07:52,87483.08,LOSS,-92.00,-1.314286
1213,2025-04-21 18:00,SHORT,2025-04-21 18:24,87091.92,87322.46,70,800,87161.92,86291.92,2025-04-21 18:57,87161.92,LOSS,-92.00,-1.314286
1214,2025-04-21 21:00,LONG,2025-04-21 21:19,88088.37,87951.33,70,300,88018.37,88388.37,2025-04-21 21:21,88018.37,LOSS,-92.00,-1.314286
1215,2025-04-21 21:30,SHORT,2025-04-21 21:44,88164.81,88266.01,70,400,88234.81,87764.81,2025-04-21 21:58,87764.81,WIN,378.00,5.400000
1216,2025-04-21 22:00,LONG,2025-04-21 22:07,87924.81,87910.88,70,300,87854.81,88224.81,2025-04-21 22:09,87854.81,LOSS,-92.00,-1.314286
1217,2025-04-21 23:00,LONG,2025-04-21 23:19,87056.97,86959.69,70,300,86986.97,87356.97,2025-04-21 23:20,86986.97,LOSS,-92.00,-1.314286
1218,2025-04-22 03:00,LONG,2025-04-22 03:12,87247.92,87025.94,70,300,87177.92,87547.92,2025-04-22 03:14,87177.92,LOSS,-92.00,-1.314286
1219,2025-04-22 06:00,LONG,2025-04-22 06:10,87396.22,87351.30,270,300,87126.22,87696.22,2025-04-22 06:29,87696.22,WIN,258.00,0.955556
1220,2025-04-22 08:30,LONG,2025-04-22 08:49,88049.21,87912.50,70,300,87979.21,88349.21,2025-04-22 09:41,88349.21,WIN,278.00,3.971429
1221,2025-04-22 22:00,LONG,2025-04-22 22:15,90814.61,90681.97,70,300,90744.61,91114.61,2025-04-22 22:17,90744.61,LOSS,-92.00,-1.314286
1222,2025-04-23 03:00,SHORT,2025-04-23 03:06,91231.72,91420.00,70,600,91301.72,90631.72,2025-04-23 03:08,91301.72,LOSS,-92.00,-1.314286
1223,2025-04-23 05:30,SHORT,2025-04-23 05:35,93562.99,93724.54,70,600,93632.99,92962.99,2025-04-23 05:47,93632.99,LOSS,-92.00,-1.314286
1224,2025-04-23 07:00,SHORT,2025-04-23 07:08,93016.99,93212.20,70,800,93086.99,92216.99,2025-04-23 07:52,93086.99,LOSS,-92.00,-1.314286
1225,2025-04-23 13:00,SHORT,2025-04-23 13:10,93748.14,93850.90,70,400,93818.14,93348.14,2025-04-23 13:22,93818.14,LOSS,-92.00,-1.314286
1226,2025-04-23 19:00,SHORT,2025-04-23 19:05,93851.40,94042.40,70,600,93921.40,93251.40,2025-04-23 19:07,93921.40,LOSS,-92.00,-1.314286
1227,2025-04-24 06:00,LONG,2025-04-24 06:11,93571.07,93427.65,270,300,93301.07,93871.07,2025-04-24 06:30,93301.07,LOSS,-312.00,-1.155556
1228,2025-04-24 11:30,LONG,2025-04-24 11:52,92456.60,92379.11,70,300,92386.60,92756.60,2025-04-24 12:26,92386.60,LOSS,-92.00,-1.314286
1229,2025-04-24 16:30,LONG,2025-04-24 16:57,92430.89,92297.69,70,300,92360.89,92730.89,2025-04-24 17:01,92360.89,LOSS,-92.00,-1.314286
1230,2025-04-27 06:30,SHORT,2025-04-27 06:49,94990.01,95176.64,70,400,95060.01,94590.01,2025-04-27 07:01,94590.01,WIN,378.00,5.400000
1231,2025-04-28 03:00,SHORT,2025-04-28 03:23,94380.87,94520.49,70,600,94450.87,93780.87,2025-04-28 04:00,93780.87,WIN,578.00,8.257143
1232,2025-04-28 07:30,SHORT,2025-04-28 07:35,93070.00,93160.01,70,400,93140.00,92670.00,2025-04-28 07:36,93140.00,LOSS,-92.00,-1.314286
1233,2025-04-28 17:30,LONG,2025-04-28 17:33,95199.99,95190.00,70,300,95129.99,95499.99,2025-04-28 17:34,95129.99,LOSS,-92.00,-1.314286
1234,2025-04-28 21:30,LONG,2025-04-28 21:59,93713.50,93522.72,70,300,93643.50,94013.50,2025-04-28 22:14,94013.50,WIN,278.00,3.971429
1235,2025-04-29 01:30,LONG,2025-04-29 01:51,94666.73,94560.00,70,300,94596.73,94966.73,2025-04-29 01:57,94596.73,LOSS,-92.00,-1.314286
1236,2025-04-29 06:30,LONG,2025-04-29 06:52,94945.27,94873.48,270,300,94675.27,95245.27,2025-04-29 07:07,95245.27,WIN,258.00,0.955556
1237,2025-04-29 10:00,LONG,2025-04-29 10:14,94538.75,94507.98,70,300,94468.75,94838.75,2025-04-29 10:15,94468.75,LOSS,-92.00,-1.314286
1238,2025-04-29 21:00,LONG,2025-04-29 21:12,94920.81,94769.20,70,300,94850.81,95220.81,2025-04-29 21:25,94850.81,LOSS,-92.00,-1.314286
1239,2025-04-30 06:00,SHORT,2025-04-30 06:24,94376.82,94496.48,70,800,94446.82,93576.82,2025-04-30 06:26,94446.82,LOSS,-92.00,-1.314286
1240,2025-04-30 22:30,SHORT,2025-04-30 22:32,94059.98,94079.99,70,400,94129.98,93659.98,2025-04-30 23:07,94129.98,LOSS,-92.00,-1.314286
1241,2025-04-30 23:30,SHORT,2025-04-30 23:58,94220.39,94360.00,70,600,94290.39,93620.39,2025-05-01 01:32,94290.39,LOSS,-92.00,-1.314286
1242,2025-05-01 03:00,LONG,2025-05-01 03:26,94436.00,94424.10,70,300,94366.00,94736.00,2025-05-01 03:59,94366.00,LOSS,-92.00,-1.314286
1243,2025-05-01 16:30,LONG,2025-05-01 16:49,96049.01,96031.31,70,300,95979.01,96349.01,2025-05-01 16:52,95979.01,LOSS,-92.00,-1.314286
1244,2025-05-04 07:00,LONG,2025-05-04 07:21,95760.95,95616.20,70,300,95690.95,96060.95,2025-05-04 07:25,96060.95,WIN,278.00,3.971429
1245,2025-05-04 19:00,LONG,2025-05-04 19:20,95342.24,95235.24,70,300,95272.24,95642.24,2025-05-04 20:28,95642.24,WIN,278.00,3.971429
1246,2025-05-05 17:30,SHORT,2025-05-05 17:50,94158.19,94248.00,220,800,94378.19,93358.19,2025-05-05 18:31,94378.19,LOSS,-257.00,-1.168182
1247,2025-05-05 19:00,LONG,2025-05-05 19:05,94213.33,94053.92,70,300,94143.33,94513.33,2025-05-05 19:06,94143.33,LOSS,-92.00,-1.314286
1248,2025-05-05 21:00,LONG,2025-05-05 21:29,93759.37,93617.13,70,300,93689.37,94059.37,2025-05-05 21:47,94059.37,WIN,278.00,3.971429
1249,2025-05-06 02:00,LONG,2025-05-06 02:21,94227.16,94005.19,70,300,94157.16,94527.16,2025-05-06 02:41,94527.16,WIN,278.00,3.971429
1250,2025-05-06 08:00,LONG,2025-05-06 08:02,94192.59,94040.00,70,300,94122.59,94492.59,2025-05-06 08:07,94122.59,LOSS,-92.00,-1.314286
1251,2025-05-11 06:30,LONG,2025-05-11 06:35,104308.58,104239.63,270,300,104038.58,104608.58,2025-05-11 07:21,104038.58,LOSS,-312.00,-1.155556
1252,2025-05-11 12:30,LONG,2025-05-11 12:38,103744.52,103628.39,70,300,103674.52,104044.52,2025-05-11 12:39,103674.52,LOSS,-92.00,-1.314286
1253,2025-05-11 18:00,LONG,2025-05-11 18:13,104532.01,104528.00,70,300,104462.01,104832.01,2025-05-11 18:55,104462.01,LOSS,-92.00,-1.314286
1254,2025-05-11 19:00,LONG,2025-05-11 19:08,104481.89,104306.67,70,300,104411.89,104781.89,2025-05-11 19:10,104411.89,LOSS,-92.00,-1.314286
1255,2025-05-11 20:00,SHORT,2025-05-11 20:03,104079.99,104135.91,70,400,104149.99,103679.99,2025-05-11 20:07,104149.99,LOSS,-92.00,-1.314286
1256,2025-05-11 21:00,SHORT,2025-05-11 21:09,104280.00,104430.98,70,400,104350.00,103880.00,2025-05-11 21:11,104350.00,LOSS,-92.00,-1.314286
1257,2025-05-12 01:30,LONG,2025-05-12 01:41,104300.00,104259.05,70,300,104230.00,104600.00,2025-05-12 02:33,104230.00,LOSS,-92.00,-1.314286
1258,2025-05-12 02:30,LONG,2025-05-12 02:48,104149.85,104082.78,70,300,104079.85,104449.85,2025-05-12 03:10,104079.85,LOSS,-92.00,-1.314286
1259,2025-05-12 07:30,SHORT,2025-05-12 07:32,104104.14,104124.50,70,400,104174.14,103704.14,2025-05-12 07:34,104174.14,LOSS,-92.00,-1.314286
1260,2025-05-12 08:00,LONG,2025-05-12 08:21,103864.14,103844.08,70,300,103794.14,104164.14,2025-05-12 08:25,103794.14,LOSS,-92.00,-1.314286
1261,2025-05-12 08:30,LONG,2025-05-12 08:41,103765.73,103761.78,70,300,103695.73,104065.73,2025-05-12 09:22,104065.73,WIN,278.00,3.971429
1262,2025-05-12 13:00,SHORT,2025-05-12 13:16,104504.81,104744.81,70,400,104574.81,104104.81,2025-05-12 13:17,104574.81,LOSS,-92.00,-1.314286
1263,2025-05-12 18:00,SHORT,2025-05-12 18:29,103882.89,104089.04,70,800,103952.89,103082.89,2025-05-12 18:31,103952.89,LOSS,-92.00,-1.314286
1264,2025-05-12 19:00,SHORT,2025-05-12 19:08,104001.14,104234.86,70,600,104071.14,103401.14,2025-05-12 19:11,104071.14,LOSS,-92.00,-1.314286
1265,2025-05-13 02:30,LONG,2025-05-13 02:46,102558.52,102521.39,70,300,102488.52,102858.52,2025-05-13 02:49,102488.52,LOSS,-92.00,-1.314286
1266,2025-05-13 03:00,LONG,2025-05-13 03:09,102558.52,102383.43,70,300,102488.52,102858.52,2025-05-13 03:11,102488.52,LOSS,-92.00,-1.314286
1267,2025-05-13 07:30,LONG,2025-05-13 07:59,102280.48,102179.69,70,300,102210.48,102580.48,2025-05-13 08:00,102210.48,LOSS,-92.00,-1.314286
1268,2025-05-13 08:30,LONG,2025-05-13 08:34,101947.98,101940.00,70,300,101877.98,102247.98,2025-05-13 08:37,101877.98,LOSS,-92.00,-1.314286
1269,2025-05-13 17:30,LONG,2025-05-13 17:58,103609.20,103462.03,70,300,103539.20,103909.20,2025-05-13 18:00,103539.20,LOSS,-92.00,-1.314286
1270,2025-05-13 18:00,LONG,2025-05-13 18:01,103609.20,103459.51,70,300,103539.20,103909.20,2025-05-13 18:02,103909.20,WIN,278.00,3.971429
1271,2025-05-13 19:00,LONG,2025-05-13 19:20,103562.52,103470.99,70,300,103492.52,103862.52,2025-05-13 19:34,103492.52,LOSS,-92.00,-1.314286
1272,2025-05-14 19:00,SHORT,2025-05-14 19:07,104119.99,104193.82,70,600,104189.99,103519.99,2025-05-14 19:09,104189.99,LOSS,-92.00,-1.314286
1273,2025-05-15 19:00,LONG,2025-05-15 19:04,102440.01,102427.82,70,300,102370.01,102740.01,2025-05-15 19:05,102740.01,WIN,278.00,3.971429
1274,2025-05-15 23:30,LONG,2025-05-15 23:40,103848.24,103832.70,70,300,103778.24,104148.24,2025-05-15 23:49,103778.24,LOSS,-92.00,-1.314286
1275,2025-05-18 21:30,LONG,2025-05-18 21:56,105398.00,105320.00,70,300,105328.00,105698.00,2025-05-18 22:25,105698.00,WIN,278.00,3.971429
1276,2025-05-19 00:30,SHORT,2025-05-19 00:58,104618.01,104717.03,70,800,104688.01,103818.01,2025-05-19 01:30,103818.01,WIN,778.00,11.114286
1277,2025-05-19 03:00,SHORT,2025-05-19 03:05,104173.05,104413.04,70,600,104243.05,103573.05,2025-05-19 03:06,104243.05,LOSS,-92.00,-1.314286
1278,2025-05-19 04:30,LONG,2025-05-19 04:34,105808.11,105619.99,70,300,105738.11,106108.11,2025-05-19 04:35,105738.11,LOSS,-92.00,-1.314286
1279,2025-05-19 07:00,LONG,2025-05-19 07:03,105140.88,105056.67,70,300,105070.88,105440.88,2025-05-19 07:07,105070.88,LOSS,-92.00,-1.314286
1280,2025-05-19 10:00,LONG,2025-05-19 10:04,103485.90,103419.99,70,300,103415.90,103785.90,2025-05-19 10:09,103415.90,LOSS,-92.00,-1.314286
1281,2025-05-19 19:00,SHORT,2025-05-19 19:05,102599.94,102681.83,70,600,102669.94,101999.94,2025-05-19 19:06,102669.94,LOSS,-92.00,-1.314286
1282,2025-05-19 21:30,LONG,2025-05-19 21:41,104666.42,104608.75,70,300,104596.42,104966.42,2025-05-19 21:42,104596.42,LOSS,-92.00,-1.314286
1283,2025-05-19 23:00,LONG,2025-05-19 23:05,105236.43,105190.01,70,300,105166.43,105536.43,2025-05-19 23:06,105166.43,LOSS,-92.00,-1.314286
1284,2025-05-19 23:30,LONG,2025-05-19 23:56,105260.96,105093.39,70,300,105190.96,105560.96,2025-05-19 23:57,105190.96,LOSS,-92.00,-1.314286
1285,2025-05-20 03:00,LONG,2025-05-20 03:17,105348.00,105154.79,70,300,105278.00,105648.00,2025-05-20 03:46,105278.00,LOSS,-92.00,-1.314286
1286,2025-05-20 04:00,LONG,2025-05-20 04:13,105354.67,105212.66,70,300,105284.67,105654.67,2025-05-20 04:32,105654.67,WIN,278.00,3.971429
1287,2025-05-20 12:30,LONG,2025-05-20 12:37,105334.55,105290.00,70,300,105264.55,105634.55,2025-05-20 12:39,105634.55,WIN,278.00,3.971429
1288,2025-05-20 16:00,LONG,2025-05-20 16:14,105165.72,105056.66,70,300,105095.72,105465.72,2025-05-20 16:17,105095.72,LOSS,-92.00,-1.314286
1289,2025-05-20 23:30,LONG,2025-05-20 23:55,106080.32,105976.37,70,300,106010.32,106380.32,2025-05-20 23:56,106010.32,LOSS,-92.00,-1.314286
1290,2025-05-21 11:00,SHORT,2025-05-21 11:07,107406.99,107641.55,70,600,107476.99,106806.99,2025-05-21 11:08,107476.99,LOSS,-92.00,-1.314286
1291,2025-05-21 18:00,SHORT,2025-05-21 18:02,106666.43,106769.92,70,800,106736.43,105866.43,2025-05-21 19:06,106736.43,LOSS,-92.00,-1.314286
1292,2025-05-22 03:00,LONG,2025-05-22 03:01,108118.09,108098.49,70,300,108048.09,108418.09,2025-05-22 03:11,108418.09,WIN,278.00,3.971429
1293,2025-05-22 10:00,LONG,2025-05-22 10:13,111660.84,111435.04,70,300,111590.84,111960.84,2025-05-22 10:20,111590.84,LOSS,-92.00,-1.314286
1294,2025-05-22 16:30,LONG,2025-05-22 16:55,110685.23,110592.39,70,300,110615.23,110985.23,2025-05-22 16:56,110615.23,LOSS,-92.00,-1.314286
1295,2025-05-22 19:00,LONG,2025-05-22 19:11,111488.69,111265.75,70,300,111418.69,111788.69,2025-05-22 19:13,111418.69,LOSS,-92.00,-1.314286
1296,2025-05-25 06:00,SHORT,2025-05-25 06:10,107881.90,108110.45,70,800,107951.90,107081.90,2025-05-25 07:00,107951.90,LOSS,-92.00,-1.314286
1297,2025-05-25 17:00,SHORT,2025-05-25 17:03,107066.40,107194.34,70,800,107136.40,106266.40,2025-05-25 17:08,107136.40,LOSS,-92.00,-1.314286
1298,2025-05-25 19:00,SHORT,2025-05-25 19:10,107650.57,107660.00,70,600,107720.57,107050.57,2025-05-25 19:21,107720.57,LOSS,-92.00,-1.314286
1299,2025-05-25 22:00,LONG,2025-05-25 22:04,106847.97,106696.00,70,300,106777.97,107147.97,2025-05-25 22:15,107147.97,WIN,278.00,3.971429
1300,2025-05-26 01:30,LONG,2025-05-26 01:37,107597.02,107580.95,70,300,107527.02,107897.02,2025-05-26 01:40,107527.02,LOSS,-92.00,-1.314286
1301,2025-05-26 03:00,LONG,2025-05-26 03:20,107557.36,107554.44,70,300,107487.36,107857.36,2025-05-26 03:29,107487.36,LOSS,-92.00,-1.314286
1302,2025-05-26 06:30,LONG,2025-05-26 06:56,109420.45,109240.00,270,300,109150.45,109720.45,2025-05-26 07:13,109720.45,WIN,258.00,0.955556
1303,2025-05-26 08:00,LONG,2025-05-26 08:23,109425.45,109412.72,70,300,109355.45,109725.45,2025-05-26 08:26,109355.45,LOSS,-92.00,-1.314286
1304,2025-05-26 10:30,LONG,2025-05-26 10:44,109421.31,109377.71,70,300,109351.31,109721.31,2025-05-26 11:37,109721.31,WIN,278.00,3.971429
1305,2025-05-26 13:00,SHORT,2025-05-26 13:09,110048.37,110088.37,70,400,110118.37,109648.37,2025-05-26 13:30,110118.37,LOSS,-92.00,-1.314286
1306,2025-05-26 18:00,SHORT,2025-05-26 18:29,109892.73,110032.36,70,800,109962.73,109092.73,2025-05-26 18:33,109962.73,LOSS,-92.00,-1.314286
1307,2025-05-26 21:30,SHORT,2025-05-26 21:43,110129.83,110234.07,70,400,110199.83,109729.83,2025-05-26 21:49,109729.83,WIN,378.00,5.400000
1308,2025-05-26 22:30,SHORT,2025-05-26 22:36,109511.37,109512.16,70,400,109581.37,109111.37,2025-05-26 23:16,109111.37,WIN,378.00,5.400000
1309,2025-05-27 03:00,LONG,2025-05-27 03:05,109486.50,109286.45,70,300,109416.50,109786.50,2025-05-27 03:07,109416.50,LOSS,-92.00,-1.314286
1310,2025-05-27 06:00,LONG,2025-05-27 06:05,109314.78,109306.00,270,300,109044.78,109614.78,2025-05-27 06:33,109044.78,LOSS,-312.00,-1.155556
1311,2025-05-27 08:00,LONG,2025-05-27 08:26,108265.32,108247.01,70,300,108195.32,108565.32,2025-05-27 08:33,108565.32,WIN,278.00,3.971429
1312,2025-05-27 23:00,LONG,2025-05-27 23:01,110097.40,110094.95,70,300,110027.40,110397.40,2025-05-27 23:03,110027.40,LOSS,-92.00,-1.314286
1313,2025-05-28 08:30,SHORT,2025-05-28 08:54,108747.41,108811.91,70,800,108817.41,107947.41,2025-05-28 09:04,108817.41,LOSS,-92.00,-1.314286
1314,2025-05-28 22:30,SHORT,2025-05-28 22:56,107540.00,107541.81,70,400,107610.00,107140.00,2025-05-28 22:59,107610.00,LOSS,-92.00,-1.314286
1315,2025-05-29 07:00,LONG,2025-05-29 07:21,108165.31,107940.00,70,300,108095.31,108465.31,2025-05-29 07:35,108095.31,LOSS,-92.00,-1.314286
1316,2025-05-29 07:30,LONG,2025-05-29 07:56,108036.23,107987.78,70,300,107966.23,108336.23,2025-05-29 08:21,108336.23,WIN,278.00,3.971429
1317,2025-05-29 20:30,LONG,2025-05-29 20:39,107502.53,107475.33,70,300,107432.53,107802.53,2025-05-29 20:53,107432.53,LOSS,-92.00,-1.314286
1318,2025-05-29 22:00,LONG,2025-05-29 22:09,106899.90,106808.23,70,300,106829.90,107199.90,2025-05-29 22:12,106829.90,LOSS,-92.00,-1.314286
1319,2025-05-29 23:00,LONG,2025-05-29 23:16,106604.42,106529.39,70,300,106534.42,106904.42,2025-05-29 23:17,106534.42,LOSS,-92.00,-1.314286
1320,2025-06-01 18:00,LONG,2025-06-01 18:12,103962.67,103830.48,70,300,103892.67,104262.67,2025-06-01 18:17,103892.67,LOSS,-92.00,-1.314286
1321,2025-06-02 05:30,LONG,2025-06-02 05:52,105522.93,105435.41,270,300,105252.93,105822.93,2025-06-02 07:38,105252.93,LOSS,-312.00,-1.155556
1322,2025-06-02 13:30,SHORT,2025-06-02 13:39,105507.67,105549.32,70,400,105577.67,105107.67,2025-06-02 13:56,105577.67,LOSS,-92.00,-1.314286
1323,2025-06-02 18:00,SHORT,2025-06-02 18:15,104167.63,104222.50,70,800,104237.63,103367.63,2025-06-02 18:30,104237.63,LOSS,-92.00,-1.314286
1324,2025-06-02 22:00,LONG,2025-06-02 22:26,104318.79,104090.01,70,300,104248.79,104618.79,2025-06-02 22:33,104248.79,LOSS,-92.00,-1.314286
1325,2025-06-02 23:30,SHORT,2025-06-02 23:52,104519.89,104520.37,70,600,104589.89,103919.89,2025-06-02 23:53,104589.89,LOSS,-92.00,-1.314286
1326,2025-06-03 03:00,LONG,2025-06-03 03:07,104758.61,104736.66,70,300,104688.61,105058.61,2025-06-03 03:14,104688.61,LOSS,-92.00,-1.314286
1327,2025-06-03 19:00,LONG,2025-06-03 19:03,105187.94,105104.85,70,300,105117.94,105487.94,2025-06-03 19:05,105117.94,LOSS,-92.00,-1.314286
1328,2025-06-03 21:30,LONG,2025-06-03 21:45,106490.66,106386.27,70,300,106420.66,106790.66,2025-06-03 21:49,106420.66,LOSS,-92.00,-1.314286
1329,2025-06-04 07:30,SHORT,2025-06-04 07:47,105712.90,105782.59,70,400,105782.90,105312.90,2025-06-04 07:49,105782.90,LOSS,-92.00,-1.314286
1330,2025-06-04 19:00,SHORT,2025-06-04 19:13,105159.20,105241.84,70,600,105229.20,104559.20,2025-06-04 19:30,104559.20,WIN,578.00,8.257143
1331,2025-06-05 23:30,LONG,2025-06-05 23:52,103120.04,103093.67,70,300,103050.04,103420.04,2025-06-05 23:53,103050.04,LOSS,-92.00,-1.314286
1332,2025-06-08 19:00,SHORT,2025-06-08 19:21,105841.50,105982.07,70,600,105911.50,105241.50,2025-06-08 20:36,105911.50,LOSS,-92.00,-1.314286
1333,2025-06-08 21:30,SHORT,2025-06-08 21:56,106104.53,106293.49,70,400,106174.53,105704.53,2025-06-08 22:06,106174.53,LOSS,-92.00,-1.314286
1334,2025-06-09 06:00,SHORT,2025-06-09 06:08,105854.01,105941.44,70,800,105924.01,105054.01,2025-06-09 14:25,105924.01,LOSS,-92.00,-1.314286
1335,2025-06-09 18:00,SHORT,2025-06-09 18:16,107879.21,107900.22,70,800,107949.21,107079.21,2025-06-09 19:23,107079.21,WIN,778.00,11.114286
1336,2025-06-09 21:00,SHORT,2025-06-09 21:08,107730.32,107882.79,70,400,107800.32,107330.32,2025-06-09 21:15,107800.32,LOSS,-92.00,-1.314286
1337,2025-06-09 22:00,SHORT,2025-06-09 22:26,107755.91,107995.91,70,400,107825.91,107355.91,2025-06-09 22:33,107825.91,LOSS,-92.00,-1.314286
1338,2025-06-10 05:30,LONG,2025-06-10 05:54,110143.02,109953.99,270,300,109873.02,110443.02,2025-06-10 06:31,109873.02,LOSS,-312.00,-1.155556
1339,2025-06-10 07:30,LONG,2025-06-10 07:56,109668.58,109526.25,70,300,109598.58,109968.58,2025-06-10 08:03,109598.58,LOSS,-92.00,-1.314286
1340,2025-06-10 22:00,LONG,2025-06-10 22:10,108895.41,108891.41,70,300,108825.41,109195.41,2025-06-10 22:16,108825.41,LOSS,-92.00,-1.314286
1341,2025-06-11 12:30,SHORT,2025-06-11 12:36,109715.02,109733.67,70,600,109785.02,109115.02,2025-06-11 17:51,109115.02,WIN,578.00,8.257143
1342,2025-06-11 20:00,SHORT,2025-06-11 20:21,109804.00,110010.94,70,400,109874.00,109404.00,2025-06-11 20:22,109874.00,LOSS,-92.00,-1.314286
1343,2025-06-12 00:30,LONG,2025-06-12 00:38,108687.25,108580.00,70,300,108617.25,108987.25,2025-06-12 01:06,108617.25,LOSS,-92.00,-1.314286
1344,2025-06-12 01:30,LONG,2025-06-12 01:36,108622.37,108554.96,70,300,108552.37,108922.37,2025-06-12 01:44,108922.37,WIN,278.00,3.971429
1345,2025-06-12 04:00,LONG,2025-06-12 04:16,108388.17,108273.38,70,300,108318.17,108688.17,2025-06-12 05:09,108688.17,WIN,278.00,3.971429
1346,2025-06-12 06:00,LONG,2025-06-12 06:09,108525.13,108453.55,270,300,108255.13,108825.13,2025-06-12 08:48,108255.13,LOSS,-312.00,-1.155556
1347,2025-06-12 19:00,LONG,2025-06-12 19:03,106868.55,106796.66,70,300,106798.55,107168.55,2025-06-12 19:05,106798.55,LOSS,-92.00,-1.314286
1348,2025-06-12 23:30,LONG,2025-06-12 23:42,108167.40,108090.16,70,300,108097.40,108467.40,2025-06-12 23:44,108097.40,LOSS,-92.00,-1.314286
1349,2025-06-15 20:00,SHORT,2025-06-15 20:19,105635.97,105668.82,70,400,105705.97,105235.97,2025-06-15 20:20,105705.97,LOSS,-92.00,-1.314286
1350,2025-06-16 01:30,LONG,2025-06-16 01:38,105174.19,105156.45,70,300,105104.19,105474.19,2025-06-16 01:44,105104.19,LOSS,-92.00,-1.314286
1351,2025-06-16 06:00,LONG,2025-06-16 06:03,105474.02,105409.85,270,300,105204.02,105774.02,2025-06-16 06:38,105204.02,LOSS,-312.00,-1.155556
1352,2025-06-16 07:00,LONG,2025-06-16 07:08,105309.32,105105.66,70,300,105239.32,105609.32,2025-06-16 07:14,105609.32,WIN,278.00,3.971429
1353,2025-06-16 11:00,SHORT,2025-06-16 11:28,106506.00,106672.33,70,600,106576.00,105906.00,2025-06-16 11:30,106576.00,LOSS,-92.00,-1.314286
1354,2025-06-16 21:00,LONG,2025-06-16 21:29,107413.50,107327.08,70,300,107343.50,107713.50,2025-06-16 21:32,107343.50,LOSS,-92.00,-1.314286
1355,2025-06-16 22:00,SHORT,2025-06-16 22:16,107544.96,107669.15,70,400,107614.96,107144.96,2025-06-16 22:17,107614.96,LOSS,-92.00,-1.314286
1356,2025-06-17 01:30,LONG,2025-06-17 01:38,108532.01,108453.81,70,300,108462.01,108832.01,2025-06-17 02:27,108832.01,WIN,278.00,3.971429
1357,2025-06-17 07:30,LONG,2025-06-17 07:43,107053.51,107039.00,70,300,106983.51,107353.51,2025-06-17 07:47,106983.51,LOSS,-92.00,-1.314286
1358,2025-06-17 08:00,LONG,2025-06-17 08:21,107053.51,106860.00,70,300,106983.51,107353.51,2025-06-17 08:25,107353.51,WIN,278.00,3.971429
1359,2025-06-17 10:30,LONG,2025-06-17 10:47,107213.64,107152.78,70,300,107143.64,107513.64,2025-06-17 10:53,107143.64,LOSS,-92.00,-1.314286
1360,2025-06-17 13:00,LONG,2025-06-17 13:19,106712.92,106519.48,70,300,106642.92,107012.92,2025-06-17 13:52,106642.92,LOSS,-92.00,-1.314286
1361,2025-06-17 18:00,LONG,2025-06-17 18:25,105521.48,105502.03,70,300,105451.48,105821.48,2025-06-17 18:26,105451.48,LOSS,-92.00,-1.314286
1362,2025-06-17 19:00,LONG,2025-06-17 19:27,105386.99,105287.83,70,300,105316.99,105686.99,2025-06-17 19:32,105316.99,LOSS,-92.00,-1.314286
1363,2025-06-18 06:00,SHORT,2025-06-18 06:15,104671.17,104774.18,70,800,104741.17,103871.17,2025-06-18 06:22,104741.17,LOSS,-92.00,-1.314286
1364,2025-06-18 13:30,SHORT,2025-06-18 13:59,105093.24,105231.79,70,400,105163.24,104693.24,2025-06-18 15:07,104693.24,WIN,378.00,5.400000
1365,2025-06-18 20:00,SHORT,2025-06-18 20:23,104559.82,104588.30,70,400,104629.82,104159.82,2025-06-18 20:27,104629.82,LOSS,-92.00,-1.314286
1366,2025-06-19 02:30,LONG,2025-06-19 02:53,104702.34,104628.88,70,300,104632.34,105002.34,2025-06-19 02:54,104632.34,LOSS,-92.00,-1.314286
1367,2025-06-22 04:30,LONG,2025-06-22 04:42,101652.97,101584.54,70,300,101582.97,101952.97,2025-06-22 04:44,101582.97,LOSS,-92.00,-1.314286
1368,2025-06-22 05:30,LONG,2025-06-22 05:41,102000.02,101962.41,270,300,101730.02,102300.02,2025-06-22 05:49,102300.02,WIN,258.00,0.955556
1369,2025-06-22 07:30,SHORT,2025-06-22 07:36,102507.01,102597.37,70,400,102577.01,102107.01,2025-06-22 07:40,102107.01,WIN,378.00,5.400000
1370,2025-06-22 21:00,LONG,2025-06-22 21:02,99508.29,99466.34,70,300,99438.29,99808.29,2025-06-22 21:08,99438.29,LOSS,-92.00,-1.314286
1371,2025-06-22 21:30,SHORT,2025-06-22 21:41,99026.21,99249.35,70,400,99096.21,98626.21,2025-06-22 21:43,99096.21,LOSS,-92.00,-1.314286
1372,2025-06-22 22:00,SHORT,2025-06-22 22:07,99026.21,99033.66,70,400,99096.21,98626.21,2025-06-22 22:08,99096.21,LOSS,-92.00,-1.314286
1373,2025-06-23 00:00,SHORT,2025-06-23 00:26,99600.01,99744.86,220,800,99820.01,98800.01,2025-06-23 01:20,98800.01,WIN,763.00,3.468182
1374,2025-06-23 02:00,LONG,2025-06-23 02:01,98762.85,98571.21,70,300,98692.85,99062.85,2025-06-23 02:02,98692.85,LOSS,-92.00,-1.314286
1375,2025-06-23 02:30,LONG,2025-06-23 02:36,99416.00,99400.00,70,300,99346.00,99716.00,2025-06-23 02:39,99346.00,LOSS,-92.00,-1.314286
1376,2025-06-23 06:00,LONG,2025-06-23 06:08,100843.87,100603.87,270,300,100573.87,101143.87,2025-06-23 06:13,101143.87,WIN,258.00,0.955556
1377,2025-06-23 13:00,LONG,2025-06-23 13:04,101820.28,101777.00,70,300,101750.28,102120.28,2025-06-23 13:12,101750.28,LOSS,-92.00,-1.314286
1378,2025-06-23 16:00,LONG,2025-06-23 16:21,101447.66,101217.01,70,300,101377.66,101747.66,2025-06-23 16:35,101377.66,LOSS,-92.00,-1.314286
1379,2025-06-23 18:00,SHORT,2025-06-23 18:13,101409.00,101472.06,70,800,101479.00,100609.00,2025-06-23 18:17,101479.00,LOSS,-92.00,-1.314286
1380,2025-06-23 19:00,LONG,2025-06-23 19:06,101564.70,101324.70,70,300,101494.70,101864.70,2025-06-23 19:07,101494.70,LOSS,-92.00,-1.314286
1381,2025-06-23 22:30,LONG,2025-06-23 22:31,100572.10,100561.69,270,300,100302.10,100872.10,2025-06-23 22:34,100872.10,WIN,258.00,0.955556
1382,2025-06-24 09:30,LONG,2025-06-24 09:50,104799.60,104722.13,70,300,104729.60,105099.60,2025-06-24 10:44,105099.60,WIN,278.00,3.971429
1383,2025-06-24 12:30,LONG,2025-06-24 12:46,105535.23,105451.00,70,300,105465.23,105835.23,2025-06-24 13:00,105465.23,LOSS,-92.00,-1.314286
1384,2025-06-24 19:00,LONG,2025-06-24 19:02,105085.47,105030.27,70,300,105015.47,105385.47,2025-06-24 19:03,105015.47,LOSS,-92.00,-1.314286
1385,2025-06-24 21:00,LONG,2025-06-24 21:21,105397.50,105371.92,70,300,105327.50,105697.50,2025-06-24 21:23,105327.50,LOSS,-92.00,-1.314286
1386,2025-06-24 23:00,LONG,2025-06-24 23:18,106105.25,105930.00,70,300,106035.25,106405.25,2025-06-24 23:25,106035.25,LOSS,-92.00,-1.314286
1387,2025-06-25 22:00,SHORT,2025-06-25 22:04,107147.99,107367.46,70,400,107217.99,106747.99,2025-06-25 22:07,107217.99,LOSS,-92.00,-1.314286
1388,2025-06-26 01:30,LONG,2025-06-26 01:38,107641.67,107514.76,70,300,107571.67,107941.67,2025-06-26 02:33,107941.67,WIN,278.00,3.971429
1389,2025-06-26 18:00,LONG,2025-06-26 18:05,107205.42,107061.57,70,300,107135.42,107505.42,2025-06-26 18:23,107135.42,LOSS,-92.00,-1.314286
1390,2025-06-26 21:00,LONG,2025-06-26 21:29,107316.60,107155.50,70,300,107246.60,107616.60,2025-06-26 21:36,107246.60,LOSS,-92.00,-1.314286
1391,2025-06-26 22:00,LONG,2025-06-26 22:22,107193.61,107050.94,70,300,107123.61,107493.61,2025-06-26 22:23,107123.61,LOSS,-92.00,-1.314286
1392,2025-06-30 06:30,LONG,2025-06-30 06:47,108593.80,108429.99,270,300,108323.80,108893.80,2025-06-30 10:25,108323.80,LOSS,-312.00,-1.155556
1393,2025-06-30 22:00,LONG,2025-06-30 22:11,107460.47,107447.94,70,300,107390.47,107760.47,2025-06-30 23:12,107760.47,WIN,278.00,3.971429
1394,2025-07-01 07:00,LONG,2025-07-01 07:28,107257.03,107180.00,70,300,107187.03,107557.03,2025-07-01 08:18,107187.03,LOSS,-92.00,-1.314286
1395,2025-07-02 20:00,SHORT,2025-07-02 20:14,107888.21,108019.35,70,400,107958.21,107488.21,2025-07-02 20:17,107958.21,LOSS,-92.00,-1.314286
1396,2025-07-03 20:30,LONG,2025-07-03 20:55,109598.57,109584.69,70,300,109528.57,109898.57,2025-07-03 21:00,109528.57,LOSS,-92.00,-1.314286
1397,2025-07-08 01:30,LONG,2025-07-08 01:39,107936.67,107906.75,70,300,107866.67,108236.67,2025-07-08 02:51,107866.67,LOSS,-92.00,-1.314286
1398,2025-07-08 06:30,LONG,2025-07-08 06:37,108179.99,108165.00,270,300,107909.99,108479.99,2025-07-08 07:12,107909.99,LOSS,-312.00,-1.155556
1399,2025-07-08 08:00,LONG,2025-07-08 08:21,107585.03,107580.00,70,300,107515.03,107885.03,2025-07-08 08:54,107885.03,WIN,278.00,3.971429
1400,2025-07-09 11:00,SHORT,2025-07-09 11:16,108673.60,108849.20,70,600,108743.60,108073.60,2025-07-09 11:18,108743.60,LOSS,-92.00,-1.314286
1401,2025-07-10 17:30,LONG,2025-07-10 17:57,110899.99,110805.26,70,300,110829.99,111199.99,2025-07-10 18:03,110829.99,LOSS,-92.00,-1.314286
1402,2025-07-10 19:00,LONG,2025-07-10 19:06,110749.00,110679.99,70,300,110679.00,111049.00,2025-07-10 19:12,110679.00,LOSS,-92.00,-1.314286
1403,2025-07-10 23:30,LONG,2025-07-10 23:51,113602.83,113428.23,70,300,113532.83,113902.83,2025-07-10 23:52,113532.83,LOSS,-92.00,-1.314286
1404,2025-07-13 18:00,SHORT,2025-07-13 18:21,118192.01,118349.53,70,800,118262.01,117392.01,2025-07-13 18:22,118262.01,LOSS,-92.00,-1.314286
1405,2025-07-13 20:00,SHORT,2025-07-13 20:14,118730.00,118810.97,70,400,118800.00,118330.00,2025-07-13 20:15,118800.00,LOSS,-92.00,-1.314286
1406,2025-07-14 06:00,SHORT,2025-07-14 06:24,119206.65,119276.17,70,800,119276.65,118406.65,2025-07-14 07:52,119276.65,LOSS,-92.00,-1.314286
1407,2025-07-14 11:30,LONG,2025-07-14 11:50,122341.99,122139.99,70,300,122271.99,122641.99,2025-07-14 12:00,122271.99,LOSS,-92.00,-1.314286
1408,2025-07-14 12:30,SHORT,2025-07-14 12:44,122250.99,122418.40,70,600,122320.99,121650.99,2025-07-14 12:49,122320.99,LOSS,-92.00,-1.314286
1409,2025-07-14 16:30,LONG,2025-07-14 16:39,121785.48,121770.65,70,300,121715.48,122085.48,2025-07-14 16:43,121715.48,LOSS,-92.00,-1.314286
1410,2025-07-14 17:30,SHORT,2025-07-14 17:35,121587.23,121715.55,220,800,121807.23,120787.23,2025-07-14 17:42,121807.23,LOSS,-257.00,-1.168182
1411,2025-07-14 19:00,LONG,2025-07-14 19:12,121798.01,121605.41,70,300,121728.01,122098.01,2025-07-14 19:13,121728.01,LOSS,-92.00,-1.314286
1412,2025-07-14 22:00,LONG,2025-07-14 22:17,119758.22,119695.11,70,300,119688.22,120058.22,2025-07-14 22:21,120058.22,WIN,278.00,3.971429
1413,2025-07-15 01:30,LONG,2025-07-15 01:40,119819.42,119729.39,70,300,119749.42,120119.42,2025-07-15 01:43,119749.42,LOSS,-92.00,-1.314286
1414,2025-07-15 04:30,LONG,2025-07-15 04:37,119937.01,119936.79,70,300,119867.01,120237.01,2025-07-15 04:47,119867.01,LOSS,-92.00,-1.314286
1415,2025-07-15 07:00,LONG,2025-07-15 07:09,119377.93,119177.22,70,300,119307.93,119677.93,2025-07-15 07:14,119307.93,LOSS,-92.00,-1.314286
1416,2025-07-15 18:00,LONG,2025-07-15 18:01,116993.98,116958.47,70,300,116923.98,117293.98,2025-07-15 18:02,117293.98,WIN,278.00,3.971429
1417,2025-07-15 23:30,LONG,2025-07-15 23:52,117253.00,117178.46,70,300,117183.00,117553.00,2025-07-15 23:53,117183.00,LOSS,-92.00,-1.314286
1418,2025-07-16 01:30,SHORT,2025-07-16 01:47,116536.07,116642.38,70,800,116606.07,115736.07,2025-07-16 01:57,116606.07,LOSS,-92.00,-1.314286
1419,2025-07-16 18:00,SHORT,2025-07-16 18:18,118889.06,119060.00,70,800,118959.06,118089.06,2025-07-16 20:19,118959.06,LOSS,-92.00,-1.314286
1420,2025-07-16 23:30,SHORT,2025-07-16 23:49,119193.35,119323.96,70,600,119263.35,118593.35,2025-07-17 00:00,119263.35,LOSS,-92.00,-1.314286
1421,2025-07-17 01:30,LONG,2025-07-17 01:43,119110.16,118960.00,70,300,119040.16,119410.16,2025-07-17 01:54,119410.16,WIN,278.00,3.971429
1422,2025-07-17 08:30,LONG,2025-07-17 08:38,118210.58,118106.20,70,300,118140.58,118510.58,2025-07-17 08:39,118140.58,LOSS,-92.00,-1.314286
1423,2025-07-17 13:00,LONG,2025-07-17 13:10,118332.51,118092.51,70,300,118262.51,118632.51,2025-07-17 13:32,118262.51,LOSS,-92.00,-1.314286
1424,2025-07-17 16:30,LONG,2025-07-17 16:34,118220.00,118203.30,70,300,118150.00,118520.00,2025-07-17 17:02,118150.00,LOSS,-92.00,-1.314286
1425,2025-07-17 17:30,LONG,2025-07-17 17:41,117875.00,117853.66,70,300,117805.00,118175.00,2025-07-17 17:44,117805.00,LOSS,-92.00,-1.314286
1426,2025-07-17 18:00,LONG,2025-07-17 18:12,117875.00,117732.00,70,300,117805.00,118175.00,2025-07-17 18:19,118175.00,WIN,278.00,3.971429
1427,2025-07-17 19:00,LONG,2025-07-17 19:05,117747.08,117658.40,70,300,117677.08,118047.08,2025-07-17 19:14,117677.08,LOSS,-92.00,-1.314286
1428,2025-07-17 20:30,LONG,2025-07-17 20:55,118650.94,118474.20,70,300,118580.94,118950.94,2025-07-17 20:57,118580.94,LOSS,-92.00,-1.314286
1429,2025-07-17 21:00,LONG,2025-07-17 21:06,118650.94,118519.00,70,300,118580.94,118950.94,2025-07-17 21:11,118950.94,WIN,278.00,3.971429
1430,2025-07-20 00:30,LONG,2025-07-20 00:44,117739.10,117668.00,70,300,117669.10,118039.10,2025-07-20 01:12,118039.10,WIN,278.00,3.971429
1431,2025-07-20 03:00,LONG,2025-07-20 03:06,117600.00,117476.56,70,300,117530.00,117900.00,2025-07-20 03:07,117530.00,LOSS,-92.00,-1.314286
1432,2025-07-20 20:00,SHORT,2025-07-20 20:03,118537.35,118637.77,70,400,118607.35,118137.35,2025-07-20 20:09,118607.35,LOSS,-92.00,-1.314286
1433,2025-07-20 21:00,SHORT,2025-07-20 21:13,118588.41,118707.38,70,400,118658.41,118188.41,2025-07-20 21:18,118658.41,LOSS,-92.00,-1.314286
1434,2025-07-20 22:00,SHORT,2025-07-20 22:14,118791.12,118825.00,70,400,118861.12,118391.12,2025-07-20 22:31,118391.12,WIN,378.00,5.400000
1435,2025-07-21 02:30,LONG,2025-07-21 02:44,117967.67,117903.00,70,300,117897.67,118267.67,2025-07-21 02:49,117897.67,LOSS,-92.00,-1.314286
1436,2025-07-21 04:30,LONG,2025-07-21 04:36,117359.92,117298.07,70,300,117289.92,117659.92,2025-07-21 04:37,117289.92,LOSS,-92.00,-1.314286
1437,2025-07-21 06:00,LONG,2025-07-21 06:11,117145.11,116917.35,270,300,116875.11,117445.11,2025-07-21 07:06,116875.11,LOSS,-312.00,-1.155556
1438,2025-07-21 07:00,LONG,2025-07-21 07:26,117232.05,117081.62,70,300,117162.05,117532.05,2025-07-21 07:37,117532.05,WIN,278.00,3.971429
1439,2025-07-21 13:00,SHORT,2025-07-21 13:12,119289.26,119522.62,70,400,119359.26,118889.26,2025-07-21 13:17,119359.26,LOSS,-92.00,-1.314286
1440,2025-07-21 16:00,LONG,2025-07-21 16:16,118570.05,118460.00,70,300,118500.05,118870.05,2025-07-21 17:05,118500.05,LOSS,-92.00,-1.314286
1441,2025-07-21 22:30,SHORT,2025-07-21 22:45,117858.44,118008.90,70,400,117928.44,117458.44,2025-07-21 22:46,117928.44,LOSS,-92.00,-1.314286
1442,2025-07-22 07:30,LONG,2025-07-22 07:52,117630.01,117590.00,70,300,117560.01,117930.01,2025-07-22 07:54,117560.01,LOSS,-92.00,-1.314286
1443,2025-07-22 19:00,LONG,2025-07-22 19:07,119173.70,119094.76,70,300,119103.70,119473.70,2025-07-22 19:08,119103.70,LOSS,-92.00,-1.314286
1444,2025-07-22 21:00,LONG,2025-07-22 21:03,118940.01,118817.53,70,300,118870.01,119240.01,2025-07-22 21:14,118870.01,LOSS,-92.00,-1.314286
1445,2025-07-23 18:30,SHORT,2025-07-23 18:35,118100.69,118159.87,70,800,118170.69,117300.69,2025-07-23 18:36,118170.69,LOSS,-92.00,-1.314286
1446,2025-07-24 02:30,LONG,2025-07-24 02:52,117780.00,117722.24,70,300,117710.00,118080.00,2025-07-24 02:53,117710.00,LOSS,-92.00,-1.314286
1447,2025-07-24 03:00,LONG,2025-07-24 03:09,117780.00,117749.79,70,300,117710.00,118080.00,2025-07-24 03:23,118080.00,WIN,278.00,3.971429
1448,2025-07-24 16:00,LONG,2025-07-24 16:26,118387.07,118288.53,70,300,118317.07,118687.07,2025-07-24 16:35,118317.07,LOSS,-92.00,-1.314286
1449,2025-07-24 17:30,LONG,2025-07-24 17:55,118480.00,118368.61,70,300,118410.00,118780.00,2025-07-24 18:05,118410.00,LOSS,-92.00,-1.314286
1450,2025-07-24 18:00,LONG,2025-07-24 18:27,118480.00,118368.33,70,300,118410.00,118780.00,2025-07-24 19:24,118410.00,LOSS,-92.00,-1.314286
1451,2025-07-24 19:00,LONG,2025-07-24 19:26,118411.43,118367.53,70,300,118341.43,118711.43,2025-07-24 19:27,118341.43,LOSS,-92.00,-1.314286
1452,2025-07-24 21:30,LONG,2025-07-24 21:51,118972.65,118740.00,70,300,118902.65,119272.65,2025-07-24 21:52,118902.65,LOSS,-92.00,-1.314286
1453,2025-07-27 23:30,SHORT,2025-07-27 23:39,119316.68,119355.70,70,600,119386.68,118716.68,2025-07-28 02:28,118716.68,WIN,578.00,8.257143
1454,2025-07-28 19:00,LONG,2025-07-28 19:09,118725.23,118511.14,70,300,118655.23,119025.23,2025-07-28 19:11,119025.23,WIN,278.00,3.971429
1455,2025-07-28 22:00,SHORT,2025-07-28 22:07,118294.89,118363.55,70,400,118364.89,117894.89,2025-07-28 22:19,118364.89,LOSS,-92.00,-1.314286
1456,2025-07-29 02:00,LONG,2025-07-29 02:06,117948.73,117802.17,70,300,117878.73,118248.73,2025-07-29 02:08,117878.73,LOSS,-92.00,-1.314286
1457,2025-07-29 22:00,LONG,2025-07-29 22:11,117280.02,117219.18,70,300,117210.02,117580.02,2025-07-29 22:15,117580.02,WIN,278.00,3.971429
1458,2025-07-30 00:30,SHORT,2025-07-30 00:52,117726.74,117860.74,70,800,117796.74,116926.74,2025-07-30 01:51,117796.74,LOSS,-92.00,-1.314286
1459,2025-07-30 01:30,SHORT,2025-07-30 01:57,117645.28,117800.00,70,800,117715.28,116845.28,2025-07-30 03:32,117715.28,LOSS,-92.00,-1.314286
1460,2025-07-30 18:00,SHORT,2025-07-30 18:01,117699.99,117718.84,70,800,117769.99,116899.99,2025-07-30 18:09,117769.99,LOSS,-92.00,-1.314286
1461,2025-07-30 23:30,SHORT,2025-07-30 23:31,117922.11,118010.00,70,600,117992.11,117322.11,2025-07-31 00:10,117322.11,WIN,578.00,8.257143
1462,2025-07-31 06:30,LONG,2025-07-31 06:59,118295.80,118182.39,270,300,118025.80,118595.80,2025-07-31 07:24,118025.80,LOSS,-312.00,-1.155556
1463,2025-07-31 19:00,LONG,2025-07-31 19:10,118506.19,118266.19,70,300,118436.19,118806.19,2025-07-31 19:13,118436.19,LOSS,-92.00,-1.314286
1464,2025-08-03 03:00,SHORT,2025-08-03 03:17,112900.00,112922.02,70,600,112970.00,112300.00,2025-08-03 03:18,112970.00,LOSS,-92.00,-1.314286
1465,2025-08-03 04:00,LONG,2025-08-03 04:03,112739.32,112651.63,70,300,112669.32,113039.32,2025-08-03 04:41,112669.32,LOSS,-92.00,-1.314286
1466,2025-08-03 05:30,LONG,2025-08-03 05:55,112426.35,112406.04,270,300,112156.35,112726.35,2025-08-03 06:07,112156.35,LOSS,-312.00,-1.155556
1467,2025-08-03 07:00,SHORT,2025-08-03 07:17,113076.04,113201.46,70,800,113146.04,112276.04,2025-08-03 07:27,113146.04,LOSS,-92.00,-1.314286
1468,2025-08-03 16:30,SHORT,2025-08-03 16:59,114019.99,114080.01,70,600,114089.99,113419.99,2025-08-03 18:23,114089.99,LOSS,-92.00,-1.314286
1469,2025-08-04 04:00,LONG,2025-08-04 04:18,114315.46,114252.24,70,300,114245.46,114615.46,2025-08-04 05:02,114245.46,LOSS,-92.00,-1.314286
1470,2025-08-04 19:00,LONG,2025-08-04 19:05,114324.36,114140.42,70,300,114254.36,114624.36,2025-08-04 19:13,114624.36,WIN,278.00,3.971429
1471,2025-08-04 20:00,SHORT,2025-08-04 20:14,115033.89,115263.60,70,400,115103.89,114633.89,2025-08-04 20:19,115103.89,LOSS,-92.00,-1.314286
1472,2025-08-05 13:00,LONG,2025-08-05 13:10,114058.64,114035.30,70,300,113988.64,114358.64,2025-08-05 13:12,113988.64,LOSS,-92.00,-1.314286
1473,2025-08-05 20:30,LONG,2025-08-05 20:33,112917.12,112908.09,70,300,112847.12,113217.12,2025-08-05 20:39,113217.12,WIN,278.00,3.971429
1474,2025-08-05 21:00,LONG,2025-08-05 21:01,112917.12,112889.11,70,300,112847.12,113217.12,2025-08-05 21:05,112847.12,LOSS,-92.00,-1.314286
1475,2025-08-06 17:00,SHORT,2025-08-06 17:25,114187.20,114367.85,70,800,114257.20,113387.20,2025-08-06 17:30,114257.20,LOSS,-92.00,-1.314286
1476,2025-08-06 19:00,SHORT,2025-08-06 19:13,114034.31,114185.84,70,600,114104.31,113434.31,2025-08-06 19:14,114104.31,LOSS,-92.00,-1.314286
1477,2025-08-10 10:30,LONG,2025-08-10 10:43,118365.45,118288.10,70,300,118295.45,118665.45,2025-08-10 10:44,118295.45,LOSS,-92.00,-1.314286
1478,2025-08-10 12:00,LONG,2025-08-10 12:12,117925.00,117801.05,70,300,117855.00,118225.00,2025-08-10 12:34,118225.00,WIN,278.00,3.971429
1479,2025-08-11 02:00,LONG,2025-08-11 02:10,118543.09,118328.00,70,300,118473.09,118843.09,2025-08-11 02:28,118473.09,LOSS,-92.00,-1.314286
1480,2025-08-11 06:00,LONG,2025-08-11 06:19,119174.27,119140.00,270,300,118904.27,119474.27,2025-08-11 07:02,119474.27,WIN,258.00,0.955556
1481,2025-08-11 16:30,LONG,2025-08-11 16:37,121064.84,120938.00,70,300,120994.84,121364.84,2025-08-11 16:41,120994.84,LOSS,-92.00,-1.314286
1482,2025-08-11 20:00,SHORT,2025-08-11 20:11,120129.99,120169.06,70,400,120199.99,119729.99,2025-08-11 20:12,120199.99,LOSS,-92.00,-1.314286
1483,2025-08-11 21:30,SHORT,2025-08-11 21:55,120434.40,120450.14,70,400,120504.40,120034.40,2025-08-11 21:56,120504.40,LOSS,-92.00,-1.314286
1484,2025-08-11 22:00,SHORT,2025-08-11 22:04,120434.40,120592.00,70,400,120504.40,120034.40,2025-08-11 22:11,120034.40,WIN,378.00,5.400000
1485,2025-08-11 23:00,LONG,2025-08-11 23:07,119833.65,119790.00,70,300,119763.65,120133.65,2025-08-11 23:09,119763.65,LOSS,-92.00,-1.314286
1486,2025-08-12 04:00,LONG,2025-08-12 04:02,118592.61,118389.96,70,300,118522.61,118892.61,2025-08-12 04:21,118892.61,WIN,278.00,3.971429
1487,2025-08-12 08:30,LONG,2025-08-12 08:38,118934.14,118915.46,70,300,118864.14,119234.14,2025-08-12 09:13,118864.14,LOSS,-92.00,-1.314286
1488,2025-08-12 16:30,LONG,2025-08-12 16:46,118329.99,118302.90,70,300,118259.99,118629.99,2025-08-12 17:03,118629.99,WIN,278.00,3.971429
1489,2025-08-12 17:30,LONG,2025-08-12 17:54,118402.22,118302.90,70,300,118332.22,118702.22,2025-08-12 18:00,118702.22,WIN,278.00,3.971429
1490,2025-08-12 23:00,LONG,2025-08-12 23:11,119527.69,119497.04,70,300,119457.69,119827.69,2025-08-12 23:14,119457.69,LOSS,-92.00,-1.314286
1491,2025-08-13 19:00,SHORT,2025-08-13 19:10,120393.72,120572.21,70,600,120463.72,119793.72,2025-08-13 19:16,120463.72,LOSS,-92.00,-1.314286
1492,2025-08-14 01:30,LONG,2025-08-14 01:36,122624.22,122479.47,70,300,122554.22,122924.22,2025-08-14 02:19,122924.22,WIN,278.00,3.971429
1493,2025-08-14 07:00,LONG,2025-08-14 07:04,123727.82,123586.46,70,300,123657.82,124027.82,2025-08-14 07:06,123657.82,LOSS,-92.00,-1.314286
1494,2025-08-14 17:30,LONG,2025-08-14 17:53,120829.66,120598.67,70,300,120759.66,121129.66,2025-08-14 17:59,121129.66,WIN,278.00,3.971429
1495,2025-08-14 23:30,LONG,2025-08-14 23:39,117800.14,117766.79,70,300,117730.14,118100.14,2025-08-14 23:42,117730.14,LOSS,-92.00,-1.314286
1496,2025-08-18 00:30,SHORT,2025-08-18 00:48,117662.01,117681.53,70,800,117732.01,116862.01,2025-08-18 00:58,117732.01,LOSS,-92.00,-1.314286
1497,2025-08-18 06:00,LONG,2025-08-18 06:11,117285.01,117183.75,270,300,117015.01,117585.01,2025-08-18 06:59,117015.01,LOSS,-312.00,-1.155556
1498,2025-08-18 19:00,LONG,2025-08-18 19:13,115400.00,115332.19,70,300,115330.00,115700.00,2025-08-18 19:15,115330.00,LOSS,-92.00,-1.314286
1499,2025-08-18 20:00,SHORT,2025-08-18 20:16,114959.14,115199.14,70,400,115029.14,114559.14,2025-08-18 20:18,115029.14,LOSS,-92.00,-1.314286
1500,2025-08-18 21:00,SHORT,2025-08-18 21:13,115753.72,115762.00,70,400,115823.72,115353.72,2025-08-18 21:16,115823.72,LOSS,-92.00,-1.314286
1501,2025-08-18 22:00,LONG,2025-08-18 22:04,116025.34,115990.00,70,300,115955.34,116325.34,2025-08-18 22:05,115955.34,LOSS,-92.00,-1.314286
1502,2025-08-19 02:00,LONG,2025-08-19 02:18,116194.00,116140.00,70,300,116124.00,116494.00,2025-08-19 02:35,116494.00,WIN,278.00,3.971429
1503,2025-08-19 05:30,LONG,2025-08-19 05:54,116107.05,115976.28,270,300,115837.05,116407.05,2025-08-19 06:00,115837.05,LOSS,-312.00,-1.155556
1504,2025-08-19 06:00,LONG,2025-08-19 06:05,116107.05,115944.28,270,300,115837.05,116407.05,2025-08-19 06:21,116407.05,WIN,258.00,0.955556
1505,2025-08-19 13:00,LONG,2025-08-19 13:08,114899.99,114696.00,70,300,114829.99,115199.99,2025-08-19 13:12,114829.99,LOSS,-92.00,-1.314286
1506,2025-08-19 19:00,LONG,2025-08-19 19:04,115480.00,115422.39,70,300,115410.00,115780.00,2025-08-19 19:05,115410.00,LOSS,-92.00,-1.314286
1507,2025-08-19 22:00,LONG,2025-08-19 22:08,113666.39,113537.58,70,300,113596.39,113966.39,2025-08-19 22:09,113596.39,LOSS,-92.00,-1.314286
1508,2025-08-20 00:30,SHORT,2025-08-20 00:52,113189.61,113197.11,70,800,113259.61,112389.61,2025-08-20 00:54,113259.61,LOSS,-92.00,-1.314286
1509,2025-08-20 21:00,SHORT,2025-08-20 21:23,113585.84,113748.00,70,400,113655.84,113185.84,2025-08-20 21:45,113655.84,LOSS,-92.00,-1.314286
1510,2025-08-20 22:30,SHORT,2025-08-20 22:44,113959.99,114131.76,70,400,114029.99,113559.99,2025-08-20 22:51,114029.99,LOSS,-92.00,-1.314286
1511,2025-08-21 03:00,LONG,2025-08-21 03:11,114250.00,114110.00,70,300,114180.00,114550.00,2025-08-21 04:15,114550.00,WIN,278.00,3.971429
1512,2025-08-21 06:30,LONG,2025-08-21 06:55,114172.14,114133.10,270,300,113902.14,114472.14,2025-08-21 07:22,114472.14,WIN,258.00,0.955556
1513,2025-08-21 10:30,LONG,2025-08-21 10:45,113680.01,113673.84,70,300,113610.01,113980.01,2025-08-21 11:16,113980.01,WIN,278.00,3.971429
1514,2025-08-21 12:00,LONG,2025-08-21 12:25,113875.12,113635.12,70,300,113805.12,114175.12,2025-08-21 12:27,113805.12,LOSS,-92.00,-1.314286
1515,2025-08-21 18:00,LONG,2025-08-21 18:19,113028.65,112993.62,70,300,112958.65,113328.65,2025-08-21 18:21,112958.65,LOSS,-92.00,-1.314286
1516,2025-08-21 22:00,LONG,2025-08-21 22:08,112672.08,112609.47,70,300,112602.08,112972.08,2025-08-21 22:13,112602.08,LOSS,-92.00,-1.314286
1517,2025-08-24 07:30,SHORT,2025-08-24 07:40,115593.99,115624.50,70,400,115663.99,115193.99,2025-08-24 08:11,115193.99,WIN,378.00,5.400000
1518,2025-08-25 00:00,SHORT,2025-08-25 00:28,114543.43,114661.22,220,800,114763.43,113743.43,2025-08-25 01:00,114763.43,LOSS,-257.00,-1.168182
1519,2025-08-25 02:30,LONG,2025-08-25 02:40,112650.39,112627.88,70,300,112580.39,112950.39,2025-08-25 03:01,112950.39,WIN,278.00,3.971429
1520,2025-08-25 04:00,LONG,2025-08-25 04:05,112868.40,112781.58,70,300,112798.40,113168.40,2025-08-25 04:08,113168.40,WIN,278.00,3.971429
1521,2025-08-25 05:30,LONG,2025-08-25 05:48,113373.59,113332.97,270,300,113103.59,113673.59,2025-08-25 05:57,113103.59,LOSS,-312.00,-1.155556
1522,2025-08-25 07:00,SHORT,2025-08-25 07:14,112765.10,112975.90,70,800,112835.10,111965.10,2025-08-25 07:15,112835.10,LOSS,-92.00,-1.314286
1523,2025-08-25 08:30,SHORT,2025-08-25 08:43,113532.36,113664.55,70,800,113602.36,112732.36,2025-08-25 09:50,112732.36,WIN,778.00,11.114286
1524,2025-08-25 10:00,LONG,2025-08-25 10:01,112796.84,112699.52,70,300,112726.84,113096.84,2025-08-25 10:02,112726.84,LOSS,-92.00,-1.314286
1525,2025-08-25 12:30,SHORT,2025-08-25 12:47,112049.87,112116.60,70,600,112119.87,111449.87,2025-08-25 13:23,111449.87,WIN,578.00,8.257143
1526,2025-08-25 13:30,SHORT,2025-08-25 13:52,111631.56,111644.05,70,400,111701.56,111231.56,2025-08-25 14:07,111701.56,LOSS,-92.00,-1.314286
1527,2025-08-25 19:00,LONG,2025-08-25 19:27,111466.30,111394.82,70,300,111396.30,111766.30,2025-08-25 19:30,111396.30,LOSS,-92.00,-1.314286
1528,2025-08-25 20:30,LONG,2025-08-25 20:46,112140.01,111947.69,70,300,112070.01,112440.01,2025-08-25 20:55,112440.01,WIN,278.00,3.971429
1529,2025-08-26 00:30,LONG,2025-08-26 00:36,112282.90,112214.53,70,300,112212.90,112582.90,2025-08-26 00:44,112212.90,LOSS,-92.00,-1.314286
1530,2025-08-26 08:00,LONG,2025-08-26 08:18,109777.21,109666.14,70,300,109707.21,110077.21,2025-08-26 08:19,109707.21,LOSS,-92.00,-1.314286
1531,2025-08-26 08:30,LONG,2025-08-26 08:47,109590.96,109520.00,70,300,109520.96,109890.96,2025-08-26 08:53,109890.96,WIN,278.00,3.971429
1532,2025-08-26 12:00,LONG,2025-08-26 12:09,110076.00,109982.57,70,300,110006.00,110376.00,2025-08-26 12:10,110006.00,LOSS,-92.00,-1.314286
1533,2025-08-26 19:00,LONG,2025-08-26 19:01,110096.81,109905.31,70,300,110026.81,110396.81,2025-08-26 19:02,110026.81,LOSS,-92.00,-1.314286
1534,2025-08-26 20:30,LONG,2025-08-26 20:49,110238.13,110140.00,70,300,110168.13,110538.13,2025-08-26 20:58,110168.13,LOSS,-92.00,-1.314286
1535,2025-08-27 07:30,SHORT,2025-08-27 07:56,111419.48,111452.80,70,400,111489.48,111019.48,2025-08-27 08:40,111019.48,WIN,378.00,5.400000
1536,2025-08-28 01:30,LONG,2025-08-28 01:45,111960.68,111852.06,70,300,111890.68,112260.68,2025-08-28 01:46,111890.68,LOSS,-92.00,-1.314286
1537,2025-08-28 04:30,LONG,2025-08-28 04:46,111289.54,111250.06,70,300,111219.54,111589.54,2025-08-28 05:06,111219.54,LOSS,-92.00,-1.314286
1538,2025-08-28 23:30,LONG,2025-08-28 23:39,112268.00,112257.86,70,300,112198.00,112568.00,2025-08-28 23:58,112568.00,WIN,278.00,3.971429
1539,2025-09-01 04:00,LONG,2025-09-01 04:21,108917.30,108870.00,70,300,108847.30,109217.30,2025-09-01 04:22,108847.30,LOSS,-92.00,-1.314286
1540,2025-09-01 05:30,LONG,2025-09-01 05:37,108126.36,108056.35,270,300,107856.36,108426.36,2025-09-01 05:51,107856.36,LOSS,-312.00,-1.155556
1541,2025-09-01 06:00,LONG,2025-09-01 06:12,108126.36,107972.35,270,300,107856.36,108426.36,2025-09-01 07:16,108426.36,WIN,258.00,0.955556
1542,2025-09-01 07:00,LONG,2025-09-01 07:26,108102.37,107995.00,70,300,108032.37,108402.37,2025-09-01 07:40,108032.37,LOSS,-92.00,-1.314286
1543,2025-09-01 09:30,LONG,2025-09-01 09:59,107540.00,107362.49,70,300,107470.00,107840.00,2025-09-01 10:00,107470.00,LOSS,-92.00,-1.314286
1544,2025-09-01 11:30,LONG,2025-09-01 11:40,107746.13,107627.40,70,300,107676.13,108046.13,2025-09-01 12:12,108046.13,WIN,278.00,3.971429
1545,2025-09-01 18:30,SHORT,2025-09-01 18:40,109228.27,109265.00,70,800,109298.27,108428.27,2025-09-01 18:48,109298.27,LOSS,-92.00,-1.314286
1546,2025-09-01 19:00,SHORT,2025-09-01 19:03,109228.27,109409.69,70,600,109298.27,108628.27,2025-09-01 19:04,109298.27,LOSS,-92.00,-1.314286
1547,2025-09-01 21:30,SHORT,2025-09-01 21:40,108904.33,108926.00,70,400,108974.33,108504.33,2025-09-01 21:42,108974.33,LOSS,-92.00,-1.314286
1548,2025-09-01 22:00,SHORT,2025-09-01 22:09,108904.33,109013.09,70,400,108974.33,108504.33,2025-09-01 22:16,108974.33,LOSS,-92.00,-1.314286
1549,2025-09-02 05:30,LONG,2025-09-02 05:35,109117.43,109082.95,270,300,108847.43,109417.43,2025-09-02 07:14,109417.43,WIN,258.00,0.955556
1550,2025-09-02 12:30,LONG,2025-09-02 12:49,110256.63,110250.50,70,300,110186.63,110556.63,2025-09-02 12:51,110186.63,LOSS,-92.00,-1.314286
1551,2025-09-03 05:30,SHORT,2025-09-03 05:36,111360.01,111377.79,70,600,111430.01,110760.01,2025-09-03 05:39,111430.01,LOSS,-92.00,-1.314286
1552,2025-09-03 06:00,SHORT,2025-09-03 06:16,111360.01,111600.01,70,800,111430.01,110560.01,2025-09-03 06:17,111430.01,LOSS,-92.00,-1.314286
1553,2025-09-03 13:00,SHORT,2025-09-03 13:02,110844.00,110888.71,70,400,110914.00,110444.00,2025-09-03 13:07,110914.00,LOSS,-92.00,-1.314286
1554,2025-09-03 16:30,SHORT,2025-09-03 16:51,111570.00,111678.83,70,600,111640.00,110970.00,2025-09-03 18:06,111640.00,LOSS,-92.00,-1.314286
1555,2025-09-03 18:00,SHORT,2025-09-03 18:11,111557.77,111797.77,70,800,111627.77,110757.77,2025-09-03 19:13,111627.77,LOSS,-92.00,-1.314286
1556,2025-09-04 11:30,LONG,2025-09-04 11:56,110533.08,110512.00,70,300,110463.08,110833.08,2025-09-04 12:01,110463.08,LOSS,-92.00,-1.314286
1557,2025-09-08 04:00,SHORT,2025-09-08 04:07,111170.14,111361.45,70,600,111240.14,110570.14,2025-09-08 04:15,111240.14,LOSS,-92.00,-1.314286
1558,2025-09-08 07:30,LONG,2025-09-08 07:56,110770.58,110634.58,70,300,110700.58,111070.58,2025-09-08 08:04,111070.58,WIN,278.00,3.971429
1559,2025-09-08 13:00,SHORT,2025-09-08 13:08,111233.26,111473.25,70,400,111303.26,110833.26,2025-09-08 13:09,111303.26,LOSS,-92.00,-1.314286
1560,2025-09-08 21:30,LONG,2025-09-08 21:55,112511.74,112479.56,70,300,112441.74,112811.74,2025-09-08 22:07,112441.74,LOSS,-92.00,-1.314286
1561,2025-09-09 07:30,LONG,2025-09-09 07:57,111244.73,111132.30,70,300,111174.73,111544.73,2025-09-09 08:58,111544.73,WIN,278.00,3.971429
1562,2025-09-09 13:00,LONG,2025-09-09 13:18,112902.62,112890.00,70,300,112832.62,113202.62,2025-09-09 15:57,112832.62,LOSS,-92.00,-1.314286
1563,2025-09-09 16:00,LONG,2025-09-09 16:10,112846.54,112680.00,70,300,112776.54,113146.54,2025-09-09 16:15,112776.54,LOSS,-92.00,-1.314286
1564,2025-09-10 22:30,SHORT,2025-09-10 22:50,113879.88,113913.74,70,400,113949.88,113479.88,2025-09-10 22:59,113479.88,WIN,378.00,5.400000
1565,2025-09-11 21:00,LONG,2025-09-11 21:11,114343.73,114339.25,70,300,114273.73,114643.73,2025-09-11 21:15,114273.73,LOSS,-92.00,-1.314286
1566,2025-09-15 03:00,SHORT,2025-09-15 03:22,115922.16,115967.99,70,600,115992.16,115322.16,2025-09-15 03:29,115992.16,LOSS,-92.00,-1.314286
1567,2025-09-15 05:30,LONG,2025-09-15 05:42,115148.01,115038.49,270,300,114878.01,115448.01,2025-09-15 06:38,114878.01,LOSS,-312.00,-1.155556
1568,2025-09-15 06:30,LONG,2025-09-15 06:55,114951.32,114850.00,270,300,114681.32,115251.32,2025-09-15 07:01,115251.32,WIN,258.00,0.955556
1569,2025-09-15 19:00,SHORT,2025-09-15 19:06,114841.03,114970.00,70,600,114911.03,114241.03,2025-09-15 19:55,114911.03,LOSS,-92.00,-1.314286
1570,2025-09-15 20:00,SHORT,2025-09-15 20:04,114784.07,114810.28,70,400,114854.07,114384.07,2025-09-15 20:07,114854.07,LOSS,-92.00,-1.314286
1571,2025-09-16 09:30,LONG,2025-09-16 09:52,115187.26,115066.49,70,300,115117.26,115487.26,2025-09-16 10:20,115487.26,WIN,278.00,3.971429
1572,2025-09-16 12:00,LONG,2025-09-16 12:17,115816.65,115649.62,70,300,115746.65,116116.65,2025-09-16 12:19,115746.65,LOSS,-92.00,-1.314286
1573,2025-09-16 19:00,LONG,2025-09-16 19:08,115319.36,115198.06,70,300,115249.36,115619.36,2025-09-16 19:09,115249.36,LOSS,-92.00,-1.314286
1574,2025-09-17 23:30,SHORT,2025-09-17 23:31,115624.49,115860.00,70,600,115694.49,115024.49,2025-09-17 23:32,115694.49,LOSS,-92.00,-1.314286
1575,2025-09-18 05:30,LONG,2025-09-18 05:48,116327.60,116296.96,270,300,116057.60,116627.60,2025-09-18 06:54,116627.60,WIN,258.00,0.955556
1576,2025-09-18 10:00,LONG,2025-09-18 10:17,117461.67,117390.00,70,300,117391.67,117761.67,2025-09-18 10:49,117391.67,LOSS,-92.00,-1.314286
1577,2025-09-18 20:30,LONG,2025-09-18 20:50,117520.54,117453.22,70,300,117450.54,117820.54,2025-09-18 20:53,117450.54,LOSS,-92.00,-1.314286
1578,2025-09-22 06:30,SHORT,2025-09-22 06:47,114527.28,114650.16,70,400,114597.28,114127.28,2025-09-22 06:56,114597.28,LOSS,-92.00,-1.314286
1579,2025-09-22 07:00,SHORT,2025-09-22 07:22,114527.28,114648.69,70,800,114597.28,113727.28,2025-09-22 07:55,114597.28,LOSS,-92.00,-1.314286
1580,2025-09-22 07:30,SHORT,2025-09-22 07:58,114393.44,114610.98,70,400,114463.44,113993.44,2025-09-22 07:59,114463.44,LOSS,-92.00,-1.314286
1581,2025-09-22 12:30,LONG,2025-09-22 12:31,112680.77,112669.93,70,300,112610.77,112980.77,2025-09-22 12:49,112610.77,LOSS,-92.00,-1.314286
1582,2025-09-22 13:00,SHORT,2025-09-22 13:20,112920.77,112924.37,70,400,112990.77,112520.77,2025-09-22 13:24,112520.77,WIN,378.00,5.400000
1583,2025-09-22 18:30,SHORT,2025-09-22 18:49,112858.64,112880.00,70,800,112928.64,112058.64,2025-09-22 18:55,112928.64,LOSS,-92.00,-1.314286
1584,2025-09-22 19:00,LONG,2025-09-22 19:21,112618.64,112609.42,70,300,112548.64,112918.64,2025-09-22 19:25,112918.64,WIN,278.00,3.971429
1585,2025-09-22 20:00,SHORT,2025-09-22 20:02,113250.63,113410.60,70,400,113320.63,112850.63,2025-09-22 20:19,112850.63,WIN,378.00,5.400000
1586,2025-09-22 21:00,LONG,2025-09-22 21:18,112813.16,112664.23,70,300,112743.16,113113.16,2025-09-22 21:21,112743.16,LOSS,-92.00,-1.314286
1587,2025-09-22 22:30,LONG,2025-09-22 22:35,112480.69,112463.85,270,300,112210.69,112780.69,2025-09-23 00:05,112780.69,WIN,258.00,0.955556
1588,2025-09-23 02:30,LONG,2025-09-23 02:33,112661.87,112617.41,70,300,112591.87,112961.87,2025-09-23 03:29,112961.87,WIN,278.00,3.971429
1589,2025-09-23 10:00,LONG,2025-09-23 10:09,112219.99,112109.21,70,300,112149.99,112519.99,2025-09-23 10:32,112519.99,WIN,278.00,3.971429
1590,2025-09-23 20:30,LONG,2025-09-23 20:31,112532.91,112520.68,70,300,112462.91,112832.91,2025-09-23 20:40,112832.91,WIN,278.00,3.971429
1591,2025-09-23 21:30,LONG,2025-09-23 21:50,112762.20,112640.00,70,300,112692.20,113062.20,2025-09-23 22:02,112692.20,LOSS,-92.00,-1.314286
1592,2025-09-23 22:00,LONG,2025-09-23 22:21,112762.20,112556.20,70,300,112692.20,113062.20,2025-09-23 22:32,112692.20,LOSS,-92.00,-1.314286
1593,2025-09-24 01:30,SHORT,2025-09-24 01:50,111775.29,111900.20,70,800,111845.29,110975.29,2025-09-24 02:11,111845.29,LOSS,-92.00,-1.314286
1594,2025-09-24 22:30,SHORT,2025-09-24 22:41,113852.01,113880.00,70,400,113922.01,113452.01,2025-09-24 23:10,113922.01,LOSS,-92.00,-1.314286
1595,2025-09-25 06:00,LONG,2025-09-25 06:02,113187.01,113150.23,270,300,112917.01,113487.01,2025-09-25 07:03,112917.01,LOSS,-312.00,-1.155556
1596,2025-09-25 11:30,LONG,2025-09-25 11:45,111629.91,111622.00,70,300,111559.91,111929.91,2025-09-25 12:25,111559.91,LOSS,-92.00,-1.314286
1597,2025-09-25 16:30,LONG,2025-09-25 16:57,111528.19,111459.00,70,300,111458.19,111828.19,2025-09-25 17:05,111458.19,LOSS,-92.00,-1.314286
1598,2025-09-25 21:00,LONG,2025-09-25 21:18,111420.01,111227.75,70,300,111350.01,111720.01,2025-09-25 21:23,111350.01,LOSS,-92.00,-1.314286
1599,2025-09-28 21:30,SHORT,2025-09-28 21:45,110157.92,110164.03,70,400,110227.92,109757.92,2025-09-28 22:28,110227.92,LOSS,-92.00,-1.314286
1600,2025-09-28 22:30,SHORT,2025-09-28 22:37,110342.01,110368.54,70,400,110412.01,109942.01,2025-09-29 01:42,110412.01,LOSS,-92.00,-1.314286
1601,2025-09-29 08:00,LONG,2025-09-29 08:21,111735.30,111662.27,70,300,111665.30,112035.30,2025-09-29 08:34,111665.30,LOSS,-92.00,-1.314286
1602,2025-09-29 18:00,SHORT,2025-09-29 18:07,112220.00,112400.73,70,800,112290.00,111420.00,2025-09-29 18:51,112290.00,LOSS,-92.00,-1.314286
1603,2025-09-30 06:30,LONG,2025-09-30 06:34,114405.97,114398.00,270,300,114135.97,114705.97,2025-09-30 06:44,114705.97,WIN,258.00,0.955556
1604,2025-09-30 13:00,LONG,2025-09-30 13:21,113771.64,113634.61,70,300,113701.64,114071.64,2025-09-30 13:22,113701.64,LOSS,-92.00,-1.314286
1605,2025-10-01 05:30,SHORT,2025-10-01 05:32,114168.94,114211.16,70,600,114238.94,113568.94,2025-10-01 05:35,114238.94,LOSS,-92.00,-1.314286
1606,2025-10-01 13:30,SHORT,2025-10-01 13:54,114659.02,114804.92,70,400,114729.02,114259.02,2025-10-01 13:55,114729.02,LOSS,-92.00,-1.314286
1607,2025-10-01 21:00,SHORT,2025-10-01 21:01,117412.73,117451.84,70,400,117482.73,117012.73,2025-10-01 21:09,117482.73,LOSS,-92.00,-1.314286
1608,2025-10-01 22:00,SHORT,2025-10-01 22:26,117543.73,117679.04,70,400,117613.73,117143.73,2025-10-01 22:27,117613.73,LOSS,-92.00,-1.314286
1609,2025-10-02 01:30,LONG,2025-10-02 01:46,117319.53,117263.59,70,300,117249.53,117619.53,2025-10-02 01:49,117249.53,LOSS,-92.00,-1.314286
1610,2025-10-02 10:00,LONG,2025-10-02 10:19,118613.99,118570.29,70,300,118543.99,118913.99,2025-10-02 10:27,118543.99,LOSS,-92.00,-1.314286
1611,2025-10-02 23:00,LONG,2025-10-02 23:05,119611.40,119441.00,70,300,119541.40,119911.40,2025-10-02 23:06,119541.40,LOSS,-92.00,-1.314286
1612,2025-10-05 12:00,LONG,2025-10-05 12:13,125007.99,124865.54,70,300,124937.99,125307.99,2025-10-05 12:33,124937.99,LOSS,-92.00,-1.314286
1613,2025-10-05 13:00,LONG,2025-10-05 13:23,124880.01,124804.26,70,300,124810.01,125180.01,2025-10-05 13:29,124810.01,LOSS,-92.00,-1.314286
1614,2025-10-05 16:00,LONG,2025-10-05 16:15,122900.51,122770.00,70,300,122830.51,123200.51,2025-10-05 16:33,123200.51,WIN,278.00,3.971429
1615,2025-10-05 18:30,SHORT,2025-10-05 18:53,123205.89,123320.50,70,800,123275.89,122405.89,2025-10-05 18:54,123275.89,LOSS,-92.00,-1.314286
1616,2025-10-05 20:30,LONG,2025-10-05 20:42,122914.67,122868.95,70,300,122844.67,123214.67,2025-10-05 21:03,122844.67,LOSS,-92.00,-1.314286
1617,2025-10-06 00:00,SHORT,2025-10-06 00:06,123177.05,123216.05,220,800,123397.05,122377.05,2025-10-06 04:35,123397.05,LOSS,-257.00,-1.168182
1618,2025-10-06 05:30,SHORT,2025-10-06 05:56,123602.32,123802.94,70,600,123672.32,123002.32,2025-10-06 05:57,123672.32,LOSS,-92.00,-1.314286
1619,2025-10-06 06:00,SHORT,2025-10-06 06:08,123602.32,123628.55,70,800,123672.32,122802.32,2025-10-06 06:13,123672.32,LOSS,-92.00,-1.314286
1620,2025-10-06 07:30,LONG,2025-10-06 07:35,123915.33,123879.70,70,300,123845.33,124215.33,2025-10-06 07:40,123845.33,LOSS,-92.00,-1.314286
1621,2025-10-06 08:00,LONG,2025-10-06 08:16,123915.33,123747.46,70,300,123845.33,124215.33,2025-10-06 08:19,124215.33,WIN,278.00,3.971429
1622,2025-10-06 16:30,LONG,2025-10-06 16:47,123858.00,123782.85,70,300,123788.00,124158.00,2025-10-06 16:59,124158.00,WIN,278.00,3.971429
1623,2025-10-06 19:00,SHORT,2025-10-06 19:13,124676.65,124911.38,70,600,124746.65,124076.65,2025-10-06 19:23,124746.65,LOSS,-92.00,-1.314286
1624,2025-10-06 22:00,SHORT,2025-10-06 22:07,125120.00,125160.00,70,400,125190.00,124720.00,2025-10-06 22:09,125190.00,LOSS,-92.00,-1.314286
1625,2025-10-08 03:00,SHORT,2025-10-08 03:04,122063.61,122125.90,70,600,122133.61,121463.61,2025-10-08 03:48,122133.61,LOSS,-92.00,-1.314286
1626,2025-10-08 07:30,SHORT,2025-10-08 07:48,122070.00,122110.00,70,400,122140.00,121670.00,2025-10-08 07:51,122140.00,LOSS,-92.00,-1.314286
1627,2025-10-08 20:00,SHORT,2025-10-08 20:02,122719.04,122779.53,70,400,122789.04,122319.04,2025-10-08 20:05,122319.04,WIN,378.00,5.400000
1628,2025-10-08 21:30,SHORT,2025-10-08 21:34,122309.72,122314.34,70,400,122379.72,121909.72,2025-10-08 21:37,122379.72,LOSS,-92.00,-1.314286
1629,2025-10-09 05:30,LONG,2025-10-09 05:48,123186.01,123177.11,270,300,122916.01,123486.01,2025-10-09 06:03,122916.01,LOSS,-312.00,-1.155556
1630,2025-10-09 12:30,LONG,2025-10-09 12:59,121837.32,121825.98,70,300,121767.32,122137.32,2025-10-09 13:10,121767.32,LOSS,-92.00,-1.314286
1631,2025-10-09 23:30,LONG,2025-10-09 23:41,120851.22,120686.15,70,300,120781.22,121151.22,2025-10-09 23:44,120781.22,LOSS,-92.00,-1.314286
1632,2025-10-12 06:30,SHORT,2025-10-12 06:50,109761.54,109925.06,70,400,109831.54,109361.54,2025-10-12 06:51,109831.54,LOSS,-92.00,-1.314286
1633,2025-10-12 07:30,SHORT,2025-10-12 07:39,110098.56,110182.15,70,400,110168.56,109698.56,2025-10-12 07:43,110168.56,LOSS,-92.00,-1.314286
1634,2025-10-12 16:00,LONG,2025-10-12 16:25,111717.05,111666.63,70,300,111647.05,112017.05,2025-10-12 16:27,111647.05,LOSS,-92.00,-1.314286
1635,2025-10-12 16:30,SHORT,2025-10-12 16:41,111771.64,111810.00,70,600,111841.64,111171.64,2025-10-12 16:43,111841.64,LOSS,-92.00,-1.314286
1636,2025-10-12 18:30,SHORT,2025-10-12 18:42,111909.61,111915.00,70,800,111979.61,111109.61,2025-10-12 20:17,111979.61,LOSS,-92.00,-1.314286
1637,2025-10-13 06:00,SHORT,2025-10-13 06:02,115078.81,115126.69,70,800,115148.81,114278.81,2025-10-13 06:03,115148.81,LOSS,-92.00,-1.314286
1638,2025-10-13 06:30,LONG,2025-10-13 06:43,115160.83,115122.43,270,300,114890.83,115460.83,2025-10-13 06:50,115460.83,WIN,258.00,0.955556
1639,2025-10-13 07:30,SHORT,2025-10-13 07:32,115833.31,115863.00,70,400,115903.31,115433.31,2025-10-13 07:33,115433.31,WIN,378.00,5.400000
1640,2025-10-13 08:30,LONG,2025-10-13 08:56,115199.98,115115.34,70,300,115129.98,115499.98,2025-10-13 09:01,115129.98,LOSS,-92.00,-1.314286
1641,2025-10-13 10:00,LONG,2025-10-13 10:08,114701.13,114640.00,70,300,114631.13,115001.13,2025-10-13 10:13,114631.13,LOSS,-92.00,-1.314286
1642,2025-10-13 13:00,SHORT,2025-10-13 13:15,115341.23,115394.00,70,400,115411.23,114941.23,2025-10-13 13:30,115411.23,LOSS,-92.00,-1.314286
1643,2025-10-13 16:30,LONG,2025-10-13 16:33,114690.61,114610.85,70,300,114620.61,114990.61,2025-10-13 16:34,114620.61,LOSS,-92.00,-1.314286
1644,2025-10-13 17:30,LONG,2025-10-13 17:34,114060.00,114020.00,70,300,113990.00,114360.00,2025-10-13 17:35,113990.00,LOSS,-92.00,-1.314286
1645,2025-10-13 18:30,SHORT,2025-10-13 18:33,114532.25,114614.88,70,800,114602.25,113732.25,2025-10-13 18:35,114602.25,LOSS,-92.00,-1.314286
1646,2025-10-13 19:00,SHORT,2025-10-13 19:08,114532.25,114580.07,70,600,114602.25,113932.25,2025-10-13 19:09,114602.25,LOSS,-92.00,-1.314286
1647,2025-10-13 21:00,SHORT,2025-10-13 21:12,114156.63,114328.02,70,400,114226.63,113756.63,2025-10-13 21:15,114226.63,LOSS,-92.00,-1.314286
1648,2025-10-13 21:30,SHORT,2025-10-13 21:52,114432.09,114468.16,70,400,114502.09,114032.09,2025-10-13 21:54,114502.09,LOSS,-92.00,-1.314286
1649,2025-10-14 02:00,LONG,2025-10-14 02:29,115672.84,115508.00,70,300,115602.84,115972.84,2025-10-14 02:32,115602.84,LOSS,-92.00,-1.314286
1650,2025-10-14 04:00,LONG,2025-10-14 04:07,115580.00,115475.04,70,300,115510.00,115880.00,2025-10-14 04:12,115510.00,LOSS,-92.00,-1.314286
1651,2025-10-14 09:30,LONG,2025-10-14 09:35,113380.00,113340.00,70,300,113310.00,113680.00,2025-10-14 09:38,113310.00,LOSS,-92.00,-1.314286
1652,2025-10-14 10:00,LONG,2025-10-14 10:07,113380.00,113239.99,70,300,113310.00,113680.00,2025-10-14 10:08,113310.00,LOSS,-92.00,-1.314286
1653,2025-10-14 12:00,LONG,2025-10-14 12:01,112373.10,112339.21,70,300,112303.10,112673.10,2025-10-14 12:02,112303.10,LOSS,-92.00,-1.314286
1654,2025-10-14 13:00,LONG,2025-10-14 13:08,111867.39,111834.00,70,300,111797.39,112167.39,2025-10-14 13:09,111797.39,LOSS,-92.00,-1.314286
1655,2025-10-14 19:00,LONG,2025-10-14 19:01,110683.29,110600.00,70,300,110613.29,110983.29,2025-10-14 19:02,110613.29,LOSS,-92.00,-1.314286
1656,2025-10-14 21:30,LONG,2025-10-14 21:50,112780.44,112583.82,70,300,112710.44,113080.44,2025-10-14 21:51,113080.44,WIN,278.00,3.971429
1657,2025-10-15 16:30,SHORT,2025-10-15 16:41,112386.70,112432.86,70,600,112456.70,111786.70,2025-10-15 16:48,111786.70,WIN,578.00,8.257143
1658,2025-10-15 20:00,SHORT,2025-10-15 20:11,111509.01,111736.39,70,400,111579.01,111109.01,2025-10-15 20:16,111109.01,WIN,378.00,5.400000
1659,2025-10-15 22:00,SHORT,2025-10-15 22:03,110918.01,110976.00,70,400,110988.01,110518.01,2025-10-15 22:30,110518.01,WIN,378.00,5.400000
1660,2025-10-16 00:30,LONG,2025-10-16 00:46,111324.76,111152.41,70,300,111254.76,111624.76,2025-10-16 01:07,111254.76,LOSS,-92.00,-1.314286
1661,2025-10-16 03:00,LONG,2025-10-16 03:03,110989.77,110797.55,70,300,110919.77,111289.77,2025-10-16 03:05,111289.77,WIN,278.00,3.971429
1662,2025-10-16 16:30,LONG,2025-10-16 16:40,111349.63,111285.87,70,300,111279.63,111649.63,2025-10-16 16:55,111279.63,LOSS,-92.00,-1.314286
1663,2025-10-16 19:00,LONG,2025-10-16 19:07,111399.08,111188.00,70,300,111329.08,111699.08,2025-10-16 19:09,111329.08,LOSS,-92.00,-1.314286
1664,2025-10-16 22:30,LONG,2025-10-16 22:48,109112.43,108894.00,270,300,108842.43,109412.43,2025-10-16 22:50,108842.43,LOSS,-312.00,-1.155556
1665,2025-10-19 13:30,SHORT,2025-10-19 13:52,106906.00,107062.00,70,400,106976.00,106506.00,2025-10-19 13:55,106506.00,WIN,378.00,5.400000
1666,2025-10-19 18:00,LONG,2025-10-19 18:07,107663.47,107499.42,70,300,107593.47,107963.47,2025-10-19 18:11,107593.47,LOSS,-92.00,-1.314286
1667,2025-10-19 20:00,SHORT,2025-10-19 20:09,108216.33,108247.28,70,400,108286.33,107816.33,2025-10-19 20:15,108286.33,LOSS,-92.00,-1.314286
1668,2025-10-20 04:30,LONG,2025-10-20 04:32,109026.80,109010.99,70,300,108956.80,109326.80,2025-10-20 04:33,108956.80,LOSS,-92.00,-1.314286
1669,2025-10-20 07:30,LONG,2025-10-20 07:43,107933.57,107859.19,70,300,107863.57,108233.57,2025-10-20 07:47,108233.57,WIN,278.00,3.971429
1670,2025-10-20 08:30,LONG,2025-10-20 08:42,108647.03,108610.51,70,300,108577.03,108947.03,2025-10-20 08:49,108947.03,WIN,278.00,3.971429
1671,2025-10-20 13:00,LONG,2025-10-20 13:28,111178.55,111085.67,70,300,111108.55,111478.55,2025-10-20 13:33,111108.55,LOSS,-92.00,-1.314286
1672,2025-10-20 20:30,LONG,2025-10-20 20:45,111090.86,111035.84,70,300,111020.86,111390.86,2025-10-20 21:17,111390.86,WIN,278.00,3.971429
1673,2025-10-21 00:30,LONG,2025-10-21 00:58,110817.92,110608.98,70,300,110747.92,111117.92,2025-10-21 01:02,110747.92,LOSS,-92.00,-1.314286
1674,2025-10-21 05:30,LONG,2025-10-21 05:35,110412.09,110399.91,270,300,110142.09,110712.09,2025-10-21 06:44,110142.09,LOSS,-312.00,-1.155556
1675,2025-10-21 08:30,LONG,2025-10-21 08:48,109394.92,109382.61,70,300,109324.92,109694.92,2025-10-21 08:50,109324.92,LOSS,-92.00,-1.314286
1676,2025-10-21 12:30,LONG,2025-10-21 12:47,107789.79,107752.42,70,300,107719.79,108089.79,2025-10-21 13:02,108089.79,WIN,278.00,3.971429
1677,2025-10-21 19:00,LONG,2025-10-21 19:07,108673.39,108553.68,70,300,108603.39,108973.39,2025-10-21 19:12,108603.39,LOSS,-92.00,-1.314286
1678,2025-10-21 20:30,LONG,2025-10-21 20:34,112050.52,111930.31,70,300,111980.52,112350.52,2025-10-21 20:36,112350.52,WIN,278.00,3.971429
1679,2025-10-21 21:30,LONG,2025-10-21 21:40,113302.60,113197.62,70,300,113232.60,113602.60,2025-10-21 21:46,113602.60,WIN,278.00,3.971429
1680,2025-10-22 06:30,SHORT,2025-10-22 06:46,108106.15,108201.20,70,400,108176.15,107706.15,2025-10-22 06:52,108176.15,LOSS,-92.00,-1.314286
1681,2025-10-22 17:30,SHORT,2025-10-22 17:39,107675.04,107702.00,220,800,107895.04,106875.04,2025-10-22 17:46,107895.04,LOSS,-257.00,-1.168182
1682,2025-10-22 18:30,SHORT,2025-10-22 18:56,108164.96,108287.61,70,800,108234.96,107364.96,2025-10-22 19:08,108234.96,LOSS,-92.00,-1.314286
1683,2025-10-22 19:00,SHORT,2025-10-22 19:11,108164.96,108296.17,70,600,108234.96,107564.96,2025-10-22 19:24,108234.96,LOSS,-92.00,-1.314286
1684,2025-10-22 23:30,SHORT,2025-10-22 23:37,107898.45,107926.65,70,600,107968.45,107298.45,2025-10-22 23:51,107968.45,LOSS,-92.00,-1.314286
1685,2025-10-23 02:00,LONG,2025-10-23 02:06,107750.35,107709.93,70,300,107680.35,108050.35,2025-10-23 02:21,107680.35,LOSS,-92.00,-1.314286
1686,2025-10-23 18:00,LONG,2025-10-23 18:18,109133.88,108893.89,70,300,109063.88,109433.88,2025-10-23 18:22,109063.88,LOSS,-92.00,-1.314286
1687,2025-10-23 22:00,LONG,2025-10-23 22:11,109788.29,109751.00,70,300,109718.29,110088.29,2025-10-23 22:22,110088.29,WIN,278.00,3.971429
1688,2025-10-23 23:30,LONG,2025-10-23 23:41,111121.71,110933.61,70,300,111051.71,111421.71,2025-10-23 23:42,111051.71,LOSS,-92.00,-1.314286
1689,2025-10-26 16:00,LONG,2025-10-26 16:07,112408.82,112211.26,70,300,112338.82,112708.82,2025-10-26 16:54,112708.82,WIN,278.00,3.971429
1690,2025-10-26 22:00,LONG,2025-10-26 22:12,113574.97,113382.00,70,300,113504.97,113874.97,2025-10-26 22:31,113504.97,LOSS,-92.00,-1.314286
1691,2025-10-26 22:30,SHORT,2025-10-26 22:47,113637.54,113672.85,70,400,113707.54,113237.54,2025-10-26 22:51,113707.54,LOSS,-92.00,-1.314286
1692,2025-10-27 03:00,LONG,2025-10-27 03:02,113200.80,113107.67,70,300,113130.80,113500.80,2025-10-27 03:18,113500.80,WIN,278.00,3.971429
1693,2025-10-27 04:30,LONG,2025-10-27 04:53,114561.34,114429.11,70,300,114491.34,114861.34,2025-10-27 04:56,114491.34,LOSS,-92.00,-1.314286
1694,2025-10-27 05:30,SHORT,2025-10-27 05:37,114679.41,114745.13,70,600,114749.41,114079.41,2025-10-27 05:38,114749.41,LOSS,-92.00,-1.314286
1695,2025-10-27 06:00,SHORT,2025-10-27 06:18,114679.41,114722.26,70,800,114749.41,113879.41,2025-10-27 06:22,114749.41,LOSS,-92.00,-1.314286
1696,2025-10-27 07:30,SHORT,2025-10-27 07:38,115404.01,115420.89,70,400,115474.01,115004.01,2025-10-27 07:58,115004.01,WIN,378.00,5.400000
1697,2025-10-27 08:30,SHORT,2025-10-27 08:54,115003.40,115175.60,70,800,115073.40,114203.40,2025-10-27 09:40,115073.40,LOSS,-92.00,-1.314286
1698,2025-10-27 19:00,LONG,2025-10-27 19:07,114945.96,114907.49,70,300,114875.96,115245.96,2025-10-27 19:08,114875.96,LOSS,-92.00,-1.314286
1699,2025-10-27 21:00,SHORT,2025-10-27 21:06,114930.06,115138.00,70,400,115000.06,114530.06,2025-10-27 21:07,115000.06,LOSS,-92.00,-1.314286
1700,2025-10-28 00:30,LONG,2025-10-28 00:43,115222.18,115169.38,70,300,115152.18,115522.18,2025-10-28 00:47,115152.18,LOSS,-92.00,-1.314286
1701,2025-10-28 03:00,LONG,2025-10-28 03:04,114335.17,114228.78,70,300,114265.17,114635.17,2025-10-28 03:30,114265.17,LOSS,-92.00,-1.314286
1702,2025-10-28 08:30,LONG,2025-10-28 08:45,113816.93,113770.12,70,300,113746.93,114116.93,2025-10-28 11:14,113746.93,LOSS,-92.00,-1.314286
1703,2025-10-29 19:00,SHORT,2025-10-29 19:04,113259.13,113457.24,70,600,113329.13,112659.13,2025-10-29 19:33,112659.13,WIN,578.00,8.257143
1704,2025-10-30 04:30,LONG,2025-10-30 04:34,110908.20,110892.44,70,300,110838.20,111208.20,2025-10-30 04:37,110838.20,LOSS,-92.00,-1.314286
1705,2025-10-30 11:30,LONG,2025-10-30 11:50,110128.28,110074.58,70,300,110058.28,110428.28,2025-10-30 11:51,110058.28,LOSS,-92.00,-1.314286
1706,2025-10-30 16:30,LONG,2025-10-30 16:56,109985.75,109834.83,70,300,109915.75,110285.75,2025-10-30 16:59,109915.75,LOSS,-92.00,-1.314286
1707,2025-10-30 23:30,LONG,2025-10-30 23:39,107366.69,107317.43,70,300,107296.69,107666.69,2025-10-30 23:45,107296.69,LOSS,-92.00,-1.314286
1708,2025-11-03 04:00,LONG,2025-11-03 04:29,109870.91,109652.00,70,300,109800.91,110170.91,2025-11-03 04:31,110170.91,WIN,278.00,3.971429
1709,2025-11-03 07:00,LONG,2025-11-03 07:08,109637.10,109482.07,70,300,109567.10,109937.10,2025-11-03 07:12,109567.10,LOSS,-92.00,-1.314286
1710,2025-11-03 08:30,LONG,2025-11-03 08:37,108913.84,108889.75,70,300,108843.84,109213.84,2025-11-03 08:39,108843.84,LOSS,-92.00,-1.314286
1711,2025-11-03 12:00,LONG,2025-11-03 12:05,107486.75,107354.05,70,300,107416.75,107786.75,2025-11-03 12:10,107416.75,LOSS,-92.00,-1.314286
1712,2025-11-03 12:30,LONG,2025-11-03 12:38,107374.24,107307.99,70,300,107304.24,107674.24,2025-11-03 12:54,107674.24,WIN,278.00,3.971429
1713,2025-11-03 13:00,SHORT,2025-11-03 13:01,107614.24,107632.93,70,400,107684.24,107214.24,2025-11-03 13:03,107684.24,LOSS,-92.00,-1.314286
1714,2025-11-03 18:00,SHORT,2025-11-03 18:07,107907.42,108073.10,70,800,107977.42,107107.42,2025-11-03 18:09,107977.42,LOSS,-92.00,-1.314286
1715,2025-11-03 19:00,SHORT,2025-11-03 19:05,107888.91,107934.77,70,600,107958.91,107288.91,2025-11-03 19:06,107958.91,LOSS,-92.00,-1.314286
1716,2025-11-03 21:30,SHORT,2025-11-03 21:42,105865.71,105871.00,70,400,105935.71,105465.71,2025-11-03 21:43,105935.71,LOSS,-92.00,-1.314286
1717,2025-11-03 23:30,LONG,2025-11-03 23:50,107361.20,107319.39,70,300,107291.20,107661.20,2025-11-03 23:56,107291.20,LOSS,-92.00,-1.314286
1718,2025-11-04 02:00,LONG,2025-11-04 02:01,106970.00,106809.68,70,300,106900.00,107270.00,2025-11-04 02:02,106900.00,LOSS,-92.00,-1.314286
1719,2025-11-04 04:30,LONG,2025-11-04 04:50,106369.94,106273.59,70,300,106299.94,106669.94,2025-11-04 05:10,106669.94,WIN,278.00,3.971429
1720,2025-11-04 06:00,LONG,2025-11-04 06:06,106463.05,106263.12,270,300,106193.05,106763.05,2025-11-04 06:08,106763.05,WIN,258.00,0.955556
1721,2025-11-04 08:00,LONG,2025-11-04 08:01,106920.00,106883.23,70,300,106850.00,107220.00,2025-11-04 08:11,106850.00,LOSS,-92.00,-1.314286
1722,2025-11-04 10:00,LONG,2025-11-04 10:03,107038.79,106939.00,70,300,106968.79,107338.79,2025-11-04 10:04,106968.79,LOSS,-92.00,-1.314286
1723,2025-11-04 12:30,LONG,2025-11-04 12:34,104646.14,104628.88,70,300,104576.14,104946.14,2025-11-04 12:35,104576.14,LOSS,-92.00,-1.314286
1724,2025-11-04 13:00,LONG,2025-11-04 13:07,104646.14,104637.64,70,300,104576.14,104946.14,2025-11-04 13:12,104576.14,LOSS,-92.00,-1.314286
1725,2025-11-04 19:00,LONG,2025-11-04 19:03,103832.54,103725.52,70,300,103762.54,104132.54,2025-11-04 19:08,104132.54,WIN,278.00,3.971429
1726,2025-11-04 20:30,LONG,2025-11-04 20:41,104380.01,104334.28,70,300,104310.01,104680.01,2025-11-04 20:44,104310.01,LOSS,-92.00,-1.314286
1727,2025-11-05 16:30,SHORT,2025-11-05 16:40,101521.97,101645.09,70,600,101591.97,100921.97,2025-11-05 16:41,101591.97,LOSS,-92.00,-1.314286
1728,2025-11-06 02:30,LONG,2025-11-06 02:33,103711.22,103661.84,70,300,103641.22,104011.22,2025-11-06 02:40,103641.22,LOSS,-92.00,-1.314286
1729,2025-11-06 08:00,LONG,2025-11-06 08:10,103245.64,103060.00,70,300,103175.64,103545.64,2025-11-06 08:18,103545.64,WIN,278.00,3.971429
1730,2025-11-06 16:30,LONG,2025-11-06 16:47,103002.54,102928.59,70,300,102932.54,103302.54,2025-11-06 17:38,103302.54,WIN,278.00,3.971429
1731,2025-11-09 20:00,SHORT,2025-11-09 20:19,103031.40,103129.99,70,400,103101.40,102631.40,2025-11-09 20:20,103101.40,LOSS,-92.00,-1.314286
1732,2025-11-09 22:00,LONG,2025-11-09 22:17,103642.18,103489.97,70,300,103572.18,103942.18,2025-11-09 22:32,103942.18,WIN,278.00,3.971429
1733,2025-11-10 00:30,LONG,2025-11-10 00:54,104392.66,104231.32,70,300,104322.66,104692.66,2025-11-10 00:57,104692.66,WIN,278.00,3.971429
1734,2025-11-10 01:30,SHORT,2025-11-10 01:31,104925.57,104932.00,70,800,104995.57,104125.57,2025-11-10 01:35,104995.57,LOSS,-92.00,-1.314286
1735,2025-11-10 04:00,LONG,2025-11-10 04:01,104408.82,104332.00,70,300,104338.82,104708.82,2025-11-10 04:04,104338.82,LOSS,-92.00,-1.314286
1736,2025-11-10 05:30,LONG,2025-11-10 05:38,104602.95,104418.23,270,300,104332.95,104902.95,2025-11-10 05:41,104902.95,WIN,258.00,0.955556
1737,2025-11-10 06:30,LONG,2025-11-10 06:38,106194.96,106165.00,270,300,105924.96,106494.96,2025-11-10 06:41,106494.96,WIN,258.00,0.955556
1738,2025-11-10 09:30,LONG,2025-11-10 09:58,105907.97,105881.25,70,300,105837.97,106207.97,2025-11-10 10:21,106207.97,WIN,278.00,3.971429
1739,2025-11-10 12:30,SHORT,2025-11-10 12:49,106341.89,106443.07,70,600,106411.89,105741.89,2025-11-10 13:11,106411.89,LOSS,-92.00,-1.314286
1740,2025-11-10 17:30,LONG,2025-11-10 17:41,106056.50,105961.16,70,300,105986.50,106356.50,2025-11-10 17:42,105986.50,LOSS,-92.00,-1.314286
1741,2025-11-10 18:30,SHORT,2025-11-10 18:53,106064.17,106235.80,70,800,106134.17,105264.17,2025-11-10 18:54,106134.17,LOSS,-92.00,-1.314286
1742,2025-11-10 21:00,SHORT,2025-11-10 21:21,105018.15,105155.60,70,400,105088.15,104618.15,2025-11-10 21:29,105088.15,LOSS,-92.00,-1.314286
1743,2025-11-11 06:00,LONG,2025-11-11 06:26,105891.13,105767.35,270,300,105621.13,106191.13,2025-11-11 06:30,106191.13,WIN,258.00,0.955556
1744,2025-11-11 12:00,LONG,2025-11-11 12:05,105129.35,104985.68,70,300,105059.35,105429.35,2025-11-11 12:09,105059.35,LOSS,-92.00,-1.314286
1745,2025-11-11 19:00,LONG,2025-11-11 19:06,104410.83,104346.09,70,300,104340.83,104710.83,2025-11-11 19:08,104340.83,LOSS,-92.00,-1.314286
1746,2025-11-11 23:00,LONG,2025-11-11 23:04,103279.42,103277.27,70,300,103209.42,103579.42,2025-11-11 23:06,103209.42,LOSS,-92.00,-1.314286
1747,2025-11-11 23:30,LONG,2025-11-11 23:58,103218.99,103094.16,70,300,103148.99,103518.99,2025-11-12 00:14,103148.99,LOSS,-92.00,-1.314286
1748,2025-11-12 16:30,SHORT,2025-11-12 16:52,105020.00,105065.67,70,600,105090.00,104420.00,2025-11-12 17:39,105090.00,LOSS,-92.00,-1.314286
1749,2025-11-12 22:30,SHORT,2025-11-12 22:42,101562.62,101773.84,70,400,101632.62,101162.62,2025-11-12 22:45,101632.62,LOSS,-92.00,-1.314286
1750,2025-11-12 23:30,SHORT,2025-11-12 23:35,101868.01,101904.20,70,600,101938.01,101268.01,2025-11-13 00:37,101268.01,WIN,578.00,8.257143
1751,2025-11-13 01:30,LONG,2025-11-13 01:33,101177.31,101174.62,70,300,101107.31,101477.31,2025-11-13 01:39,101477.31,WIN,278.00,3.971429
1752,2025-11-13 04:30,LONG,2025-11-13 04:46,101858.95,101634.12,70,300,101788.95,102158.95,2025-11-13 05:05,101788.95,LOSS,-92.00,-1.314286
1753,2025-11-13 22:00,LONG,2025-11-13 22:04,101262.63,101180.93,70,300,101192.63,101562.63,2025-11-13 22:06,101192.63,LOSS,-92.00,-1.314286
1754,2025-11-16 04:00,SHORT,2025-11-16 04:06,95400.00,95585.78,70,600,95470.00,94800.00,2025-11-16 04:07,95470.00,LOSS,-92.00,-1.314286
1755,2025-11-16 06:00,LONG,2025-11-16 06:17,95476.23,95344.81,270,300,95206.23,95776.23,2025-11-16 06:30,95206.23,LOSS,-312.00,-1.155556
1756,2025-11-16 07:00,LONG,2025-11-16 07:21,95242.01,95133.97,70,300,95172.01,95542.01,2025-11-16 07:31,95172.01,LOSS,-92.00,-1.314286
1757,2025-11-16 17:30,SHORT,2025-11-16 17:53,95747.13,95860.00,220,800,95967.13,94947.13,2025-11-16 21:23,94947.13,WIN,763.00,3.468182
1758,2025-11-16 21:30,SHORT,2025-11-16 21:39,94693.46,94728.24,70,400,94763.46,94293.46,2025-11-16 21:48,94293.46,WIN,378.00,5.400000
1759,2025-11-16 22:30,SHORT,2025-11-16 22:32,94344.47,94382.89,70,400,94414.47,93944.47,2025-11-16 22:46,94414.47,LOSS,-92.00,-1.314286
1760,2025-11-17 01:30,SHORT,2025-11-17 01:48,94140.49,94301.00,70,800,94210.49,93340.49,2025-11-17 01:49,94210.49,LOSS,-92.00,-1.314286
1761,2025-11-17 06:30,LONG,2025-11-17 06:58,95170.01,95015.60,270,300,94900.01,95470.01,2025-11-17 07:13,94900.01,LOSS,-312.00,-1.155556
1762,2025-11-17 09:30,LONG,2025-11-17 09:57,95376.77,95155.04,70,300,95306.77,95676.77,2025-11-17 10:01,95306.77,LOSS,-92.00,-1.314286
1763,2025-11-17 10:00,LONG,2025-11-17 10:14,95376.77,95215.94,70,300,95306.77,95676.77,2025-11-17 10:15,95306.77,LOSS,-92.00,-1.314286
1764,2025-11-17 11:00,SHORT,2025-11-17 11:21,95216.73,95260.00,70,600,95286.73,94616.73,2025-11-17 12:26,95286.73,LOSS,-92.00,-1.314286
1765,2025-11-17 17:00,SHORT,2025-11-17 17:10,95771.70,95920.40,70,800,95841.70,94971.70,2025-11-17 18:41,94971.70,WIN,778.00,11.114286
1766,2025-11-17 20:00,SHORT,2025-11-17 20:01,94079.78,94115.22,70,400,94149.78,93679.78,2025-11-17 20:02,94149.78,LOSS,-92.00,-1.314286
1767,2025-11-17 22:00,LONG,2025-11-17 22:03,93839.68,93650.39,70,300,93769.68,94139.68,2025-11-17 22:04,93769.68,LOSS,-92.00,-1.314286
1768,2025-11-17 22:30,LONG,2025-11-17 22:39,94186.01,94059.88,270,300,93916.01,94486.01,2025-11-17 22:42,93916.01,LOSS,-312.00,-1.155556
1769,2025-11-17 23:30,SHORT,2025-11-17 23:42,92887.48,93018.82,70,600,92957.48,92287.48,2025-11-18 00:17,92957.48,LOSS,-92.00,-1.314286
1770,2025-11-18 04:30,LONG,2025-11-18 04:39,92127.64,92039.48,70,300,92057.64,92427.64,2025-11-18 04:40,92057.64,LOSS,-92.00,-1.314286
1771,2025-11-18 06:00,LONG,2025-11-18 06:22,92095.14,91997.51,270,300,91825.14,92395.14,2025-11-18 06:45,91825.14,LOSS,-312.00,-1.155556
1772,2025-11-18 06:30,LONG,2025-11-18 06:46,92049.86,91847.30,270,300,91779.86,92349.86,2025-11-18 06:55,91779.86,LOSS,-312.00,-1.155556
1773,2025-11-18 07:00,LONG,2025-11-18 07:04,92049.86,91861.01,70,300,91979.86,92349.86,2025-11-18 07:06,91979.86,LOSS,-92.00,-1.314286
1774,2025-11-18 08:00,LONG,2025-11-18 08:16,91594.29,91379.18,70,300,91524.29,91894.29,2025-11-18 08:17,91524.29,LOSS,-92.00,-1.314286
1775,2025-11-18 10:30,LONG,2025-11-18 10:35,89961.90,89813.90,70,300,89891.90,90261.90,2025-11-18 10:46,90261.90,WIN,278.00,3.971429
1776,2025-11-18 11:30,LONG,2025-11-18 11:32,90101.33,90020.90,70,300,90031.33,90401.33,2025-11-18 11:33,90031.33,LOSS,-92.00,-1.314286
1777,2025-11-18 16:30,LONG,2025-11-18 16:53,91465.01,91257.17,70,300,91395.01,91765.01,2025-11-18 16:55,91395.01,LOSS,-92.00,-1.314286
1778,2025-11-18 17:30,LONG,2025-11-18 17:47,91397.83,91247.26,70,300,91327.83,91697.83,2025-11-18 17:53,91327.83,LOSS,-92.00,-1.314286
1779,2025-11-18 19:00,LONG,2025-11-18 19:10,91398.54,91299.94,70,300,91328.54,91698.54,2025-11-18 19:11,91328.54,LOSS,-92.00,-1.314286
1780,2025-11-18 21:30,LONG,2025-11-18 21:34,92790.10,92667.08,70,300,92720.10,93090.10,2025-11-18 21:35,92720.10,LOSS,-92.00,-1.314286
1781,2025-11-18 23:00,LONG,2025-11-18 23:09,93379.15,93297.15,70,300,93309.15,93679.15,2025-11-18 23:11,93309.15,LOSS,-92.00,-1.314286
1782,2025-11-20 01:30,LONG,2025-11-20 01:36,88764.56,88740.00,70,300,88694.56,89064.56,2025-11-20 01:37,88694.56,LOSS,-92.00,-1.314286
1783,2025-11-20 05:30,LONG,2025-11-20 05:43,91434.96,91234.00,270,300,91164.96,91734.96,2025-11-20 05:51,91734.96,WIN,258.00,0.955556
1784,2025-11-20 08:00,LONG,2025-11-20 08:03,92470.13,92438.14,70,300,92400.13,92770.13,2025-11-20 08:13,92400.13,LOSS,-92.00,-1.314286
1785,2025-11-20 09:30,LONG,2025-11-20 09:51,92320.33,92305.98,70,300,92250.33,92620.33,2025-11-20 09:54,92250.33,LOSS,-92.00,-1.314286
1786,2025-11-20 23:30,LONG,2025-11-20 23:32,87113.80,87006.46,70,300,87043.80,87413.80,2025-11-20 23:33,87043.80,LOSS,-92.00,-1.314286
1787,2025-11-23 02:00,LONG,2025-11-23 02:28,84489.77,84448.22,70,300,84419.77,84789.77,2025-11-23 02:31,84419.77,LOSS,-92.00,-1.314286
1788,2025-11-23 04:30,LONG,2025-11-23 04:44,84952.87,84900.00,70,300,84882.87,85252.87,2025-11-23 04:46,84882.87,LOSS,-92.00,-1.314286
1789,2025-11-23 13:00,LONG,2025-11-23 13:19,85744.69,85551.72,70,300,85674.69,86044.69,2025-11-23 13:25,85674.69,LOSS,-92.00,-1.314286
1790,2025-11-23 19:00,SHORT,2025-11-23 19:10,86650.04,86678.98,70,600,86720.04,86050.04,2025-11-23 19:11,86720.04,LOSS,-92.00,-1.314286
1791,2025-11-23 22:00,SHORT,2025-11-23 22:21,87207.44,87325.16,70,400,87277.44,86807.44,2025-11-23 22:28,86807.44,WIN,378.00,5.400000
1792,2025-11-23 23:30,SHORT,2025-11-23 23:55,86866.52,86964.19,70,600,86936.52,86266.52,2025-11-23 23:58,86936.52,LOSS,-92.00,-1.314286
1793,2025-11-24 00:30,SHORT,2025-11-24 00:37,87115.02,87233.00,70,800,87185.02,86315.02,2025-11-24 00:40,87185.02,LOSS,-92.00,-1.314286
1794,2025-11-24 02:30,LONG,2025-11-24 02:46,87363.37,87290.46,70,300,87293.37,87663.37,2025-11-24 03:01,87663.37,WIN,278.00,3.971429
1795,2025-11-24 04:00,LONG,2025-11-24 04:19,87872.03,87767.64,70,300,87802.03,88172.03,2025-11-24 04:33,87802.03,LOSS,-92.00,-1.314286
1796,2025-11-24 07:00,SHORT,2025-11-24 07:23,86860.64,86892.25,70,800,86930.64,86060.64,2025-11-24 07:24,86930.64,LOSS,-92.00,-1.314286
1797,2025-11-24 13:00,SHORT,2025-11-24 13:06,87030.77,87060.00,70,400,87100.77,86630.77,2025-11-24 13:09,87100.77,LOSS,-92.00,-1.314286
1798,2025-11-24 17:30,LONG,2025-11-24 17:58,86144.71,86073.93,70,300,86074.71,86444.71,2025-11-24 18:06,86074.71,LOSS,-92.00,-1.314286
1799,2025-11-24 19:00,SHORT,2025-11-24 19:28,86123.00,86307.91,70,600,86193.00,85523.00,2025-11-24 20:01,86193.00,LOSS,-92.00,-1.314286
1800,2025-11-25 06:00,LONG,2025-11-25 06:06,88180.01,87940.01,270,300,87910.01,88480.01,2025-11-25 06:31,87910.01,LOSS,-312.00,-1.155556
1801,2025-11-25 06:30,LONG,2025-11-25 06:33,87980.00,87919.50,270,300,87710.00,88280.00,2025-11-25 07:30,87710.00,LOSS,-312.00,-1.155556
1802,2025-11-25 08:00,LONG,2025-11-25 08:10,87612.84,87581.88,70,300,87542.84,87912.84,2025-11-25 08:28,87912.84,WIN,278.00,3.971429
1803,2025-11-26 18:30,SHORT,2025-11-26 18:57,86763.07,86787.68,70,800,86833.07,85963.07,2025-11-26 19:07,86833.07,LOSS,-92.00,-1.314286
1804,2025-11-26 20:00,SHORT,2025-11-26 20:01,87248.51,87303.35,70,400,87318.51,86848.51,2025-11-26 20:02,87318.51,LOSS,-92.00,-1.314286
1805,2025-11-26 21:00,SHORT,2025-11-26 21:11,87019.72,87219.08,70,400,87089.72,86619.72,2025-11-26 21:32,87089.72,LOSS,-92.00,-1.314286
1806,2025-11-27 00:30,LONG,2025-11-27 00:40,90025.69,90009.71,70,300,89955.69,90325.69,2025-11-27 00:41,89955.69,LOSS,-92.00,-1.314286
1807,2025-11-27 01:30,LONG,2025-11-27 01:41,89837.37,89696.15,70,300,89767.37,90137.37,2025-11-27 02:13,89767.37,LOSS,-92.00,-1.314286
1808,2025-11-27 02:00,LONG,2025-11-27 02:22,89837.37,89754.67,70,300,89767.37,90137.37,2025-11-27 02:55,90137.37,WIN,278.00,3.971429
1809,2025-11-27 16:00,LONG,2025-11-27 16:04,91441.67,91387.29,70,300,91371.67,91741.67,2025-11-27 16:05,91371.67,LOSS,-92.00,-1.314286
1810,2025-11-27 19:00,LONG,2025-11-27 19:08,90866.56,90715.99,70,300,90796.56,91166.56,2025-11-27 19:09,90796.56,LOSS,-92.00,-1.314286
1811,2025-11-30 01:30,LONG,2025-11-30 01:47,90520.77,90462.98,70,300,90450.77,90820.77,2025-11-30 02:15,90820.77,WIN,278.00,3.971429
1812,2025-11-30 08:30,LONG,2025-11-30 08:53,90675.52,90633.92,70,300,90605.52,90975.52,2025-11-30 12:57,90975.52,WIN,278.00,3.971429
1813,2025-11-30 23:30,LONG,2025-11-30 23:50,91368.20,91189.60,70,300,91298.20,91668.20,2025-12-01 02:02,91298.20,LOSS,-92.00,-1.314286
1814,2025-12-01 02:00,LONG,2025-12-01 02:15,91340.79,91266.75,70,300,91270.79,91640.79,2025-12-01 02:21,91270.79,LOSS,-92.00,-1.314286
1815,2025-12-01 02:30,LONG,2025-12-01 02:45,91195.59,91014.31,70,300,91125.59,91495.59,2025-12-01 02:46,91125.59,LOSS,-92.00,-1.314286
1816,2025-12-01 09:30,LONG,2025-12-01 09:41,86226.13,86112.29,70,300,86156.13,86526.13,2025-12-01 09:42,86156.13,LOSS,-92.00,-1.314286
1817,2025-12-01 10:30,LONG,2025-12-01 10:39,85681.03,85649.25,70,300,85611.03,85981.03,2025-12-01 10:59,85981.03,WIN,278.00,3.971429
1818,2025-12-01 11:00,SHORT,2025-12-01 11:01,85921.03,85964.00,70,600,85991.03,85321.03,2025-12-01 11:23,85991.03,LOSS,-92.00,-1.314286
1819,2025-12-01 13:00,SHORT,2025-12-01 13:10,86354.17,86409.90,70,400,86424.17,85954.17,2025-12-01 13:11,86424.17,LOSS,-92.00,-1.314286
1820,2025-12-01 20:00,SHORT,2025-12-01 20:01,86106.85,86321.29,70,400,86176.85,85706.85,2025-12-01 20:03,86176.85,LOSS,-92.00,-1.314286
1821,2025-12-01 22:00,LONG,2025-12-01 22:25,84557.87,84502.66,70,300,84487.87,84857.87,2025-12-01 22:37,84857.87,WIN,278.00,3.971429
1822,2025-12-01 22:30,SHORT,2025-12-01 22:40,84691.80,84853.74,70,400,84761.80,84291.80,2025-12-01 22:41,84761.80,LOSS,-92.00,-1.314286
1823,2025-12-02 00:30,LONG,2025-12-02 00:41,85079.48,84967.34,70,300,85009.48,85379.48,2025-12-02 00:42,85009.48,LOSS,-92.00,-1.314286
1824,2025-12-03 00:30,SHORT,2025-12-03 00:37,92074.49,92131.48,70,800,92144.49,91274.49,2025-12-03 00:40,92144.49,LOSS,-92.00,-1.314286
1825,2025-12-03 22:30,SHORT,2025-12-03 22:48,92362.24,92583.12,70,400,92432.24,91962.24,2025-12-03 22:51,92432.24,LOSS,-92.00,-1.314286
1826,2025-12-04 04:00,LONG,2025-12-04 04:08,93580.01,93458.45,70,300,93510.01,93880.01,2025-12-04 04:11,93510.01,LOSS,-92.00,-1.314286
1827,2025-12-04 05:30,LONG,2025-12-04 05:40,93309.95,93296.24,270,300,93039.95,93609.95,2025-12-04 05:42,93039.95,LOSS,-312.00,-1.155556
1828,2025-12-04 10:30,LONG,2025-12-04 10:45,93240.58,93162.12,70,300,93170.58,93540.58,2025-12-04 10:47,93170.58,LOSS,-92.00,-1.314286
1829,2025-12-04 12:30,LONG,2025-12-04 12:40,93020.75,93011.12,70,300,92950.75,93320.75,2025-12-04 12:41,92950.75,LOSS,-92.00,-1.314286
1830,2025-12-04 19:00,LONG,2025-12-04 19:01,92870.18,92700.63,70,300,92800.18,93170.18,2025-12-04 19:02,92800.18,LOSS,-92.00,-1.314286
1831,2025-12-04 22:00,LONG,2025-12-04 22:01,92851.49,92814.55,70,300,92781.49,93151.49,2025-12-04 22:04,92781.49,LOSS,-92.00,-1.314286
1832,2025-12-04 23:00,LONG,2025-12-04 23:22,92311.71,92176.00,70,300,92241.71,92611.71,2025-12-04 23:23,92241.71,LOSS,-92.00,-1.314286
1833,2025-12-08 04:00,LONG,2025-12-08 04:04,90111.31,89871.31,70,300,90041.31,90411.31,2025-12-08 04:05,90041.31,LOSS,-92.00,-1.314286
1834,2025-12-08 05:30,LONG,2025-12-08 05:53,90275.32,90111.66,270,300,90005.32,90575.32,2025-12-08 06:05,90575.32,WIN,258.00,0.955556
1835,2025-12-08 10:30,LONG,2025-12-08 10:49,91171.33,91110.58,70,300,91101.33,91471.33,2025-12-08 12:00,91471.33,WIN,278.00,3.971429
1836,2025-12-08 13:00,SHORT,2025-12-08 13:15,91584.54,91720.00,70,400,91654.54,91184.54,2025-12-08 13:45,91654.54,LOSS,-92.00,-1.314286
1837,2025-12-08 18:30,SHORT,2025-12-08 18:44,91888.97,92013.94,70,800,91958.97,91088.97,2025-12-08 20:06,91088.97,WIN,778.00,11.114286
1838,2025-12-08 22:30,SHORT,2025-12-08 22:38,90098.47,90113.49,70,400,90168.47,89698.47,2025-12-08 22:42,90168.47,LOSS,-92.00,-1.314286
1839,2025-12-09 04:30,LONG,2025-12-09 04:59,90713.85,90691.51,70,300,90643.85,91013.85,2025-12-09 05:05,90643.85,LOSS,-92.00,-1.314286
1840,2025-12-09 06:00,LONG,2025-12-09 06:05,90514.35,90486.26,270,300,90244.35,90814.35,2025-12-09 06:34,90244.35,LOSS,-312.00,-1.155556
1841,2025-12-09 23:30,LONG,2025-12-09 23:40,93798.00,93669.37,70,300,93728.00,94098.00,2025-12-09 23:49,94098.00,WIN,278.00,3.971429
1842,2025-12-10 00:30,SHORT,2025-12-10 00:50,94040.48,94071.92,70,800,94110.48,93240.48,2025-12-10 01:02,94110.48,LOSS,-92.00,-1.314286
1843,2025-12-10 04:00,SHORT,2025-12-10 04:10,92760.01,92866.67,70,600,92830.01,92160.01,2025-12-10 04:11,92830.01,LOSS,-92.00,-1.314286
1844,2025-12-10 18:30,SHORT,2025-12-10 18:59,92107.22,92175.35,70,800,92177.22,91307.22,2025-12-10 19:08,92177.22,LOSS,-92.00,-1.314286
1845,2025-12-10 22:00,SHORT,2025-12-10 22:26,92183.69,92259.10,70,400,92253.69,91783.69,2025-12-10 22:44,92253.69,LOSS,-92.00,-1.314286
1846,2025-12-11 01:30,LONG,2025-12-11 01:34,92837.67,92836.45,70,300,92767.67,93137.67,2025-12-11 01:38,93137.67,WIN,278.00,3.971429
1847,2025-12-11 03:00,LONG,2025-12-11 03:05,92333.89,92266.02,70,300,92263.89,92633.89,2025-12-11 03:09,92633.89,WIN,278.00,3.971429
1848,2025-12-11 04:30,LONG,2025-12-11 04:41,92389.94,92310.28,70,300,92319.94,92689.94,2025-12-11 04:44,92319.94,LOSS,-92.00,-1.314286
1849,2025-12-11 08:30,LONG,2025-12-11 08:33,89953.99,89862.35,70,300,89883.99,90253.99,2025-12-11 08:34,89883.99,LOSS,-92.00,-1.314286
1850,2025-12-11 10:30,LONG,2025-12-11 10:52,90316.55,90120.14,70,300,90246.55,90616.55,2025-12-11 10:57,90246.55,LOSS,-92.00,-1.314286
1851,2025-12-11 22:00,LONG,2025-12-11 22:07,89752.51,89620.01,70,300,89682.51,90052.51,2025-12-11 22:11,90052.51,WIN,278.00,3.971429
1852,2025-12-14 16:30,LONG,2025-12-14 16:34,89733.69,89642.49,70,300,89663.69,90033.69,2025-12-14 16:35,89663.69,LOSS,-92.00,-1.314286
1853,2025-12-14 20:30,LONG,2025-12-14 20:59,88998.04,88928.58,70,300,88928.04,89298.04,2025-12-14 21:52,89298.04,WIN,278.00,3.971429
1854,2025-12-14 22:00,SHORT,2025-12-14 22:02,89142.92,89310.00,70,400,89212.92,88742.92,2025-12-14 22:16,88742.92,WIN,378.00,5.400000
1855,2025-12-14 23:00,LONG,2025-12-14 23:02,88716.99,88672.39,70,300,88646.99,89016.99,2025-12-14 23:47,89016.99,WIN,278.00,3.971429
1856,2025-12-15 01:30,LONG,2025-12-15 01:42,88524.88,88392.00,70,300,88454.88,88824.88,2025-12-15 01:44,88824.88,WIN,278.00,3.971429
1857,2025-12-15 03:00,LONG,2025-12-15 03:28,88438.97,88354.66,70,300,88368.97,88738.97,2025-12-15 03:51,88368.97,LOSS,-92.00,-1.314286
1858,2025-12-15 04:00,LONG,2025-12-15 04:28,88323.85,88245.06,70,300,88253.85,88623.85,2025-12-15 04:33,88253.85,LOSS,-92.00,-1.314286
1859,2025-12-15 06:00,SHORT,2025-12-15 06:07,88292.16,88434.37,70,800,88362.16,87492.16,2025-12-15 06:24,88362.16,LOSS,-92.00,-1.314286
1860,2025-12-15 12:30,LONG,2025-12-15 12:45,89615.89,89558.48,70,300,89545.89,89915.89,2025-12-15 14:34,89915.89,WIN,278.00,3.971429
1861,2025-12-15 17:30,LONG,2025-12-15 17:45,89521.28,89474.58,70,300,89451.28,89821.28,2025-12-15 18:51,89451.28,LOSS,-92.00,-1.314286
1862,2025-12-15 20:00,SHORT,2025-12-15 20:08,89552.01,89694.25,70,400,89622.01,89152.01,2025-12-15 20:15,89152.01,WIN,378.00,5.400000
1863,2025-12-15 23:30,SHORT,2025-12-15 23:42,85882.86,85959.99,70,600,85952.86,85282.86,2025-12-16 00:05,85282.86,WIN,578.00,8.257143
1864,2025-12-16 00:30,LONG,2025-12-16 00:48,86065.40,85912.23,70,300,85995.40,86365.40,2025-12-16 00:54,86365.40,WIN,278.00,3.971429
1865,2025-12-16 01:30,LONG,2025-12-16 01:32,86029.96,85973.12,70,300,85959.96,86329.96,2025-12-16 01:36,85959.96,LOSS,-92.00,-1.314286
1866,2025-12-16 02:00,LONG,2025-12-16 02:09,86029.96,85839.63,70,300,85959.96,86329.96,2025-12-16 02:11,85959.96,LOSS,-92.00,-1.314286
1867,2025-12-16 10:00,LONG,2025-12-16 10:22,85755.91,85565.77,70,300,85685.91,86055.91,2025-12-16 11:11,86055.91,WIN,278.00,3.971429
1868,2025-12-16 21:00,LONG,2025-12-16 21:09,87178.00,87120.00,70,300,87108.00,87478.00,2025-12-16 21:10,87108.00,LOSS,-92.00,-1.314286
1869,2025-12-16 21:30,LONG,2025-12-16 21:33,87857.44,87815.98,70,300,87787.44,88157.44,2025-12-16 21:34,87787.44,LOSS,-92.00,-1.314286
1870,2025-12-17 17:30,SHORT,2025-12-17 17:34,87103.26,87142.41,220,800,87323.26,86303.26,2025-12-17 19:14,87323.26,LOSS,-257.00,-1.168182
1871,2025-12-17 20:00,SHORT,2025-12-17 20:02,87751.37,87841.22,70,400,87821.37,87351.37,2025-12-17 20:16,87351.37,WIN,378.00,5.400000
1872,2025-12-17 21:30,SHORT,2025-12-17 21:36,87353.44,87496.97,70,400,87423.44,86953.44,2025-12-17 21:37,87423.44,LOSS,-92.00,-1.314286
1873,2025-12-17 23:30,SHORT,2025-12-17 23:44,86547.12,86625.15,70,600,86617.12,85947.12,2025-12-17 23:50,86617.12,LOSS,-92.00,-1.314286
1874,2025-12-18 01:30,LONG,2025-12-18 01:46,85898.53,85835.38,70,300,85828.53,86198.53,2025-12-18 01:52,86198.53,WIN,278.00,3.971429
1875,2025-12-18 02:00,LONG,2025-12-18 02:10,85898.53,85892.16,70,300,85828.53,86198.53,2025-12-18 02:29,85828.53,LOSS,-92.00,-1.314286
1876,2025-12-18 10:30,LONG,2025-12-18 10:48,86645.44,86541.40,70,300,86575.44,86945.44,2025-12-18 10:52,86575.44,LOSS,-92.00,-1.314286
1877,2025-12-18 22:00,LONG,2025-12-18 22:10,88393.43,88173.61,70,300,88323.43,88693.43,2025-12-18 22:11,88323.43,LOSS,-92.00,-1.314286
1878,2025-12-21 16:00,LONG,2025-12-21 16:06,88772.82,88619.94,70,300,88702.82,89072.82,2025-12-21 16:07,88702.82,LOSS,-92.00,-1.314286
1879,2025-12-22 06:00,SHORT,2025-12-22 06:29,88778.87,89018.86,70,800,88848.87,87978.87,2025-12-22 06:35,88848.87,LOSS,-92.00,-1.314286
1880,2025-12-22 07:00,SHORT,2025-12-22 07:22,88742.40,88876.00,70,800,88812.40,87942.40,2025-12-22 07:36,87942.40,WIN,778.00,11.114286
1881,2025-12-22 08:00,LONG,2025-12-22 08:17,88506.31,88298.22,70,300,88436.31,88806.31,2025-12-22 08:33,88436.31,LOSS,-92.00,-1.314286
1882,2025-12-22 17:00,SHORT,2025-12-22 17:07,89898.95,90016.38,70,800,89968.95,89098.95,2025-12-22 17:18,89968.95,LOSS,-92.00,-1.314286
1883,2025-12-22 18:00,SHORT,2025-12-22 18:12,90065.43,90226.00,70,800,90135.43,89265.43,2025-12-22 18:14,90135.43,LOSS,-92.00,-1.314286
1884,2025-12-22 20:00,SHORT,2025-12-22 20:19,90032.38,90272.37,70,400,90102.38,89632.38,2025-12-22 20:20,90102.38,LOSS,-92.00,-1.314286
1885,2025-12-22 20:30,LONG,2025-12-22 20:33,90006.44,89933.28,70,300,89936.44,90306.44,2025-12-22 20:40,90306.44,WIN,278.00,3.971429
1886,2025-12-22 22:00,SHORT,2025-12-22 22:01,89846.93,90022.00,70,400,89916.93,89446.93,2025-12-22 22:31,89446.93,WIN,378.00,5.400000
1887,2025-12-23 07:30,LONG,2025-12-23 07:35,88393.72,88292.00,70,300,88323.72,88693.72,2025-12-23 07:49,88693.72,WIN,278.00,3.971429
1888,2025-12-23 10:00,LONG,2025-12-23 10:24,88050.00,88008.10,70,300,87980.00,88350.00,2025-12-23 10:26,87980.00,LOSS,-92.00,-1.314286
1889,2025-12-23 19:00,LONG,2025-12-23 19:13,87669.18,87531.89,70,300,87599.18,87969.18,2025-12-23 19:19,87599.18,LOSS,-92.00,-1.314286
1890,2025-12-24 06:00,SHORT,2025-12-24 06:27,87606.00,87624.00,70,800,87676.00,86806.00,2025-12-24 06:30,87676.00,LOSS,-92.00,-1.314286
1891,2025-12-24 21:30,SHORT,2025-12-24 21:33,87170.00,87195.13,70,400,87240.00,86770.00,2025-12-24 22:03,87240.00,LOSS,-92.00,-1.314286
1892,2025-12-25 21:30,LONG,2025-12-25 21:43,88251.27,88232.74,70,300,88181.27,88551.27,2025-12-25 22:19,88181.27,LOSS,-92.00,-1.314286
1893,2025-12-28 23:30,LONG,2025-12-28 23:49,87640.01,87532.69,70,300,87570.01,87940.01,2025-12-29 00:24,87570.01,LOSS,-92.00,-1.314286
1894,2025-12-29 07:00,LONG,2025-12-29 07:08,88175.68,87959.10,70,300,88105.68,88475.68,2025-12-29 07:11,88475.68,WIN,278.00,3.971429
1895,2025-12-29 12:30,LONG,2025-12-29 12:40,89657.25,89630.92,70,300,89587.25,89957.25,2025-12-29 12:49,89587.25,LOSS,-92.00,-1.314286
1896,2025-12-29 16:00,LONG,2025-12-29 16:07,87980.50,87910.02,70,300,87910.50,88280.50,2025-12-29 16:10,87910.50,LOSS,-92.00,-1.314286
1897,2025-12-29 19:00,LONG,2025-12-29 19:22,87276.99,87177.23,70,300,87206.99,87576.99,2025-12-29 19:59,87576.99,WIN,278.00,3.971429
1898,2025-12-29 20:00,SHORT,2025-12-29 20:28,87507.70,87619.30,70,400,87577.70,87107.70,2025-12-29 20:40,87577.70,LOSS,-92.00,-1.314286
1899,2025-12-30 02:00,LONG,2025-12-30 02:13,87246.23,87237.59,70,300,87176.23,87546.23,2025-12-30 02:17,87176.23,LOSS,-92.00,-1.314286
1900,2025-12-30 08:30,LONG,2025-12-30 08:49,86990.99,86912.00,70,300,86920.99,87290.99,2025-12-30 08:55,87290.99,WIN,278.00,3.971429
1901,2025-12-30 21:00,LONG,2025-12-30 21:14,88755.82,88711.27,70,300,88685.82,89055.82,2025-12-30 21:17,88685.82,LOSS,-92.00,-1.314286
1902,2025-12-30 21:30,LONG,2025-12-30 21:35,88896.36,88799.52,70,300,88826.36,89196.36,2025-12-30 21:48,89196.36,WIN,278.00,3.971429
1903,2026-01-04 07:00,LONG,2026-01-04 07:25,91221.48,91115.52,70,300,91151.48,91521.48,2026-01-04 07:33,91151.48,LOSS,-92.00,-1.314286
1904,2026-01-05 00:30,LONG,2026-01-05 00:50,91085.38,90868.95,70,300,91015.38,91385.38,2026-01-05 02:41,91385.38,WIN,278.00,3.971429
1905,2026-01-05 08:00,LONG,2026-01-05 08:01,92847.29,92797.99,70,300,92777.29,93147.29,2026-01-05 08:32,93147.29,WIN,278.00,3.971429
1906,2026-01-05 19:00,LONG,2026-01-05 19:27,92754.28,92660.00,70,300,92684.28,93054.28,2026-01-05 20:00,92684.28,LOSS,-92.00,-1.314286
1907,2026-01-05 20:30,LONG,2026-01-05 20:32,93308.00,93306.00,70,300,93238.00,93608.00,2026-01-05 20:37,93238.00,LOSS,-92.00,-1.314286
1908,2026-01-05 22:00,LONG,2026-01-05 22:06,93837.74,93716.35,70,300,93767.74,94137.74,2026-01-05 22:07,93767.74,LOSS,-92.00,-1.314286
1909,2026-01-05 23:30,LONG,2026-01-05 23:44,94197.84,94117.69,70,300,94127.84,94497.84,2026-01-05 23:46,94127.84,LOSS,-92.00,-1.314286
1910,2026-01-06 03:00,LONG,2026-01-06 03:10,94058.00,93851.99,70,300,93988.00,94358.00,2026-01-06 03:53,94358.00,WIN,278.00,3.971429
1911,2026-01-06 04:30,LONG,2026-01-06 04:45,94051.21,94010.02,70,300,93981.21,94351.21,2026-01-06 04:48,93981.21,LOSS,-92.00,-1.314286
1912,2026-01-08 02:00,LONG,2026-01-08 02:07,91066.07,90940.75,70,300,90996.07,91366.07,2026-01-08 02:15,90996.07,LOSS,-92.00,-1.314286
1913,2026-01-08 04:30,LONG,2026-01-08 04:41,91060.85,91023.14,70,300,90990.85,91360.85,2026-01-08 04:47,91360.85,WIN,278.00,3.971429
1914,2026-01-08 21:30,LONG,2026-01-08 21:59,90661.57,90487.52,70,300,90591.57,90961.57,2026-01-08 22:00,90591.57,LOSS,-92.00,-1.314286
1915,2026-01-08 22:00,LONG,2026-01-08 22:12,90661.57,90557.71,70,300,90591.57,90961.57,2026-01-08 22:30,90961.57,WIN,278.00,3.971429
1916,2026-01-11 22:00,SHORT,2026-01-11 22:20,90995.79,91235.79,70,400,91065.79,90595.79,2026-01-11 22:24,91065.79,LOSS,-92.00,-1.314286
1917,2026-01-12 01:30,LONG,2026-01-12 01:36,90570.81,90535.00,70,300,90500.81,90870.81,2026-01-12 01:41,90500.81,LOSS,-92.00,-1.314286
1918,2026-01-12 04:30,LONG,2026-01-12 04:39,90406.01,90374.23,70,300,90336.01,90706.01,2026-01-12 04:44,90706.01,WIN,278.00,3.971429
1919,2026-01-12 06:00,SHORT,2026-01-12 06:01,91133.66,91160.00,70,800,91203.66,90333.66,2026-01-12 06:29,91203.66,LOSS,-92.00,-1.314286
1920,2026-01-12 20:30,LONG,2026-01-12 20:37,90788.95,90771.39,70,300,90718.95,91088.95,2026-01-12 20:42,90718.95,LOSS,-92.00,-1.314286
1921,2026-01-12 22:30,LONG,2026-01-12 22:41,92003.51,91972.00,270,300,91733.51,92303.51,2026-01-12 22:55,91733.51,LOSS,-312.00,-1.155556
1922,2026-01-13 00:30,LONG,2026-01-13 00:36,91571.80,91569.25,70,300,91501.80,91871.80,2026-01-13 01:01,91871.80,WIN,278.00,3.971429
1923,2026-01-13 12:30,LONG,2026-01-13 12:56,92064.37,91915.38,70,300,91994.37,92364.37,2026-01-13 13:03,91994.37,LOSS,-92.00,-1.314286
1924,2026-01-14 07:00,SHORT,2026-01-14 07:07,95356.84,95510.00,70,800,95426.84,94556.84,2026-01-14 07:41,95426.84,LOSS,-92.00,-1.314286
1925,2026-01-15 08:00,LONG,2026-01-15 08:10,96325.32,96243.81,70,300,96255.32,96625.32,2026-01-15 08:17,96255.32,LOSS,-92.00,-1.314286
1926,2026-01-15 12:00,LONG,2026-01-15 12:20,96309.71,96228.45,70,300,96239.71,96609.71,2026-01-15 12:30,96239.71,LOSS,-92.00,-1.314286
1927,2026-01-15 19:00,LONG,2026-01-15 19:16,96861.66,96631.44,70,300,96791.66,97161.66,2026-01-15 19:43,97161.66,WIN,278.00,3.971429
1928,2026-01-15 21:30,LONG,2026-01-15 21:34,96617.04,96431.67,70,300,96547.04,96917.04,2026-01-15 21:35,96547.04,LOSS,-92.00,-1.314286
1929,2026-01-15 22:00,LONG,2026-01-15 22:11,96617.04,96609.99,70,300,96547.04,96917.04,2026-01-15 22:37,96547.04,LOSS,-92.00,-1.314286
1930,2026-01-15 22:30,LONG,2026-01-15 22:52,96618.50,96525.00,270,300,96348.50,96918.50,2026-01-15 23:10,96918.50,WIN,258.00,0.955556
1931,2026-01-19 07:00,LONG,2026-01-19 07:27,92591.02,92515.68,70,300,92521.02,92891.02,2026-01-19 07:28,92521.02,LOSS,-92.00,-1.314286
1932,2026-01-19 07:30,LONG,2026-01-19 07:40,92466.65,92429.04,70,300,92396.65,92766.65,2026-01-19 07:45,92396.65,LOSS,-92.00,-1.314286
1933,2026-01-20 06:00,LONG,2026-01-20 06:01,92510.99,92510.00,270,300,92240.99,92810.99,2026-01-20 06:51,92810.99,WIN,258.00,0.955556
1934,2026-01-20 17:30,LONG,2026-01-20 17:50,91098.99,91041.12,70,300,91028.99,91398.99,2026-01-20 18:35,91028.99,LOSS,-92.00,-1.314286
1935,2026-01-20 21:00,LONG,2026-01-20 21:25,90411.15,90378.63,70,300,90341.15,90711.15,2026-01-20 21:30,90711.15,WIN,278.00,3.971429
1936,2026-01-21 00:30,SHORT,2026-01-21 00:42,89621.00,89755.07,70,800,89691.00,88821.00,2026-01-21 01:23,89691.00,LOSS,-92.00,-1.314286
1937,2026-01-21 07:30,SHORT,2026-01-21 07:57,89140.91,89344.72,70,400,89210.91,88740.91,2026-01-21 08:40,89210.91,LOSS,-92.00,-1.314286
1938,2026-01-21 21:00,SHORT,2026-01-21 21:08,89925.43,90119.59,70,400,89995.43,89525.43,2026-01-21 21:09,89995.43,LOSS,-92.00,-1.314286
1939,2026-01-21 22:30,SHORT,2026-01-21 22:41,87722.39,87950.00,70,400,87792.39,87322.39,2026-01-21 22:44,87322.39,WIN,378.00,5.400000
1940,2026-01-22 00:30,LONG,2026-01-22 00:36,88365.43,88297.23,70,300,88295.43,88665.43,2026-01-22 00:39,88295.43,LOSS,-92.00,-1.314286
1941,2026-01-22 22:00,LONG,2026-01-22 22:06,88880.00,88840.00,70,300,88810.00,89180.00,2026-01-22 22:07,88810.00,LOSS,-92.00,-1.314286
1942,2026-01-25 23:30,LONG,2026-01-25 23:44,87772.16,87638.35,70,300,87702.16,88072.16,2026-01-25 23:45,87702.16,LOSS,-92.00,-1.314286
1943,2026-01-26 00:30,LONG,2026-01-26 00:36,87300.01,87236.06,70,300,87230.01,87600.01,2026-01-26 00:46,87230.01,LOSS,-92.00,-1.314286
1944,2026-01-26 02:00,LONG,2026-01-26 02:08,86375.17,86358.75,70,300,86305.17,86675.17,2026-01-26 02:09,86305.17,LOSS,-92.00,-1.314286
1945,2026-01-26 04:00,LONG,2026-01-26 04:05,86448.51,86235.39,70,300,86378.51,86748.51,2026-01-26 04:10,86378.51,LOSS,-92.00,-1.314286
1946,2026-01-26 04:30,LONG,2026-01-26 04:32,86401.39,86334.78,70,300,86331.39,86701.39,2026-01-26 04:35,86331.39,LOSS,-92.00,-1.314286
1947,2026-01-26 07:30,LONG,2026-01-26 07:46,87578.74,87449.99,70,300,87508.74,87878.74,2026-01-26 07:57,87878.74,WIN,278.00,3.971429
1948,2026-01-26 13:00,LONG,2026-01-26 13:05,87817.45,87714.48,70,300,87747.45,88117.45,2026-01-26 13:34,88117.45,WIN,278.00,3.971429
1949,2026-01-26 19:00,SHORT,2026-01-26 19:07,87919.44,88041.40,70,600,87989.44,87319.44,2026-01-26 19:10,87989.44,LOSS,-92.00,-1.314286
1950,2026-01-26 21:00,SHORT,2026-01-26 21:02,88298.09,88400.28,70,400,88368.09,87898.09,2026-01-26 21:04,88368.09,LOSS,-92.00,-1.314286
1951,2026-01-26 22:30,SHORT,2026-01-26 22:36,87727.00,87766.81,70,400,87797.00,87327.00,2026-01-26 22:48,87327.00,WIN,378.00,5.400000
1952,2026-01-26 23:00,LONG,2026-01-26 23:07,87487.00,87429.47,70,300,87417.00,87787.00,2026-01-26 23:33,87787.00,WIN,278.00,3.971429
1953,2026-01-28 01:30,SHORT,2026-01-28 01:35,88528.78,88539.01,70,800,88598.78,87728.78,2026-01-28 01:39,88598.78,LOSS,-92.00,-1.314286
1954,2026-01-28 18:30,SHORT,2026-01-28 18:48,90118.69,90150.00,70,800,90188.69,89318.69,2026-01-28 19:01,90188.69,LOSS,-92.00,-1.314286
1955,2026-01-28 22:00,SHORT,2026-01-28 22:02,89599.66,89608.61,70,400,89669.66,89199.66,2026-01-28 22:03,89669.66,LOSS,-92.00,-1.314286
1956,2026-01-29 22:00,LONG,2026-01-29 22:17,84814.02,84620.00,70,300,84744.02,85114.02,2026-01-29 22:26,85114.02,WIN,278.00,3.971429
1957,2026-02-01 02:30,LONG,2026-02-01 02:37,77879.02,77734.47,70,300,77809.02,78179.02,2026-02-01 02:41,77809.02,LOSS,-92.00,-1.314286
1958,2026-02-01 03:00,LONG,2026-02-01 03:02,77879.02,77810.19,70,300,77809.02,78179.02,2026-02-01 03:09,78179.02,WIN,278.00,3.971429
1959,2026-02-01 04:00,LONG,2026-02-01 04:09,78172.00,78139.94,70,300,78102.00,78472.00,2026-02-01 04:11,78102.00,LOSS,-92.00,-1.314286
1960,2026-02-01 06:00,SHORT,2026-02-01 06:06,78861.10,79004.09,70,800,78931.10,78061.10,2026-02-01 06:17,78931.10,LOSS,-92.00,-1.314286
1961,2026-02-01 08:30,LONG,2026-02-01 08:51,78780.01,78700.44,70,300,78710.01,79080.01,2026-02-01 08:53,78710.01,LOSS,-92.00,-1.314286
1962,2026-02-01 12:00,LONG,2026-02-01 12:09,78500.90,78464.10,70,300,78430.90,78800.90,2026-02-01 12:17,78430.90,LOSS,-92.00,-1.314286
1963,2026-02-01 16:30,SHORT,2026-02-01 16:46,78399.73,78508.10,70,600,78469.73,77799.73,2026-02-01 16:57,78469.73,LOSS,-92.00,-1.314286
1964,2026-02-01 17:30,LONG,2026-02-01 17:40,78623.57,78517.89,70,300,78553.57,78923.57,2026-02-01 17:45,78553.57,LOSS,-92.00,-1.314286
1965,2026-02-02 00:30,LONG,2026-02-02 00:41,77909.29,77828.00,70,300,77839.29,78209.29,2026-02-02 00:43,77839.29,LOSS,-92.00,-1.314286
1966,2026-02-02 01:30,SHORT,2026-02-02 01:49,77294.77,77360.01,70,800,77364.77,76494.77,2026-02-02 01:52,77364.77,LOSS,-92.00,-1.314286
1967,2026-02-02 06:30,SHORT,2026-02-02 06:36,77792.61,77846.69,70,400,77862.61,77392.61,2026-02-02 06:39,77392.61,WIN,378.00,5.400000
1968,2026-02-02 09:30,LONG,2026-02-02 09:52,76172.98,76098.81,70,300,76102.98,76472.98,2026-02-02 09:53,76102.98,LOSS,-92.00,-1.314286
1969,2026-02-02 11:30,LONG,2026-02-02 11:34,75382.10,75321.58,70,300,75312.10,75682.10,2026-02-02 11:39,75312.10,LOSS,-92.00,-1.314286
1970,2026-02-02 13:00,SHORT,2026-02-02 13:10,76669.32,76687.90,70,400,76739.32,76269.32,2026-02-02 13:15,76739.32,LOSS,-92.00,-1.314286
1971,2026-02-02 16:00,LONG,2026-02-02 16:13,77605.33,77516.69,70,300,77535.33,77905.33,2026-02-02 16:16,77535.33,LOSS,-92.00,-1.314286
1972,2026-02-02 18:00,SHORT,2026-02-02 18:05,77880.00,78066.00,70,800,77950.00,77080.00,2026-02-02 18:06,77950.00,LOSS,-92.00,-1.314286
1973,2026-02-02 22:00,SHORT,2026-02-02 22:07,78970.06,78977.16,70,400,79040.06,78570.06,2026-02-02 22:08,79040.06,LOSS,-92.00,-1.314286
1974,2026-02-02 23:30,LONG,2026-02-02 23:36,78868.65,78845.22,70,300,78798.65,79168.65,2026-02-02 23:37,78798.65,LOSS,-92.00,-1.314286
1975,2026-02-03 01:30,LONG,2026-02-03 01:31,78221.50,78187.14,70,300,78151.50,78521.50,2026-02-03 01:36,78521.50,WIN,278.00,3.971429
1976,2026-02-03 05:30,LONG,2026-02-03 05:33,78618.60,78602.78,270,300,78348.60,78918.60,2026-02-03 05:59,78918.60,WIN,258.00,0.955556
1977,2026-02-03 06:30,LONG,2026-02-03 06:53,78945.24,78739.99,270,300,78675.24,79245.24,2026-02-03 07:40,78675.24,LOSS,-312.00,-1.155556
1978,2026-02-03 09:30,LONG,2026-02-03 09:40,78633.32,78547.18,70,300,78563.32,78933.32,2026-02-03 09:55,78563.32,LOSS,-92.00,-1.314286
1979,2026-02-04 17:30,SHORT,2026-02-04 17:37,76137.25,76204.00,220,800,76357.25,75337.25,2026-02-04 19:14,75337.25,WIN,763.00,3.468182
1980,2026-02-04 20:00,SHORT,2026-02-04 20:01,74987.00,75157.49,70,400,75057.00,74587.00,2026-02-04 20:05,75057.00,LOSS,-92.00,-1.314286
1981,2026-02-05 01:30,LONG,2026-02-05 01:50,73803.30,73647.28,70,300,73733.30,74103.30,2026-02-05 01:51,73733.30,LOSS,-92.00,-1.314286
1982,2026-02-05 02:30,LONG,2026-02-05 02:38,73396.30,73352.05,70,300,73326.30,73696.30,2026-02-05 02:48,73326.30,LOSS,-92.00,-1.314286
1983,2026-02-05 06:00,LONG,2026-02-05 06:05,73045.84,72965.60,270,300,72775.84,73345.84,2026-02-05 06:47,72775.84,LOSS,-312.00,-1.155556
1984,2026-02-05 10:00,LONG,2026-02-05 10:08,71103.25,71077.68,70,300,71033.25,71403.25,2026-02-05 10:09,71033.25,LOSS,-92.00,-1.314286
1985,2026-02-05 12:00,LONG,2026-02-05 12:01,70612.73,70558.05,70,300,70542.73,70912.73,2026-02-05 12:04,70912.73,WIN,278.00,3.971429
1986,2026-02-08 00:30,LONG,2026-02-08 00:46,69394.11,69330.89,70,300,69324.11,69694.11,2026-02-08 01:01,69324.11,LOSS,-92.00,-1.314286
1987,2026-02-08 04:00,LONG,2026-02-08 04:16,69377.99,69367.86,70,300,69307.99,69677.99,2026-02-08 04:31,69307.99,LOSS,-92.00,-1.314286
1988,2026-02-08 05:30,LONG,2026-02-08 05:56,69169.37,69102.42,270,300,68899.37,69469.37,2026-02-08 06:11,68899.37,LOSS,-312.00,-1.155556
1989,2026-02-08 06:00,LONG,2026-02-08 06:20,69169.37,69072.00,270,300,68899.37,69469.37,2026-02-08 07:21,69469.37,WIN,258.00,0.955556
1990,2026-02-08 17:30,LONG,2026-02-08 17:34,70879.99,70860.00,70,300,70809.99,71179.99,2026-02-08 17:50,70809.99,LOSS,-92.00,-1.314286
1991,2026-02-08 18:00,SHORT,2026-02-08 18:25,71119.99,71120.44,70,800,71189.99,70319.99,2026-02-08 18:27,71189.99,LOSS,-92.00,-1.314286
1992,2026-02-08 21:00,LONG,2026-02-08 21:04,71142.18,71105.93,70,300,71072.18,71442.18,2026-02-08 21:07,71072.18,LOSS,-92.00,-1.314286
1993,2026-02-08 22:30,SHORT,2026-02-08 22:54,70535.99,70611.33,70,400,70605.99,70135.99,2026-02-08 22:58,70605.99,LOSS,-92.00,-1.314286
1994,2026-02-08 23:30,SHORT,2026-02-08 23:35,70906.00,70920.33,70,600,70976.00,70306.00,2026-02-08 23:41,70976.00,LOSS,-92.00,-1.314286
1995,2026-02-09 00:30,SHORT,2026-02-09 00:48,71267.24,71344.09,70,800,71337.24,70467.24,2026-02-09 01:10,71337.24,LOSS,-92.00,-1.314286
1996,2026-02-09 07:00,SHORT,2026-02-09 07:05,70622.37,70648.13,70,800,70692.37,69822.37,2026-02-09 08:09,70692.37,LOSS,-92.00,-1.314286
1997,2026-02-09 08:30,SHORT,2026-02-09 08:41,70749.99,70803.93,70,800,70819.99,69949.99,2026-02-09 08:46,70819.99,LOSS,-92.00,-1.314286
1998,2026-02-09 09:30,LONG,2026-02-09 09:49,71187.56,71093.53,70,300,71117.56,71487.56,2026-02-09 10:01,71117.56,LOSS,-92.00,-1.314286
1999,2026-02-09 11:30,LONG,2026-02-09 11:41,70924.51,70752.00,70,300,70854.51,71224.51,2026-02-09 11:44,70854.51,LOSS,-92.00,-1.314286
2000,2026-02-09 17:00,SHORT,2026-02-09 17:02,68847.88,68933.31,70,800,68917.88,68047.88,2026-02-09 17:08,68917.88,LOSS,-92.00,-1.314286
2001,2026-02-09 18:00,SHORT,2026-02-09 18:21,69048.71,69217.97,70,800,69118.71,68248.71,2026-02-09 18:23,69118.71,LOSS,-92.00,-1.314286
2002,2026-02-09 18:30,SHORT,2026-02-09 18:43,69267.02,69299.39,70,800,69337.02,68467.02,2026-02-09 19:37,68467.02,WIN,778.00,11.114286
2003,2026-02-09 21:30,LONG,2026-02-09 21:51,69443.37,69293.23,70,300,69373.37,69743.37,2026-02-09 21:53,69373.37,LOSS,-92.00,-1.314286
2004,2026-02-09 22:00,LONG,2026-02-09 22:06,69443.37,69360.00,70,300,69373.37,69743.37,2026-02-09 22:11,69743.37,WIN,278.00,3.971429
2005,2026-02-10 01:30,LONG,2026-02-10 01:35,70837.01,70715.31,70,300,70767.01,71137.01,2026-02-10 01:45,70767.01,LOSS,-92.00,-1.314286
2006,2026-02-10 02:00,LONG,2026-02-10 02:15,70837.01,70766.00,70,300,70767.01,71137.01,2026-02-10 02:16,70767.01,LOSS,-92.00,-1.314286
2007,2026-02-10 21:30,LONG,2026-02-10 21:32,69173.37,69159.72,70,300,69103.37,69473.37,2026-02-10 21:34,69103.37,LOSS,-92.00,-1.314286
2008,2026-02-10 22:30,LONG,2026-02-10 22:35,69397.71,69312.72,270,300,69127.71,69697.71,2026-02-10 22:51,69697.71,WIN,258.00,0.955556
2009,2026-02-11 17:30,SHORT,2026-02-11 17:40,67173.03,67239.62,220,800,67393.03,66373.03,2026-02-11 17:52,67393.03,LOSS,-257.00,-1.168182
2010,2026-02-11 20:00,SHORT,2026-02-11 20:05,67574.49,67801.55,70,400,67644.49,67174.49,2026-02-11 20:10,67174.49,WIN,378.00,5.400000
2011,2026-02-12 02:00,LONG,2026-02-12 02:17,67466.66,67397.70,70,300,67396.66,67766.66,2026-02-12 02:52,67766.66,WIN,278.00,3.971429
2012,2026-02-12 04:00,LONG,2026-02-12 04:13,67690.20,67512.68,70,300,67620.20,67990.20,2026-02-12 04:15,67620.20,LOSS,-92.00,-1.314286
2013,2026-02-12 12:30,LONG,2026-02-12 12:33,67005.57,66990.00,70,300,66935.57,67305.57,2026-02-12 12:56,67305.57,WIN,278.00,3.971429
2014,2026-02-12 17:30,LONG,2026-02-12 17:34,67956.01,67939.00,70,300,67886.01,68256.01,2026-02-12 17:37,67886.01,LOSS,-92.00,-1.314286
2015,2026-02-15 03:00,LONG,2026-02-15 03:05,69903.10,69890.46,70,300,69833.10,70203.10,2026-02-15 03:06,69833.10,LOSS,-92.00,-1.314286
2016,2026-02-15 07:00,LONG,2026-02-15 07:11,69657.06,69542.70,70,300,69587.06,69957.06,2026-02-15 07:13,69587.06,LOSS,-92.00,-1.314286
2017,2026-02-15 09:30,LONG,2026-02-15 09:33,69834.50,69630.02,70,300,69764.50,70134.50,2026-02-15 09:34,69764.50,LOSS,-92.00,-1.314286
2018,2026-02-15 13:30,SHORT,2026-02-15 13:37,70948.43,70955.40,70,400,71018.43,70548.43,2026-02-15 14:00,70548.43,WIN,378.00,5.400000
2019,2026-02-15 17:30,LONG,2026-02-15 17:51,70175.22,70031.88,70,300,70105.22,70475.22,2026-02-15 18:18,70105.22,LOSS,-92.00,-1.314286
2020,2026-02-15 20:00,SHORT,2026-02-15 20:22,69050.00,69205.72,70,400,69120.00,68650.00,2026-02-15 20:25,69120.00,LOSS,-92.00,-1.314286
2021,2026-02-15 21:00,LONG,2026-02-15 21:09,69050.51,68895.60,70,300,68980.51,69350.51,2026-02-15 21:23,68980.51,LOSS,-92.00,-1.314286
2022,2026-02-15 21:30,LONG,2026-02-15 21:44,68980.00,68748.69,70,300,68910.00,69280.00,2026-02-15 21:51,68910.00,LOSS,-92.00,-1.314286
2023,2026-02-16 08:00,LONG,2026-02-16 08:08,68510.81,68374.00,70,300,68440.81,68810.81,2026-02-16 08:17,68440.81,LOSS,-92.00,-1.314286
2024,2026-02-16 16:30,LONG,2026-02-16 16:58,68678.21,68573.59,70,300,68608.21,68978.21,2026-02-16 17:11,68608.21,LOSS,-92.00,-1.314286
2025,2026-02-16 20:00,SHORT,2026-02-16 20:09,68515.11,68620.39,70,400,68585.11,68115.11,2026-02-16 20:18,68585.11,LOSS,-92.00,-1.314286
2026,2026-02-17 10:00,LONG,2026-02-17 10:04,68354.90,68347.49,70,300,68284.90,68654.90,2026-02-17 10:49,68284.90,LOSS,-92.00,-1.314286
2027,2026-02-18 22:30,SHORT,2026-02-18 22:40,67265.35,67397.20,70,400,67335.35,66865.35,2026-02-18 22:41,67335.35,LOSS,-92.00,-1.314286
2028,2026-02-19 21:30,LONG,2026-02-19 21:46,66278.01,66234.41,70,300,66208.01,66578.01,2026-02-19 21:47,66208.01,LOSS,-92.00,-1.314286
2029,2026-02-22 20:30,LONG,2026-02-22 20:38,67323.89,67322.47,70,300,67253.89,67623.89,2026-02-22 21:02,67623.89,WIN,278.00,3.971429
2030,2026-02-23 07:30,SHORT,2026-02-23 07:54,64547.64,64650.71,70,400,64617.64,64147.64,2026-02-23 07:56,64617.64,LOSS,-92.00,-1.314286
2031,2026-02-23 08:30,SHORT,2026-02-23 08:40,64903.56,65045.93,70,800,64973.56,64103.56,2026-02-23 09:11,64973.56,LOSS,-92.00,-1.314286
2032,2026-02-23 16:00,LONG,2026-02-23 16:10,66284.92,66240.00,70,300,66214.92,66584.92,2026-02-23 17:07,66214.92,LOSS,-92.00,-1.314286
2033,2026-02-23 18:00,LONG,2026-02-23 18:06,66087.23,65901.47,70,300,66017.23,66387.23,2026-02-23 18:13,66387.23,WIN,278.00,3.971429
2034,2026-02-23 18:00,SHORT,2026-02-23 18:20,66327.23,66385.04,70,800,66397.23,65527.23,2026-02-23 19:13,66397.23,LOSS,-92.00,-1.314286
2035,2026-02-24 02:00,LONG,2026-02-24 02:01,64175.11,64016.86,70,300,64105.11,64475.11,2026-02-24 02:28,64475.11,WIN,278.00,3.971429
2036,2026-02-24 09:30,LONG,2026-02-24 09:36,63475.51,63429.38,70,300,63405.51,63775.51,2026-02-24 09:37,63405.51,LOSS,-92.00,-1.314286
2037,2026-02-24 12:00,LONG,2026-02-24 12:26,62984.79,62956.64,70,300,62914.79,63284.79,2026-02-24 12:35,62914.79,LOSS,-92.00,-1.314286
2038,2026-02-24 18:00,LONG,2026-02-24 18:22,63107.11,62983.59,70,300,63037.11,63407.11,2026-02-24 18:25,63037.11,LOSS,-92.00,-1.314286
2039,2026-02-24 19:00,LONG,2026-02-24 19:03,62849.04,62740.00,70,300,62779.04,63149.04,2026-02-24 19:04,62779.04,LOSS,-92.00,-1.314286
2040,2026-02-24 23:30,LONG,2026-02-24 23:48,64099.70,63904.55,70,300,64029.70,64399.70,2026-02-25 00:11,64399.70,WIN,278.00,3.971429
2041,2026-02-25 00:30,SHORT,2026-02-25 00:40,64555.05,64647.44,70,800,64625.05,63755.05,2026-02-25 06:40,64625.05,LOSS,-92.00,-1.314286
2042,2026-02-25 07:30,SHORT,2026-02-25 07:32,66016.74,66129.46,70,400,66086.74,65616.74,2026-02-25 07:36,66086.74,LOSS,-92.00,-1.314286
2043,2026-02-25 13:00,SHORT,2026-02-25 13:10,65018.22,65141.18,70,400,65088.22,64618.22,2026-02-25 13:36,65088.22,LOSS,-92.00,-1.314286
2044,2026-02-25 20:00,SHORT,2026-02-25 20:05,66368.63,66567.72,70,400,66438.63,65968.63,2026-02-25 20:06,66438.63,LOSS,-92.00,-1.314286
2045,2026-02-26 00:30,LONG,2026-02-26 00:33,69208.06,69190.00,70,300,69138.06,69508.06,2026-02-26 00:34,69138.06,LOSS,-92.00,-1.314286
2046,2026-02-26 02:30,LONG,2026-02-26 02:46,69028.69,69014.95,70,300,68958.69,69328.69,2026-02-26 02:50,68958.69,LOSS,-92.00,-1.314286
2047,2026-02-26 03:00,LONG,2026-02-26 03:03,69028.69,68866.28,70,300,68958.69,69328.69,2026-02-26 03:05,69328.69,WIN,278.00,3.971429
2048,2026-02-26 21:00,LONG,2026-02-26 21:15,67576.89,67383.36,70,300,67506.89,67876.89,2026-02-26 21:16,67506.89,LOSS,-92.00,-1.314286
2049,2026-02-26 21:30,LONG,2026-02-26 21:33,67262.00,67250.47,70,300,67192.00,67562.00,2026-02-26 21:36,67192.00,LOSS,-92.00,-1.314286
2050,2026-02-26 23:30,LONG,2026-02-26 23:40,66706.80,66662.65,70,300,66636.80,67006.80,2026-02-26 23:47,67006.80,WIN,278.00,3.971429
2051,2026-03-01 03:00,LONG,2026-03-01 03:08,66839.63,66628.42,70,300,66769.63,67139.63,2026-03-01 03:10,66769.63,LOSS,-92.00,-1.314286
2052,2026-03-01 05:30,SHORT,2026-03-01 05:35,67093.26,67093.73,70,600,67163.26,66493.26,2026-03-01 06:39,66493.26,WIN,578.00,8.257143
2053,2026-03-01 07:00,LONG,2026-03-01 07:07,66671.29,66432.25,70,300,66601.29,66971.29,2026-03-01 07:18,66971.29,WIN,278.00,3.971429
2054,2026-03-01 10:00,LONG,2026-03-01 10:07,67382.16,67252.14,70,300,67312.16,67682.16,2026-03-01 10:09,67312.16,LOSS,-92.00,-1.314286
2055,2026-03-01 13:30,SHORT,2026-03-01 13:42,67261.40,67271.60,70,400,67331.40,66861.40,2026-03-01 14:21,66861.40,WIN,378.00,5.400000
2056,2026-03-01 21:00,SHORT,2026-03-01 21:26,66967.80,67193.76,70,400,67037.80,66567.80,2026-03-01 21:40,67037.80,LOSS,-92.00,-1.314286
2057,2026-03-01 22:00,SHORT,2026-03-01 22:10,66962.42,67050.89,70,400,67032.42,66562.42,2026-03-01 22:17,66562.42,WIN,378.00,5.400000
2058,2026-03-02 04:00,SHORT,2026-03-02 04:02,65786.19,65882.77,70,600,65856.19,65186.19,2026-03-02 04:06,65186.19,WIN,578.00,8.257143
2059,2026-03-02 05:30,SHORT,2026-03-02 05:45,65896.48,65965.58,70,600,65966.48,65296.48,2026-03-02 05:50,65966.48,LOSS,-92.00,-1.314286
2060,2026-03-02 08:00,LONG,2026-03-02 08:08,66412.02,66249.94,70,300,66342.02,66712.02,2026-03-02 08:11,66342.02,LOSS,-92.00,-1.314286
2061,2026-03-02 09:30,LONG,2026-03-02 09:50,66700.03,66677.22,70,300,66630.03,67000.03,2026-03-02 10:35,66630.03,LOSS,-92.00,-1.314286
2062,2026-03-02 10:30,LONG,2026-03-02 10:45,66742.11,66615.74,70,300,66672.11,67042.11,2026-03-02 10:54,66672.11,LOSS,-92.00,-1.314286
2063,2026-03-02 19:00,LONG,2026-03-02 19:01,65843.43,65797.28,70,300,65773.43,66143.43,2026-03-02 19:09,65773.43,LOSS,-92.00,-1.314286
2064,2026-03-02 22:00,SHORT,2026-03-02 22:04,69250.20,69293.69,70,400,69320.20,68850.20,2026-03-02 22:05,69320.20,LOSS,-92.00,-1.314286
2065,2026-03-03 01:30,LONG,2026-03-03 01:46,68846.52,68689.32,70,300,68776.52,69146.52,2026-03-03 02:04,69146.52,WIN,278.00,3.971429
2066,2026-03-03 07:00,LONG,2026-03-03 07:03,68972.89,68898.08,70,300,68902.89,69272.89,2026-03-03 07:10,68902.89,LOSS,-92.00,-1.314286
2067,2026-03-03 08:30,LONG,2026-03-03 08:57,68392.17,68270.23,70,300,68322.17,68692.17,2026-03-03 09:21,68322.17,LOSS,-92.00,-1.314286
2068,2026-03-03 23:00,LONG,2026-03-03 23:11,68055.89,67932.18,70,300,67985.89,68355.89,2026-03-03 23:19,68355.89,WIN,278.00,3.971429
2069,2026-03-03 23:30,LONG,2026-03-03 23:45,68198.66,68040.00,70,300,68128.66,68498.66,2026-03-03 23:51,68498.66,WIN,278.00,3.971429
2070,2026-03-04 00:30,SHORT,2026-03-04 00:52,68748.50,68790.45,70,800,68818.50,67948.50,2026-03-04 00:53,68818.50,LOSS,-92.00,-1.314286
2071,2026-03-04 06:30,SHORT,2026-03-04 06:34,68213.20,68217.61,70,400,68283.20,67813.20,2026-03-04 06:59,68283.20,LOSS,-92.00,-1.314286
2072,2026-03-04 20:00,SHORT,2026-03-04 20:13,71597.17,71756.84,70,400,71667.17,71197.17,2026-03-04 20:19,71667.17,LOSS,-92.00,-1.314286
2073,2026-03-05 02:00,LONG,2026-03-05 02:04,73491.67,73356.00,70,300,73421.67,73791.67,2026-03-05 02:08,73421.67,LOSS,-92.00,-1.314286
2074,2026-03-05 11:30,LONG,2026-03-05 11:32,72292.15,72286.87,70,300,72222.15,72592.15,2026-03-05 11:38,72222.15,LOSS,-92.00,-1.314286
2075,2026-03-05 17:30,LONG,2026-03-05 17:34,72795.80,72762.37,70,300,72725.80,73095.80,2026-03-05 17:47,72725.80,LOSS,-92.00,-1.314286
2076,2026-03-05 22:00,LONG,2026-03-05 22:10,71532.77,71294.65,70,300,71462.77,71832.77,2026-03-05 22:11,71462.77,LOSS,-92.00,-1.314286
2077,2026-03-08 00:30,LONG,2026-03-08 00:50,67448.13,67312.29,70,300,67378.13,67748.13,2026-03-08 00:54,67378.13,LOSS,-92.00,-1.314286
2078,2026-03-08 01:30,SHORT,2026-03-08 01:50,67200.33,67275.26,70,800,67270.33,66400.33,2026-03-08 01:54,67270.33,LOSS,-92.00,-1.314286
2079,2026-03-08 04:00,LONG,2026-03-08 04:16,67332.97,67109.87,70,300,67262.97,67632.97,2026-03-08 04:19,67262.97,LOSS,-92.00,-1.314286
2080,2026-03-08 19:00,LONG,2026-03-08 19:21,67204.71,67071.81,70,300,67134.71,67504.71,2026-03-08 20:11,67134.71,LOSS,-92.00,-1.314286
2081,2026-03-08 23:30,LONG,2026-03-08 23:51,66945.00,66767.01,70,300,66875.00,67245.00,2026-03-09 00:07,66875.00,LOSS,-92.00,-1.314286
2082,2026-03-09 01:30,LONG,2026-03-09 01:49,67217.41,67125.24,70,300,67147.41,67517.41,2026-03-09 01:52,67147.41,LOSS,-92.00,-1.314286
2083,2026-03-09 05:30,SHORT,2026-03-09 05:54,66091.20,66290.30,70,600,66161.20,65491.20,2026-03-09 05:59,66161.20,LOSS,-92.00,-1.314286
2084,2026-03-09 06:30,SHORT,2026-03-09 06:58,66490.01,66530.41,70,400,66560.01,66090.01,2026-03-09 07:01,66560.01,LOSS,-92.00,-1.314286
2085,2026-03-09 16:30,LONG,2026-03-09 16:53,67488.13,67483.44,70,300,67418.13,67788.13,2026-03-09 17:24,67788.13,WIN,278.00,3.971429
2086,2026-03-09 18:30,SHORT,2026-03-09 18:49,68271.93,68339.20,70,800,68341.93,67471.93,2026-03-09 18:55,68341.93,LOSS,-92.00,-1.314286
2087,2026-03-09 21:00,LONG,2026-03-09 21:26,69031.50,68894.87,70,300,68961.50,69331.50,2026-03-09 21:27,68961.50,LOSS,-92.00,-1.314286
2088,2026-03-09 22:00,LONG,2026-03-09 22:05,68743.67,68695.39,70,300,68673.67,69043.67,2026-03-09 22:10,69043.67,WIN,278.00,3.971429
2089,2026-03-09 22:00,SHORT,2026-03-09 22:16,68983.67,69095.82,70,400,69053.67,68583.67,2026-03-09 22:21,69053.67,LOSS,-92.00,-1.314286
2090,2026-03-09 23:30,LONG,2026-03-09 23:47,68480.71,68412.54,70,300,68410.71,68780.71,2026-03-10 00:19,68410.71,LOSS,-92.00,-1.314286
2091,2026-03-10 02:00,LONG,2026-03-10 02:23,68871.93,68785.28,70,300,68801.93,69171.93,2026-03-10 03:00,68801.93,LOSS,-92.00,-1.314286
2092,2026-03-10 03:00,LONG,2026-03-10 03:11,68841.15,68742.53,70,300,68771.15,69141.15,2026-03-10 03:39,68771.15,LOSS,-92.00,-1.314286
2093,2026-03-10 06:30,LONG,2026-03-10 06:55,69037.36,68930.42,270,300,68767.36,69337.36,2026-03-10 07:26,69337.36,WIN,258.00,0.955556
2094,2026-03-10 11:30,LONG,2026-03-10 11:54,69851.34,69770.27,70,300,69781.34,70151.34,2026-03-10 11:58,70151.34,WIN,278.00,3.971429
2095,2026-03-10 16:30,LONG,2026-03-10 16:46,70654.04,70581.42,70,300,70584.04,70954.04,2026-03-10 17:13,70584.04,LOSS,-92.00,-1.314286
2096,2026-03-10 20:30,LONG,2026-03-10 20:55,71347.81,71167.54,70,300,71277.81,71647.81,2026-03-10 20:56,71277.81,LOSS,-92.00,-1.314286
2097,2026-03-10 23:00,LONG,2026-03-10 23:02,71148.58,71092.00,70,300,71078.58,71448.58,2026-03-10 23:05,71078.58,LOSS,-92.00,-1.314286
2098,2026-03-11 00:30,SHORT,2026-03-11 00:50,70133.87,70261.00,70,800,70203.87,69333.87,2026-03-11 01:35,70203.87,LOSS,-92.00,-1.314286
2099,2026-03-11 05:30,SHORT,2026-03-11 05:59,70068.64,70146.32,70,600,70138.64,69468.64,2026-03-11 06:22,70138.64,LOSS,-92.00,-1.314286
2100,2026-03-11 06:00,SHORT,2026-03-11 06:23,70068.64,70119.63,70,800,70138.64,69268.64,2026-03-11 06:26,70138.64,LOSS,-92.00,-1.314286
2101,2026-03-11 18:00,SHORT,2026-03-11 18:03,69292.99,69337.91,70,800,69362.99,68492.99,2026-03-11 18:09,69362.99,LOSS,-92.00,-1.314286
2102,2026-03-12 00:30,LONG,2026-03-12 00:50,70497.63,70417.17,70,300,70427.63,70797.63,2026-03-12 01:45,70427.63,LOSS,-92.00,-1.314286
2103,2026-03-12 10:00,LONG,2026-03-12 10:07,69326.61,69316.88,70,300,69256.61,69626.61,2026-03-12 10:53,69256.61,LOSS,-92.00,-1.314286
2104,2026-03-12 19:00,LONG,2026-03-12 19:04,70261.80,70174.65,70,300,70191.80,70561.80,2026-03-12 19:12,70191.80,LOSS,-92.00,-1.314286
2105,2026-03-12 21:30,LONG,2026-03-12 21:46,70214.89,70205.43,70,300,70144.89,70514.89,2026-03-12 21:51,70514.89,WIN,278.00,3.971429
2106,2026-03-12 22:00,LONG,2026-03-12 22:02,70214.89,70209.15,70,300,70144.89,70514.89,2026-03-12 22:19,70514.89,WIN,278.00,3.971429
2107,2026-03-12 23:00,LONG,2026-03-12 23:17,70261.15,70187.19,70,300,70191.15,70561.15,2026-03-12 23:25,70191.15,LOSS,-92.00,-1.314286
2108,2026-03-12 23:30,LONG,2026-03-12 23:36,70092.05,70084.64,70,300,70022.05,70392.05,2026-03-12 23:50,70022.05,LOSS,-92.00,-1.314286
2109,2026-03-15 19:00,LONG,2026-03-15 19:18,71490.33,71319.81,70,300,71420.33,71790.33,2026-03-15 19:53,71420.33,LOSS,-92.00,-1.314286
2110,2026-03-16 04:00,LONG,2026-03-16 04:01,71989.59,71953.64,70,300,71919.59,72289.59,2026-03-16 04:09,72289.59,WIN,278.00,3.971429
2111,2026-03-16 06:30,LONG,2026-03-16 06:46,72411.27,72327.24,270,300,72141.27,72711.27,2026-03-16 07:20,72711.27,WIN,258.00,0.955556
2112,2026-03-16 13:30,SHORT,2026-03-16 13:44,73576.69,73745.18,70,400,73646.69,73176.69,2026-03-16 14:11,73176.69,WIN,378.00,5.400000
2113,2026-03-16 22:00,SHORT,2026-03-16 22:07,73394.75,73520.66,70,400,73464.75,72994.75,2026-03-16 22:10,73464.75,LOSS,-92.00,-1.314286
2114,2026-03-17 18:00,LONG,2026-03-17 18:11,73913.10,73810.55,70,300,73843.10,74213.10,2026-03-17 18:13,73843.10,LOSS,-92.00,-1.314286
2115,2026-03-17 19:00,LONG,2026-03-17 19:26,73619.74,73511.79,70,300,73549.74,73919.74,2026-03-17 19:30,73549.74,LOSS,-92.00,-1.314286
2116,2026-03-18 00:00,SHORT,2026-03-18 00:26,74643.76,74746.11,220,800,74863.76,73843.76,2026-03-18 05:33,73843.76,WIN,763.00,3.468182
2117,2026-03-18 13:30,SHORT,2026-03-18 13:56,74003.80,74060.01,70,400,74073.80,73603.80,2026-03-18 14:09,74073.80,LOSS,-92.00,-1.314286
2118,2026-03-19 12:00,LONG,2026-03-19 12:09,70706.55,70619.99,70,300,70636.55,71006.55,2026-03-19 12:19,70636.55,LOSS,-92.00,-1.314286
2119,2026-03-19 12:30,LONG,2026-03-19 12:32,70463.22,70398.98,70,300,70393.22,70763.22,2026-03-19 12:33,70393.22,LOSS,-92.00,-1.314286
2120,2026-03-19 21:30,LONG,2026-03-19 21:47,69292.52,69190.00,70,300,69222.52,69592.52,2026-03-19 21:55,69592.52,WIN,278.00,3.971429
2121,2026-03-19 22:30,LONG,2026-03-19 22:42,69335.86,69282.35,270,300,69065.86,69635.86,2026-03-19 22:53,69635.86,WIN,258.00,0.955556
2122,2026-03-22 18:30,SHORT,2026-03-22 18:47,68774.83,68925.53,70,800,68844.83,67974.83,2026-03-22 18:51,68844.83,LOSS,-92.00,-1.314286
2123,2026-03-22 20:00,SHORT,2026-03-22 20:15,68820.02,68902.10,70,400,68890.02,68420.02,2026-03-22 20:35,68890.02,LOSS,-92.00,-1.314286
2124,2026-03-23 06:30,SHORT,2026-03-23 06:42,67790.00,67805.18,70,400,67860.00,67390.00,2026-03-23 06:43,67860.00,LOSS,-92.00,-1.314286
2125,2026-03-23 17:30,SHORT,2026-03-23 17:56,70242.15,70413.43,220,800,70462.15,69442.15,2026-03-23 18:07,70462.15,LOSS,-257.00,-1.168182
2126,2026-03-23 21:30,SHORT,2026-03-23 21:50,70251.48,70463.21,70,400,70321.48,69851.48,2026-03-23 21:52,70321.48,LOSS,-92.00,-1.314286
2127,2026-03-23 22:30,LONG,2026-03-23 22:52,70441.54,70393.43,270,300,70171.54,70741.54,2026-03-23 23:03,70741.54,WIN,258.00,0.955556
2128,2026-03-24 00:30,LONG,2026-03-24 00:49,70956.22,70835.21,70,300,70886.22,71256.22,2026-03-24 01:11,70886.22,LOSS,-92.00,-1.314286
2129,2026-03-24 04:00,LONG,2026-03-24 04:15,70731.36,70536.76,70,300,70661.36,71031.36,2026-03-24 04:36,70661.36,LOSS,-92.00,-1.314286
2130,2026-03-24 04:30,LONG,2026-03-24 04:56,70660.22,70437.89,70,300,70590.22,70960.22,2026-03-24 05:26,70960.22,WIN,278.00,3.971429
2131,2026-03-24 06:00,LONG,2026-03-24 06:23,70786.45,70739.96,270,300,70516.45,71086.45,2026-03-24 06:42,70516.45,LOSS,-312.00,-1.155556
2132,2026-03-24 07:00,LONG,2026-03-24 07:21,70559.20,70517.40,70,300,70489.20,70859.20,2026-03-24 07:30,70489.20,LOSS,-92.00,-1.314286
2133,2026-03-24 10:00,LONG,2026-03-24 10:24,70422.90,70381.64,70,300,70352.90,70722.90,2026-03-24 10:30,70352.90,LOSS,-92.00,-1.314286
2134,2026-03-24 10:30,LONG,2026-03-24 10:48,70252.45,70172.32,70,300,70182.45,70552.45,2026-03-24 10:51,70182.45,LOSS,-92.00,-1.314286
2135,2026-03-25 03:00,SHORT,2026-03-25 03:21,70213.19,70261.39,70,600,70283.19,69613.19,2026-03-25 03:23,70283.19,LOSS,-92.00,-1.314286
2136,2026-03-25 16:30,SHORT,2026-03-25 16:47,71621.40,71685.02,70,600,71691.40,71021.40,2026-03-25 16:49,71691.40,LOSS,-92.00,-1.314286
2137,2026-03-25 17:00,SHORT,2026-03-25 17:17,71621.40,71830.49,70,800,71691.40,70821.40,2026-03-25 17:30,71691.40,LOSS,-92.00,-1.314286
2138,2026-03-25 19:00,SHORT,2026-03-25 19:08,71835.24,71923.56,70,600,71905.24,71235.24,2026-03-25 19:10,71905.24,LOSS,-92.00,-1.314286
2139,2026-03-26 01:30,LONG,2026-03-26 01:45,70763.32,70733.37,70,300,70693.32,71063.32,2026-03-26 01:55,70693.32,LOSS,-92.00,-1.314286
2140,2026-03-26 13:00,LONG,2026-03-26 13:05,69977.19,69807.60,70,300,69907.19,70277.19,2026-03-26 13:43,69907.19,LOSS,-92.00,-1.314286
2141,2026-03-26 21:30,LONG,2026-03-26 21:48,68962.64,68860.01,70,300,68892.64,69262.64,2026-03-26 21:58,68892.64,LOSS,-92.00,-1.314286
2142,2026-03-29 21:00,LONG,2026-03-29 21:15,66469.64,66370.60,70,300,66399.64,66769.64,2026-03-29 22:45,66399.64,LOSS,-92.00,-1.314286
2143,2026-03-30 05:30,LONG,2026-03-30 05:36,65890.93,65808.42,270,300,65620.93,66190.93,2026-03-30 05:48,66190.93,WIN,258.00,0.955556
2144,2026-03-30 06:00,SHORT,2026-03-30 06:21,66130.93,66160.59,70,800,66200.93,65330.93,2026-03-30 06:22,66200.93,LOSS,-92.00,-1.314286
2145,2026-03-30 06:30,SHORT,2026-03-30 06:39,66400.24,66471.11,70,400,66470.24,66000.24,2026-03-30 06:41,66470.24,LOSS,-92.00,-1.314286
2146,2026-03-30 07:30,SHORT,2026-03-30 07:48,66773.74,66890.33,70,400,66843.74,66373.74,2026-03-30 08:13,66843.74,LOSS,-92.00,-1.314286
2147,2026-03-30 11:30,LONG,2026-03-30 11:57,67372.46,67341.99,70,300,67302.46,67672.46,2026-03-30 12:02,67302.46,LOSS,-92.00,-1.314286
2148,2026-03-30 21:00,LONG,2026-03-30 21:03,67679.54,67518.87,70,300,67609.54,67979.54,2026-03-30 21:27,67609.54,LOSS,-92.00,-1.314286
2149,2026-03-30 23:30,LONG,2026-03-30 23:55,66708.02,66630.67,70,300,66638.02,67008.02,2026-03-30 23:56,66638.02,LOSS,-92.00,-1.314286
2150,2026-03-31 04:30,LONG,2026-03-31 04:54,66664.97,66496.42,70,300,66594.97,66964.97,2026-03-31 05:42,66594.97,LOSS,-92.00,-1.314286
2151,2026-03-31 09:30,LONG,2026-03-31 09:58,67584.74,67565.20,70,300,67514.74,67884.74,2026-03-31 10:30,67514.74,LOSS,-92.00,-1.314286
2152,2026-04-01 21:00,SHORT,2026-04-01 21:10,68713.56,68788.94,70,400,68783.56,68313.56,2026-04-01 21:14,68783.56,LOSS,-92.00,-1.314286
2153,2026-04-01 22:30,SHORT,2026-04-01 22:39,68936.35,69074.93,70,400,69006.35,68536.35,2026-04-01 22:53,68536.35,WIN,378.00,5.400000
2154,2026-04-02 07:30,LONG,2026-04-02 07:36,67239.27,67226.77,70,300,67169.27,67539.27,2026-04-02 07:38,67169.27,LOSS,-92.00,-1.314286
2155,2026-04-02 08:30,LONG,2026-04-02 08:51,66732.99,66686.63,70,300,66662.99,67032.99,2026-04-02 09:12,66662.99,LOSS,-92.00,-1.314286
2156,2026-04-02 19:00,LONG,2026-04-02 19:08,65932.71,65830.36,70,300,65862.71,66232.71,2026-04-02 19:09,65862.71,LOSS,-92.00,-1.314286
2157,2026-04-02 20:30,LONG,2026-04-02 20:31,66748.17,66744.86,70,300,66678.17,67048.17,2026-04-02 20:50,66678.17,LOSS,-92.00,-1.314286
2158,2026-04-02 22:30,LONG,2026-04-02 22:36,66975.85,66940.00,270,300,66705.85,67275.85,2026-04-02 22:46,67275.85,WIN,258.00,0.955556
2159,2026-04-06 05:30,SHORT,2026-04-06 05:31,69154.18,69157.06,70,600,69224.18,68554.18,2026-04-06 05:32,69224.18,LOSS,-92.00,-1.314286
2160,2026-04-06 06:00,SHORT,2026-04-06 06:24,69154.18,69394.18,70,800,69224.18,68354.18,2026-04-06 07:41,69224.18,LOSS,-92.00,-1.314286
2161,2026-04-06 12:00,LONG,2026-04-06 12:20,69079.31,68994.26,70,300,69009.31,69379.31,2026-04-06 12:28,69009.31,LOSS,-92.00,-1.314286
2162,2026-04-06 13:00,SHORT,2026-04-06 13:28,69096.67,69181.07,70,400,69166.67,68696.67,2026-04-06 13:31,69166.67,LOSS,-92.00,-1.314286
2163,2026-04-06 16:30,LONG,2026-04-06 16:55,69650.88,69590.00,70,300,69580.88,69950.88,2026-04-06 17:00,69580.88,LOSS,-92.00,-1.314286
2164,2026-04-06 22:00,SHORT,2026-04-06 22:24,70088.87,70216.62,70,400,70158.87,69688.87,2026-04-06 22:31,69688.87,WIN,378.00,5.400000
2165,2026-04-06 23:30,SHORT,2026-04-06 23:43,69694.62,69776.42,70,600,69764.62,69094.62,2026-04-06 23:45,69764.62,LOSS,-92.00,-1.314286
2166,2026-04-08 00:30,SHORT,2026-04-08 00:54,68562.52,68718.10,70,800,68632.52,67762.52,2026-04-08 00:56,68632.52,LOSS,-92.00,-1.314286
2167,2026-04-08 19:00,SHORT,2026-04-08 19:02,72191.95,72429.79,70,600,72261.95,71591.95,2026-04-08 19:22,71591.95,WIN,578.00,8.257143
2168,2026-04-08 21:30,SHORT,2026-04-08 21:58,71429.99,71465.10,70,400,71499.99,71029.99,2026-04-08 22:18,71499.99,LOSS,-92.00,-1.314286
2169,2026-04-13 05:30,SHORT,2026-04-13 05:53,70861.56,70931.66,70,600,70931.56,70261.56,2026-04-13 05:55,70931.56,LOSS,-92.00,-1.314286
2170,2026-04-13 19:00,LONG,2026-04-13 19:10,70954.92,70907.74,70,300,70884.92,71254.92,2026-04-13 19:18,71254.92,WIN,278.00,3.971429
2171,2026-04-13 21:30,SHORT,2026-04-13 21:41,71986.59,72012.65,70,400,72056.59,71586.59,2026-04-13 21:45,72056.59,LOSS,-92.00,-1.314286
2172,2026-04-13 22:30,SHORT,2026-04-13 22:43,72322.37,72426.89,70,400,72392.37,71922.37,2026-04-13 22:49,72392.37,LOSS,-92.00,-1.314286
2173,2026-04-15 01:30,SHORT,2026-04-15 01:34,74343.30,74398.01,70,800,74413.30,73543.30,2026-04-15 01:44,74413.30,LOSS,-92.00,-1.314286
2174,2026-04-15 18:00,SHORT,2026-04-15 18:11,74321.78,74411.64,70,800,74391.78,73521.78,2026-04-15 18:55,74391.78,LOSS,-92.00,-1.314286
2175,2026-04-15 20:00,SHORT,2026-04-15 20:08,74183.91,74190.00,70,400,74253.91,73783.91,2026-04-15 20:26,74253.91,LOSS,-92.00,-1.314286
2176,2026-04-15 22:00,SHORT,2026-04-15 22:10,73964.07,74122.89,70,400,74034.07,73564.07,2026-04-15 22:31,74034.07,LOSS,-92.00,-1.314286
2177,2026-04-15 23:30,SHORT,2026-04-15 23:35,74254.95,74276.96,70,600,74324.95,73654.95,2026-04-15 23:45,74324.95,LOSS,-92.00,-1.314286
2178,2026-04-16 22:00,LONG,2026-04-16 22:01,74577.20,74572.00,70,300,74507.20,74877.20,2026-04-16 22:03,74507.20,LOSS,-92.00,-1.314286
2179,2026-04-19 08:30,LONG,2026-04-19 08:39,75376.01,75362.21,70,300,75306.01,75676.01,2026-04-19 09:41,75676.01,WIN,278.00,3.971429
2180,2026-04-19 11:30,LONG,2026-04-19 11:54,75425.60,75304.98,70,300,75355.60,75725.60,2026-04-19 12:34,75355.60,LOSS,-92.00,-1.314286
2181,2026-04-19 13:00,LONG,2026-04-19 13:25,75280.09,75040.09,70,300,75210.09,75580.09,2026-04-19 13:30,75210.09,LOSS,-92.00,-1.314286
2182,2026-04-19 16:30,SHORT,2026-04-19 16:40,75342.46,75409.68,70,600,75412.46,74742.46,2026-04-19 16:44,75412.46,LOSS,-92.00,-1.314286
2183,2026-04-19 21:30,LONG,2026-04-19 21:41,75726.63,75632.70,70,300,75656.63,76026.63,2026-04-19 21:43,75656.63,LOSS,-92.00,-1.314286
2184,2026-04-20 00:30,SHORT,2026-04-20 00:53,74890.11,74972.85,70,800,74960.11,74090.11,2026-04-20 00:57,74960.11,LOSS,-92.00,-1.314286
2185,2026-04-20 03:00,LONG,2026-04-20 03:23,74510.01,74406.27,70,300,74440.01,74810.01,2026-04-20 03:24,74440.01,LOSS,-92.00,-1.314286
2186,2026-04-20 04:30,LONG,2026-04-20 04:34,73927.34,73836.98,70,300,73857.34,74227.34,2026-04-20 04:46,73857.34,LOSS,-92.00,-1.314286
2187,2026-04-20 05:30,SHORT,2026-04-20 05:35,73921.80,74155.00,70,600,73991.80,73321.80,2026-04-20 05:36,73991.80,LOSS,-92.00,-1.314286
2188,2026-04-20 13:00,SHORT,2026-04-20 13:07,74906.59,75049.07,70,400,74976.59,74506.59,2026-04-20 13:16,74976.59,LOSS,-92.00,-1.314286
2189,2026-04-20 18:00,SHORT,2026-04-20 18:08,75312.72,75435.04,70,800,75382.72,74512.72,2026-04-20 19:07,75382.72,LOSS,-92.00,-1.314286
2190,2026-04-20 20:00,SHORT,2026-04-20 20:10,75389.37,75390.00,70,400,75459.37,74989.37,2026-04-20 20:21,74989.37,WIN,378.00,5.400000
2191,2026-04-21 16:30,LONG,2026-04-21 16:53,76626.41,76506.55,70,300,76556.41,76926.41,2026-04-21 17:05,76556.41,LOSS,-92.00,-1.314286
2192,2026-04-21 17:30,LONG,2026-04-21 17:43,76332.94,76331.98,70,300,76262.94,76632.94,2026-04-21 17:44,76262.94,LOSS,-92.00,-1.314286
2193,2026-04-21 19:00,LONG,2026-04-21 19:11,75889.46,75769.95,70,300,75819.46,76189.46,2026-04-21 19:20,75819.46,LOSS,-92.00,-1.314286
2194,2026-04-21 23:00,LONG,2026-04-21 23:09,75661.19,75462.38,70,300,75591.19,75961.19,2026-04-21 23:10,75591.19,LOSS,-92.00,-1.314286
2195,2026-04-22 01:30,SHORT,2026-04-22 01:35,75143.43,75181.57,70,800,75213.43,74343.43,2026-04-22 01:39,75213.43,LOSS,-92.00,-1.314286
2196,2026-04-22 13:30,SHORT,2026-04-22 13:53,78132.78,78197.86,70,400,78202.78,77732.78,2026-04-22 16:32,78202.78,LOSS,-92.00,-1.314286
2197,2026-04-22 19:00,SHORT,2026-04-22 19:05,78356.05,78522.64,70,600,78426.05,77756.05,2026-04-22 19:07,78426.05,LOSS,-92.00,-1.314286
2198,2026-04-22 21:00,SHORT,2026-04-22 21:01,79165.75,79197.66,70,400,79235.75,78765.75,2026-04-22 21:09,79235.75,LOSS,-92.00,-1.314286
2199,2026-04-22 22:30,SHORT,2026-04-22 22:47,78863.60,78992.37,70,400,78933.60,78463.60,2026-04-22 23:21,78933.60,LOSS,-92.00,-1.314286
2200,2026-04-23 00:30,LONG,2026-04-23 00:47,78902.40,78803.66,70,300,78832.40,79202.40,2026-04-23 01:06,78832.40,LOSS,-92.00,-1.314286
2201,2026-04-23 05:30,LONG,2026-04-23 05:49,78058.22,77971.01,270,300,77788.22,78358.22,2026-04-23 05:50,78358.22,WIN,258.00,0.955556
2202,2026-04-23 07:00,LONG,2026-04-23 07:11,78304.30,78112.95,70,300,78234.30,78604.30,2026-04-23 07:18,78234.30,LOSS,-92.00,-1.314286
2203,2026-04-23 18:00,LONG,2026-04-23 18:17,77584.61,77505.41,70,300,77514.61,77884.61,2026-04-23 18:30,77884.61,WIN,278.00,3.971429
2204,2026-04-23 21:30,LONG,2026-04-23 21:52,78256.77,78240.01,70,300,78186.77,78556.77,2026-04-23 22:23,78186.77,LOSS,-92.00,-1.314286
2205,2026-04-27 00:30,SHORT,2026-04-27 00:48,78403.97,78499.41,70,800,78473.97,77603.97,2026-04-27 03:24,78473.97,LOSS,-92.00,-1.314286
2206,2026-04-27 06:00,LONG,2026-04-27 06:07,78537.55,78516.66,270,300,78267.55,78837.55,2026-04-27 06:15,78837.55,WIN,258.00,0.955556
2207,2026-04-27 07:00,LONG,2026-04-27 07:17,79189.00,79125.66,70,300,79119.00,79489.00,2026-04-27 07:27,79119.00,LOSS,-92.00,-1.314286
2208,2026-04-27 12:00,LONG,2026-04-27 12:16,77665.55,77511.90,70,300,77595.55,77965.55,2026-04-27 12:36,77595.55,LOSS,-92.00,-1.314286
2209,2026-04-27 20:00,SHORT,2026-04-27 20:26,77866.74,78040.00,70,400,77936.74,77466.74,2026-04-27 20:34,77466.74,WIN,378.00,5.400000
2210,2026-04-28 08:30,LONG,2026-04-28 08:40,76770.92,76672.00,70,300,76700.92,77070.92,2026-04-28 08:54,76700.92,LOSS,-92.00,-1.314286
2211,2026-04-28 12:30,LONG,2026-04-28 12:41,76600.01,76581.02,70,300,76530.01,76900.01,2026-04-28 12:45,76530.01,LOSS,-92.00,-1.314286
2212,2026-04-29 21:30,SHORT,2026-04-29 21:44,76044.24,76065.32,70,400,76114.24,75644.24,2026-04-29 21:45,76114.24,LOSS,-92.00,-1.314286
2213,2026-04-29 22:30,SHORT,2026-04-29 22:56,75923.55,76067.69,70,400,75993.55,75523.55,2026-04-29 23:12,75993.55,LOSS,-92.00,-1.314286
2214,2026-04-30 10:30,LONG,2026-04-30 10:58,75377.01,75327.21,70,300,75307.01,75677.01,2026-04-30 11:05,75677.01,WIN,278.00,3.971429
2215,2026-05-03 17:30,SHORT,2026-05-03 17:48,78776.01,78868.70,220,800,78996.01,77976.01,2026-05-04 01:54,78996.01,LOSS,-257.00,-1.168182
2216,2026-05-04 03:00,LONG,2026-05-04 03:25,78795.99,78696.59,70,300,78725.99,79095.99,2026-05-04 03:32,79095.99,WIN,278.00,3.971429
2217,2026-05-04 12:00,LONG,2026-05-04 12:20,79907.26,79688.64,70,300,79837.26,80207.26,2026-05-04 12:30,79837.26,LOSS,-92.00,-1.314286
2218,2026-05-04 21:00,LONG,2026-05-04 21:29,80096.15,80007.93,70,300,80026.15,80396.15,2026-05-04 21:30,80026.15,LOSS,-92.00,-1.314286
2219,2026-05-04 21:30,LONG,2026-05-04 21:48,79908.85,79771.59,70,300,79838.85,80208.85,2026-05-04 21:50,80208.85,WIN,278.00,3.971429
2220,2026-05-05 00:30,LONG,2026-05-05 00:36,79994.91,79951.72,70,300,79924.91,80294.91,2026-05-05 00:55,79924.91,LOSS,-92.00,-1.314286
2221,2026-05-05 04:30,LONG,2026-05-05 04:58,79947.22,79908.74,70,300,79877.22,80247.22,2026-05-05 05:02,79877.22,LOSS,-92.00,-1.314286
2222,2026-05-06 05:30,SHORT,2026-05-06 05:51,81025.53,81150.00,70,600,81095.53,80425.53,2026-05-06 06:33,81095.53,LOSS,-92.00,-1.314286
2223,2026-05-06 21:00,SHORT,2026-05-06 21:07,81646.74,81676.28,70,400,81716.74,81246.74,2026-05-06 21:15,81716.74,LOSS,-92.00,-1.314286
2224,2026-05-06 21:30,SHORT,2026-05-06 21:42,81824.25,81840.04,70,400,81894.25,81424.25,2026-05-06 22:21,81894.25,LOSS,-92.00,-1.314286
2225,2026-05-06 22:00,SHORT,2026-05-06 22:22,81824.25,81870.79,70,400,81894.25,81424.25,2026-05-06 22:48,81424.25,WIN,378.00,5.400000
2226,2026-05-11 03:00,SHORT,2026-05-11 03:04,80854.88,80931.97,70,600,80924.88,80254.88,2026-05-11 03:31,80924.88,LOSS,-92.00,-1.314286
2227,2026-05-11 07:00,SHORT,2026-05-11 07:04,81591.13,81651.23,70,800,81661.13,80791.13,2026-05-11 08:43,80791.13,WIN,778.00,11.114286
2228,2026-05-11 22:00,SHORT,2026-05-11 22:13,81565.89,81704.72,70,400,81635.89,81165.89,2026-05-11 22:14,81635.89,LOSS,-92.00,-1.314286
2229,2026-05-12 06:30,LONG,2026-05-12 06:55,81425.20,81295.90,270,300,81155.20,81725.20,2026-05-12 07:04,81155.20,LOSS,-312.00,-1.155556
2230,2026-05-12 21:00,LONG,2026-05-12 21:03,80420.00,80316.78,70,300,80350.00,80720.00,2026-05-12 21:11,80350.00,LOSS,-92.00,-1.314286
2231,2026-05-13 20:00,SHORT,2026-05-13 20:02,79776.01,79841.56,70,400,79846.01,79376.01,2026-05-13 20:04,79846.01,LOSS,-92.00,-1.314286
2232,2026-05-14 00:30,LONG,2026-05-14 00:57,79478.15,79440.00,70,300,79408.15,79778.15,2026-05-14 02:40,79408.15,LOSS,-92.00,-1.314286
2233,2026-05-14 23:00,LONG,2026-05-14 23:17,81768.40,81688.13,70,300,81698.40,82068.40,2026-05-14 23:22,81698.40,LOSS,-92.00,-1.314286
2234,2026-05-17 07:00,LONG,2026-05-17 07:17,77825.85,77754.00,70,300,77755.85,78125.85,2026-05-17 07:28,77755.85,LOSS,-92.00,-1.314286
2235,2026-05-18 04:30,LONG,2026-05-18 04:51,77877.24,77767.69,70,300,77807.24,78177.24,2026-05-18 05:00,77807.24,LOSS,-92.00,-1.314286
2236,2026-05-18 07:00,LONG,2026-05-18 07:26,77089.95,76931.54,70,300,77019.95,77389.95,2026-05-18 07:50,77019.95,LOSS,-92.00,-1.314286
2237,2026-05-18 11:30,LONG,2026-05-18 11:42,76811.40,76701.69,70,300,76741.40,77111.40,2026-05-18 11:50,76741.40,LOSS,-92.00,-1.314286
2238,2026-05-18 21:00,LONG,2026-05-18 21:05,76273.66,76079.98,70,300,76203.66,76573.66,2026-05-18 21:41,76573.66,WIN,278.00,3.971429
2239,2026-05-19 19:00,LONG,2026-05-19 19:03,76820.20,76620.00,70,300,76750.20,77120.20,2026-05-19 19:14,76750.20,LOSS,-92.00,-1.314286
2240,2026-05-20 07:00,SHORT,2026-05-20 07:21,76908.83,76922.00,70,800,76978.83,76108.83,2026-05-20 10:39,76978.83,LOSS,-92.00,-1.314286
2241,2026-05-21 07:00,LONG,2026-05-21 07:25,77847.09,77813.15,70,300,77777.09,78147.09,2026-05-21 09:35,78147.09,WIN,278.00,3.971429
2242,2026-05-21 19:00,LONG,2026-05-21 19:25,77158.52,76998.05,70,300,77088.52,77458.52,2026-05-21 19:26,77088.52,LOSS,-92.00,-1.314286
2243,2026-05-21 23:30,LONG,2026-05-21 23:38,77749.38,77738.16,70,300,77679.38,78049.38,2026-05-21 23:41,77679.38,LOSS,-92.00,-1.314286
2244,2026-05-25 05:30,SHORT,2026-05-25 05:47,77184.96,77213.26,70,600,77254.96,76584.96,2026-05-25 05:55,77254.96,LOSS,-92.00,-1.314286
2245,2026-05-25 07:30,SHORT,2026-05-25 07:55,77065.28,77274.25,70,400,77135.28,76665.28,2026-05-25 07:59,77135.28,LOSS,-92.00,-1.314286
2246,2026-05-26 16:30,LONG,2026-05-26 16:47,77310.00,77261.75,70,300,77240.00,77610.00,2026-05-26 16:50,77240.00,LOSS,-92.00,-1.314286
2247,2026-05-26 17:30,LONG,2026-05-26 17:43,77063.56,76959.53,70,300,76993.56,77363.56,2026-05-26 17:55,76993.56,LOSS,-92.00,-1.314286
2248,2026-05-26 19:00,LONG,2026-05-26 19:16,77012.51,76791.75,70,300,76942.51,77312.51,2026-05-26 19:19,77312.51,WIN,278.00,3.971429
2249,2026-05-26 21:30,LONG,2026-05-26 21:43,76398.10,76333.86,70,300,76328.10,76698.10,2026-05-26 21:45,76328.10,LOSS,-92.00,-1.314286
2250,2026-05-27 18:00,SHORT,2026-05-27 18:04,75889.18,75935.75,70,800,75959.18,75089.18,2026-05-27 18:06,75959.18,LOSS,-92.00,-1.314286
2251,2026-05-28 06:30,LONG,2026-05-28 06:53,74450.67,74217.57,270,300,74180.67,74750.67,2026-05-28 07:12,74180.67,LOSS,-312.00,-1.155556
2252,2026-05-28 20:30,LONG,2026-05-28 20:57,72913.06,72701.71,70,300,72843.06,73213.06,2026-05-28 21:02,72843.06,LOSS,-92.00,-1.314286
2253,2026-06-01 05:30,SHORT,2026-06-01 05:37,73794.39,73860.00,70,600,73864.39,73194.39,2026-06-01 05:57,73864.39,LOSS,-92.00,-1.314286
2254,2026-06-01 21:00,LONG,2026-06-01 21:06,71447.91,71317.55,70,300,71377.91,71747.91,2026-06-01 21:07,71377.91,LOSS,-92.00,-1.314286
2255,2026-06-01 23:30,LONG,2026-06-01 23:59,71526.00,71440.73,70,300,71456.00,71826.00,2026-06-02 00:15,71456.00,LOSS,-92.00,-1.314286
2256,2026-06-02 10:30,LONG,2026-06-02 10:34,70690.00,70688.00,70,300,70620.00,70990.00,2026-06-02 10:35,70620.00,LOSS,-92.00,-1.314286
2257,2026-06-02 12:00,LONG,2026-06-02 12:18,70148.97,70082.00,70,300,70078.97,70448.97,2026-06-02 12:25,70078.97,LOSS,-92.00,-1.314286
2258,2026-06-02 13:00,LONG,2026-06-02 13:01,69986.31,69915.86,70,300,69916.31,70286.31,2026-06-02 13:52,69916.31,LOSS,-92.00,-1.314286
2259,2026-06-02 17:30,LONG,2026-06-02 17:51,69341.73,69247.03,70,300,69271.73,69641.73,2026-06-02 17:59,69271.73,LOSS,-92.00,-1.314286
2260,2026-06-02 19:00,LONG,2026-06-02 19:11,68890.41,68820.00,70,300,68820.41,69190.41,2026-06-02 19:21,68820.41,LOSS,-92.00,-1.314286
2261,2026-06-03 03:00,SHORT,2026-06-03 03:16,67707.78,67772.00,70,600,67777.78,67107.78,2026-06-03 03:47,67107.78,WIN,578.00,8.257143
2262,2026-06-03 13:00,SHORT,2026-06-03 13:11,67103.27,67232.01,70,400,67173.27,66703.27,2026-06-03 13:13,67173.27,LOSS,-92.00,-1.314286
2263,2026-06-03 18:30,SHORT,2026-06-03 18:32,67198.72,67200.00,70,800,67268.72,66398.72,2026-06-03 20:49,66398.72,WIN,778.00,11.114286
2264,2026-06-04 13:00,LONG,2026-06-04 13:09,63907.99,63702.81,70,300,63837.99,64207.99,2026-06-04 13:17,63837.99,LOSS,-92.00,-1.314286
2265,2026-06-04 19:00,LONG,2026-06-04 19:01,63646.82,63481.10,70,300,63576.82,63946.82,2026-06-04 19:08,63946.82,WIN,278.00,3.971429
2266,2026-06-04 21:30,LONG,2026-06-04 21:36,63776.16,63725.56,70,300,63706.16,64076.16,2026-06-04 21:43,63706.16,LOSS,-92.00,-1.314286
2267,2026-06-04 22:00,LONG,2026-06-04 22:09,63776.16,63560.00,70,300,63706.16,64076.16,2026-06-04 22:10,63706.16,LOSS,-92.00,-1.314286
2268,2026-06-04 23:00,LONG,2026-06-04 23:21,63443.51,63362.00,70,300,63373.51,63743.51,2026-06-04 23:34,63373.51,LOSS,-92.00,-1.314286
2269,2026-06-04 23:30,LONG,2026-06-04 23:48,63420.96,63290.00,70,300,63350.96,63720.96,2026-06-04 23:50,63350.96,LOSS,-92.00,-1.314286
2270,2026-06-08 03:00,LONG,2026-06-08 03:27,61758.00,61657.71,70,300,61688.00,62058.00,2026-06-08 03:42,62058.00,WIN,278.00,3.971429
2271,2026-06-08 06:30,LONG,2026-06-08 06:33,63511.43,63503.06,270,300,63241.43,63811.43,2026-06-08 06:40,63241.43,LOSS,-312.00,-1.155556
2272,2026-06-08 08:30,SHORT,2026-06-08 08:46,63249.94,63278.00,70,800,63319.94,62449.94,2026-06-08 08:52,63319.94,LOSS,-92.00,-1.314286
2273,2026-06-08 09:30,LONG,2026-06-08 09:45,63010.12,62874.01,70,300,62940.12,63310.12,2026-06-08 09:49,62940.12,LOSS,-92.00,-1.314286
2274,2026-06-08 13:00,SHORT,2026-06-08 13:13,63108.58,63172.00,70,400,63178.58,62708.58,2026-06-08 13:15,63178.58,LOSS,-92.00,-1.314286
2275,2026-06-08 16:00,LONG,2026-06-08 16:04,63381.99,63208.19,70,300,63311.99,63681.99,2026-06-08 16:05,63311.99,LOSS,-92.00,-1.314286
2276,2026-06-08 18:00,LONG,2026-06-08 18:06,63359.62,63296.00,70,300,63289.62,63659.62,2026-06-08 18:13,63659.62,WIN,278.00,3.971429
2277,2026-06-08 19:00,LONG,2026-06-08 19:06,63752.00,63583.56,70,300,63682.00,64052.00,2026-06-08 19:07,63682.00,LOSS,-92.00,-1.314286
2278,2026-06-08 20:00,SHORT,2026-06-08 20:04,63878.00,63920.68,70,400,63948.00,63478.00,2026-06-08 20:17,63948.00,LOSS,-92.00,-1.314286
2279,2026-06-08 21:00,LONG,2026-06-08 21:06,63844.07,63840.00,70,300,63774.07,64144.07,2026-06-08 21:27,63774.07,LOSS,-92.00,-1.314286
2280,2026-06-08 23:00,LONG,2026-06-08 23:16,63412.01,63286.00,70,300,63342.01,63712.01,2026-06-09 00:20,63342.01,LOSS,-92.00,-1.314286
2281,2026-06-09 01:30,LONG,2026-06-09 01:45,63252.01,63236.00,70,300,63182.01,63552.01,2026-06-09 01:47,63182.01,LOSS,-92.00,-1.314286
2282,2026-06-09 13:00,LONG,2026-06-09 13:10,63180.00,63083.60,70,300,63110.00,63480.00,2026-06-09 13:34,63110.00,LOSS,-92.00,-1.314286
2283,2026-06-09 18:00,LONG,2026-06-09 18:20,62591.12,62535.18,70,300,62521.12,62891.12,2026-06-09 18:47,62521.12,LOSS,-92.00,-1.314286
2284,2026-06-09 19:00,LONG,2026-06-09 19:19,62525.14,62378.00,70,300,62455.14,62825.14,2026-06-09 19:20,62455.14,LOSS,-92.00,-1.314286
2285,2026-06-09 22:00,LONG,2026-06-09 22:11,61011.85,60855.72,70,300,60941.85,61311.85,2026-06-09 22:15,61311.85,WIN,278.00,3.971429
2286,2026-06-10 19:00,SHORT,2026-06-10 19:02,61684.00,61804.87,70,600,61754.00,61084.00,2026-06-10 19:04,61754.00,LOSS,-92.00,-1.314286
2287,2026-06-11 01:30,LONG,2026-06-11 01:43,61822.45,61702.98,70,300,61752.45,62122.45,2026-06-11 01:47,61752.45,LOSS,-92.00,-1.314286
2288,2026-06-11 02:30,LONG,2026-06-11 02:47,61685.50,61564.64,70,300,61615.50,61985.50,2026-06-11 02:48,61615.50,LOSS,-92.00,-1.314286
2289,2026-06-11 04:30,LONG,2026-06-11 04:48,61261.46,61214.00,70,300,61191.46,61561.46,2026-06-11 04:59,61561.46,WIN,278.00,3.971429
2290,2026-06-11 12:30,LONG,2026-06-11 12:39,62652.01,62634.00,70,300,62582.01,62952.01,2026-06-11 13:58,62952.01,WIN,278.00,3.971429
2291,2026-06-11 18:00,LONG,2026-06-11 18:22,62988.01,62830.00,70,300,62918.01,63288.01,2026-06-11 18:32,62918.01,LOSS,-92.00,-1.314286
2292,2026-06-11 19:00,LONG,2026-06-11 19:06,62890.00,62681.60,70,300,62820.00,63190.00,2026-06-11 19:08,62820.00,LOSS,-92.00,-1.314286
2293,2026-06-11 22:30,LONG,2026-06-11 22:35,62462.45,62449.10,270,300,62192.45,62762.45,2026-06-11 22:59,62762.45,WIN,258.00,0.955556
2294,2026-06-15 05:30,SHORT,2026-06-15 05:45,65866.45,65890.45,70,600,65936.45,65266.45,2026-06-15 09:16,65936.45,LOSS,-92.00,-1.314286
2295,2026-06-15 19:00,SHORT,2026-06-15 19:09,66683.48,66840.84,70,600,66753.48,66083.48,2026-06-15 21:07,66753.48,LOSS,-92.00,-1.314286
2296,2026-06-16 00:30,LONG,2026-06-16 00:56,66646.13,66560.00,70,300,66576.13,66946.13,2026-06-16 00:58,66576.13,LOSS,-92.00,-1.314286
2297,2026-06-16 04:00,LONG,2026-06-16 04:04,66248.15,66116.64,70,300,66178.15,66548.15,2026-06-16 04:49,66178.15,LOSS,-92.00,-1.314286
2298,2026-06-17 19:00,SHORT,2026-06-17 19:09,65160.88,65227.27,70,600,65230.88,64560.88,2026-06-17 19:10,65230.88,LOSS,-92.00,-1.314286
2299,2026-06-17 22:00,SHORT,2026-06-17 22:22,65871.99,66082.00,70,400,65941.99,65471.99,2026-06-17 22:25,65941.99,LOSS,-92.00,-1.314286
2300,2026-06-18 22:30,LONG,2026-06-18 22:48,62568.00,62454.00,270,300,62298.00,62868.00,2026-06-18 22:57,62298.00,LOSS,-312.00,-1.155556
2301,2026-06-21 17:30,LONG,2026-06-21 17:46,64056.00,64046.70,70,300,63986.00,64356.00,2026-06-21 18:05,63986.00,LOSS,-92.00,-1.314286
2302,2026-06-22 19:00,SHORT,2026-06-22 19:09,65269.58,65305.53,70,600,65339.58,64669.58,2026-06-22 19:11,65339.58,LOSS,-92.00,-1.314286
2303,2026-06-22 23:00,LONG,2026-06-22 23:23,64599.77,64409.98,70,300,64529.77,64899.77,2026-06-23 00:11,64529.77,LOSS,-92.00,-1.314286
2304,2026-06-23 07:00,LONG,2026-06-23 07:23,64034.99,63913.09,70,300,63964.99,64334.99,2026-06-23 09:49,63964.99,LOSS,-92.00,-1.314286
2305,2026-06-23 11:30,LONG,2026-06-23 11:46,63280.00,63177.22,70,300,63210.00,63580.00,2026-06-23 11:47,63210.00,LOSS,-92.00,-1.314286
2306,2026-06-24 11:00,SHORT,2026-06-24 11:22,62864.41,63066.00,70,600,62934.41,62264.41,2026-06-24 17:18,62934.41,LOSS,-92.00,-1.314286
2307,2026-06-24 22:30,SHORT,2026-06-24 22:32,59970.00,59982.00,70,400,60040.00,59570.00,2026-06-24 22:33,60040.00,LOSS,-92.00,-1.314286
2308,2026-06-25 19:00,LONG,2026-06-25 19:03,61124.01,61009.18,70,300,61054.01,61424.01,2026-06-25 19:04,61054.01,LOSS,-92.00,-1.314286
2309,2026-06-25 21:00,LONG,2026-06-25 21:16,59351.49,59120.00,70,300,59281.49,59651.49,2026-06-25 21:19,59281.49,LOSS,-92.00,-1.314286
2310,2026-06-28 21:30,LONG,2026-06-28 21:59,59770.35,59734.00,70,300,59700.35,60070.35,2026-06-28 22:03,59700.35,LOSS,-92.00,-1.314286
2311,2026-06-28 23:00,LONG,2026-06-28 23:17,59570.62,59488.00,70,300,59500.62,59870.62,2026-06-29 00:33,59500.62,LOSS,-92.00,-1.314286
2312,2026-06-29 06:00,LONG,2026-06-29 06:21,59457.01,59334.00,270,300,59187.01,59757.01,2026-06-29 07:42,59187.01,LOSS,-312.00,-1.155556
2313,2026-06-29 07:30,LONG,2026-06-29 07:53,59320.95,59228.00,70,300,59250.95,59620.95,2026-06-29 08:08,59620.95,WIN,278.00,3.971429
2314,2026-06-29 09:30,LONG,2026-06-29 09:54,59929.45,59849.35,70,300,59859.45,60229.45,2026-06-29 10:06,59859.45,LOSS,-92.00,-1.314286
2315,2026-06-29 10:30,LONG,2026-06-29 10:47,59710.01,59603.95,70,300,59640.01,60010.01,2026-06-29 10:48,59640.01,LOSS,-92.00,-1.314286
2316,2026-06-29 18:30,SHORT,2026-06-29 18:54,60068.79,60149.01,70,800,60138.79,59268.79,2026-06-29 19:01,60138.79,LOSS,-92.00,-1.314286
2317,2026-06-29 20:30,LONG,2026-06-29 20:32,59349.45,59339.99,70,300,59279.45,59649.45,2026-06-29 20:33,59279.45,LOSS,-92.00,-1.314286
2318,2026-06-29 22:00,SHORT,2026-06-29 22:19,59944.01,59944.48,70,400,60014.01,59544.01,2026-06-29 22:20,60014.01,LOSS,-92.00,-1.314286
2319,2026-06-30 09:30,LONG,2026-06-30 09:42,59507.47,59498.01,70,300,59437.47,59807.47,2026-06-30 10:41,59437.47,LOSS,-92.00,-1.314286
2320,2026-07-01 18:30,SHORT,2026-07-01 18:33,58658.00,58686.00,70,800,58728.00,57858.00,2026-07-01 18:47,58728.00,LOSS,-92.00,-1.314286
2321,2026-07-01 20:00,SHORT,2026-07-01 20:03,59618.03,59638.00,70,400,59688.03,59218.03,2026-07-01 20:05,59688.03,LOSS,-92.00,-1.314286
2322,2026-07-02 04:30,LONG,2026-07-02 04:33,60358.00,60315.38,70,300,60288.00,60658.00,2026-07-02 04:42,60288.00,LOSS,-92.00,-1.314286
2323,2026-07-02 05:30,LONG,2026-07-02 05:33,59904.00,59902.50,270,300,59634.00,60204.00,2026-07-02 06:11,59634.00,LOSS,-312.00,-1.155556
2324,2026-07-02 20:30,LONG,2026-07-02 20:41,61576.61,61450.23,70,300,61506.61,61876.61,2026-07-02 20:47,61506.61,LOSS,-92.00,-1.314286
2325,2026-07-02 21:30,LONG,2026-07-02 21:54,61492.93,61467.90,70,300,61422.93,61792.93,2026-07-02 21:57,61422.93,LOSS,-92.00,-1.314286
2326,2026-07-02 22:00,LONG,2026-07-02 22:16,61492.93,61390.00,70,300,61422.93,61792.93,2026-07-02 22:36,61792.93,WIN,278.00,3.971429
2327,2026-07-06 06:00,LONG,2026-07-06 06:08,63530.01,63353.47,270,300,63260.01,63830.01,2026-07-06 06:38,63830.01,WIN,258.00,0.955556
2328,2026-07-06 19:00,LONG,2026-07-06 19:14,61634.01,61459.12,70,300,61564.01,61934.01,2026-07-06 19:20,61934.01,WIN,278.00,3.971429
2329,2026-07-06 20:00,SHORT,2026-07-06 20:22,61888.20,62072.54,70,400,61958.20,61488.20,2026-07-06 20:23,61958.20,LOSS,-92.00,-1.314286
2330,2026-07-06 22:00,SHORT,2026-07-06 22:08,63665.98,63746.01,70,400,63735.98,63265.98,2026-07-06 22:14,63735.98,LOSS,-92.00,-1.314286
2331,2026-07-08 04:00,SHORT,2026-07-08 04:18,63543.93,63578.00,70,600,63613.93,62943.93,2026-07-08 04:36,63613.93,LOSS,-92.00,-1.314286
2332,2026-07-09 08:00,LONG,2026-07-09 08:24,61796.00,61761.21,70,300,61726.00,62096.00,2026-07-09 09:46,62096.00,WIN,278.00,3.971429
2333,2026-07-09 13:00,LONG,2026-07-09 13:09,62839.96,62818.00,70,300,62769.96,63139.96,2026-07-09 13:17,63139.96,WIN,278.00,3.971429
2334,2026-07-09 18:00,LONG,2026-07-09 18:23,62666.33,62514.00,70,300,62596.33,62966.33,2026-07-09 19:02,62596.33,LOSS,-92.00,-1.314286
2335,2026-07-13 06:00,SHORT,2026-07-13 06:08,63900.00,64085.37,70,800,63970.00,63100.00,2026-07-13 06:15,63970.00,LOSS,-92.00,-1.314286
2336,2026-07-13 06:30,LONG,2026-07-13 06:45,63952.00,63844.00,270,300,63682.00,64252.00,2026-07-13 06:58,63682.00,LOSS,-312.00,-1.155556
2337,2026-07-13 10:30,LONG,2026-07-13 10:31,62552.00,62514.97,70,300,62482.00,62852.00,2026-07-13 10:40,62852.00,WIN,278.00,3.971429
2338,2026-07-13 21:00,LONG,2026-07-13 21:20,62671.85,62623.83,70,300,62601.85,62971.85,2026-07-13 21:23,62601.85,LOSS,-92.00,-1.314286
2339,2026-07-13 21:30,LONG,2026-07-13 21:46,62498.00,62493.44,70,300,62428.00,62798.00,2026-07-13 21:47,62428.00,LOSS,-92.00,-1.314286
2340,2026-07-13 23:00,LONG,2026-07-13 23:15,62156.01,62010.00,70,300,62086.01,62456.01,2026-07-13 23:18,62086.01,LOSS,-92.00,-1.314286
2341,2026-07-14 19:00,LONG,2026-07-14 19:04,63839.99,63821.99,70,300,63769.99,64139.99,2026-07-14 19:06,63769.99,LOSS,-92.00,-1.314286
2342,2026-07-14 21:30,LONG,2026-07-14 21:33,64624.00,64606.43,70,300,64554.00,64924.00,2026-07-14 22:41,64554.00,LOSS,-92.00,-1.314286
2343,2026-07-14 22:30,LONG,2026-07-14 22:44,64610.01,64533.92,270,300,64340.01,64910.01,2026-07-15 03:50,64910.01,WIN,258.00,0.955556
2344,2026-07-15 18:00,SHORT,2026-07-15 18:01,64852.15,64966.00,70,800,64922.15,64052.15,2026-07-15 18:18,64922.15,LOSS,-92.00,-1.314286
2345,2026-07-15 19:00,SHORT,2026-07-15 19:12,65284.00,65516.00,70,600,65354.00,64684.00,2026-07-15 19:13,65354.00,LOSS,-92.00,-1.314286
2346,2026-07-16 22:30,LONG,2026-07-16 22:38,64364.01,64298.38,270,300,64094.01,64664.01,2026-07-16 22:47,64094.01,LOSS,-312.00,-1.155556
2347,2026-07-19 23:30,LONG,2026-07-19 23:39,64427.86,64365.52,70,300,64357.86,64727.86,2026-07-20 00:01,64357.86,LOSS,-92.00,-1.314286
2348,2026-07-20 05:30,SHORT,2026-07-20 05:52,64842.55,65004.30,70,600,64912.55,64242.55,2026-07-20 05:54,64912.55,LOSS,-92.00,-1.314286
2349,2026-07-20 06:00,SHORT,2026-07-20 06:14,64842.55,64932.00,70,800,64912.55,64042.55,2026-07-20 06:39,64912.55,LOSS,-92.00,-1.314286
2350,2026-07-20 07:00,SHORT,2026-07-20 07:21,64673.85,64870.00,70,800,64743.85,63873.85,2026-07-20 07:31,64743.85,LOSS,-92.00,-1.314286
2351,2026-07-20 07:30,SHORT,2026-07-20 07:48,64748.01,64866.00,70,400,64818.01,64348.01,2026-07-20 08:03,64818.01,LOSS,-92.00,-1.314286
2352,2026-07-20 12:30,SHORT,2026-07-20 12:50,64037.99,64125.83,70,600,64107.99,63437.99,2026-07-20 12:57,64107.99,LOSS,-92.00,-1.314286
2353,2026-07-20 19:00,LONG,2026-07-20 19:18,64520.00,64393.77,70,300,64450.00,64820.00,2026-07-20 19:23,64450.00,LOSS,-92.00,-1.314286
2354,2026-07-22 22:00,SHORT,2026-07-22 22:24,66167.38,66271.60,70,400,66237.38,65767.38,2026-07-22 22:30,66237.38,LOSS,-92.00,-1.314286
2355,2026-07-23 06:30,LONG,2026-07-23 06:51,65938.20,65912.47,270,300,65668.20,66238.20,2026-07-23 07:56,65668.20,LOSS,-312.00,-1.155556
2356,2026-07-27 18:00,LONG,2026-07-27 18:09,64980.79,64895.76,70,300,64910.79,65280.79,2026-07-27 19:06,65280.79,WIN,278.00,3.971429
2357,2026-07-27 19:00,SHORT,2026-07-27 19:28,65206.00,65273.12,70,600,65276.00,64606.00,2026-07-27 19:30,65276.00,LOSS,-92.00,-1.314286
2358,2026-07-28 05:30,LONG,2026-07-28 05:42,63635.86,63562.00,270,300,63365.86,63935.86,2026-07-28 06:35,63365.86,LOSS,-312.00,-1.155556
2359,2026-07-29 19:00,SHORT,2026-07-29 19:26,64396.82,64499.68,70,600,64466.82,63796.82,2026-07-29 19:28,64466.82,LOSS,-92.00,-1.314286
2360,2026-07-30 00:30,LONG,2026-07-30 00:46,64381.52,64277.03,70,300,64311.52,64681.52,2026-07-30 00:47,64311.52,LOSS,-92.00,-1.314286
2361,2026-07-30 02:30,LONG,2026-07-30 02:34,63402.01,63386.42,70,300,63332.01,63702.01,2026-07-30 02:35,63332.01,LOSS,-92.00,-1.314286
2362,2026-08-03 04:00,LONG,2026-08-03 04:07,63458.01,63436.33,70,300,63388.01,63758.01,2026-08-03 04:09,63388.01,LOSS,-92.00,-1.314286
2363,2026-08-03 18:30,SHORT,2026-08-03 18:58,62820.01,62974.99,70,800,62890.01,62020.01,2026-08-03 19:07,62890.01,LOSS,-92.00,-1.314286
2364,2026-08-04 21:00,LONG,2026-08-04 21:12,64008.73,63858.07,70,300,63938.73,64308.73,2026-08-04 22:08,63938.73,LOSS,-92.00,-1.314286
2365,2026-08-05 07:30,SHORT,2026-08-05 07:35,64453.85,64472.68,70,400,64523.85,64053.85,2026-08-05 09:00,64053.85,WIN,378.00,5.400000
2366,2026-08-10 05:30,SHORT,2026-08-10 05:54,65021.59,65202.59,70,600,65091.59,64421.59,2026-08-10 07:18,65091.59,LOSS,-92.00,-1.314286
2367,2026-08-12 01:30,SHORT,2026-08-12 01:46,63656.00,63715.10,70,800,63726.00,62856.00,2026-08-12 02:01,63726.00,LOSS,-92.00,-1.314286
2368,2026-08-17 06:30,SHORT,2026-08-17 06:45,63037.54,63111.10,70,400,63107.54,62637.54,2026-08-17 06:52,63107.54,LOSS,-92.00,-1.314286
2369,2026-08-19 19:00,SHORT,2026-08-19 19:06,65002.15,65153.29,70,600,65072.15,64402.15,2026-08-19 19:14,65072.15,LOSS,-92.00,-1.314286
2370,2026-08-19 22:00,SHORT,2026-08-19 22:09,68674.00,68885.45,70,400,68744.00,68274.00,2026-08-19 22:38,68274.00,WIN,378.00,5.400000
2371,2026-08-20 13:00,LONG,2026-08-20 13:23,69731.99,69662.00,70,300,69661.99,70031.99,2026-08-20 13:37,70031.99,WIN,278.00,3.971429
2372,2026-08-20 18:00,LONG,2026-08-20 18:22,71807.07,71623.06,70,300,71737.07,72107.07,2026-08-20 18:39,72107.07,WIN,278.00,3.971429
2373,2026-08-20 19:00,LONG,2026-08-20 19:21,71832.04,71748.80,70,300,71762.04,72132.04,2026-08-20 19:22,71762.04,LOSS,-92.00,-1.314286
2374,2026-08-20 23:30,LONG,2026-08-20 23:33,72617.51,72606.00,70,300,72547.51,72917.51,2026-08-20 23:36,72547.51,LOSS,-92.00,-1.314286
2375,2026-08-23 02:30,LONG,2026-08-23 02:50,77191.69,77048.00,70,300,77121.69,77491.69,2026-08-23 03:01,77121.69,LOSS,-92.00,-1.314286
2376,2026-08-24 04:30,LONG,2026-08-24 04:39,77478.87,77367.16,70,300,77408.87,77778.87,2026-08-24 04:41,77408.87,LOSS,-92.00,-1.314286
2377,2026-08-24 06:00,LONG,2026-08-24 06:28,77614.00,77382.00,270,300,77344.00,77914.00,2026-08-24 06:51,77344.00,LOSS,-312.00,-1.155556
2378,2026-08-24 12:30,SHORT,2026-08-24 12:51,77584.33,77592.00,70,600,77654.33,76984.33,2026-08-24 12:53,77654.33,LOSS,-92.00,-1.314286
2379,2026-08-24 17:30,LONG,2026-08-24 17:51,78323.65,78240.00,70,300,78253.65,78623.65,2026-08-24 18:01,78623.65,WIN,278.00,3.971429
2380,2026-08-24 21:00,SHORT,2026-08-24 21:08,79630.93,79724.00,70,400,79700.93,79230.93,2026-08-24 21:13,79230.93,WIN,378.00,5.400000
2381,2026-08-24 22:00,SHORT,2026-08-24 22:21,79220.01,79460.01,70,400,79290.01,78820.01,2026-08-24 22:31,78820.01,WIN,378.00,5.400000
2382,2026-08-25 00:30,LONG,2026-08-25 00:55,78808.35,78724.22,70,300,78738.35,79108.35,2026-08-25 01:21,78738.35,LOSS,-92.00,-1.314286
2383,2026-08-25 01:30,LONG,2026-08-25 01:36,78637.99,78602.54,70,300,78567.99,78937.99,2026-08-25 02:08,78937.99,WIN,278.00,3.971429
2384,2026-08-25 06:30,LONG,2026-08-25 06:47,79619.99,79528.00,270,300,79349.99,79919.99,2026-08-25 06:57,79919.99,WIN,258.00,0.955556
2385,2026-08-25 10:00,LONG,2026-08-25 10:05,80368.01,80248.00,70,300,80298.01,80668.01,2026-08-25 10:10,80298.01,LOSS,-92.00,-1.314286
2386,2026-08-25 16:30,LONG,2026-08-25 16:42,79189.63,79124.01,70,300,79119.63,79489.63,2026-08-25 16:43,79119.63,LOSS,-92.00,-1.314286
2387,2026-08-25 18:00,LONG,2026-08-25 18:05,78998.00,78811.88,70,300,78928.00,79298.00,2026-08-25 18:07,78928.00,LOSS,-92.00,-1.314286
2388,2026-08-25 19:00,LONG,2026-08-25 19:03,78860.01,78718.00,70,300,78790.01,79160.01,2026-08-25 19:06,79160.01,WIN,278.00,3.971429
2389,2026-08-25 20:30,LONG,2026-08-25 20:46,79116.00,79026.94,70,300,79046.00,79416.00,2026-08-25 21:06,79416.00,WIN,278.00,3.971429
2390,2026-08-26 06:00,SHORT,2026-08-26 06:22,78659.13,78672.00,70,800,78729.13,77859.13,2026-08-26 06:32,78729.13,LOSS,-92.00,-1.314286
2391,2026-08-26 18:00,SHORT,2026-08-26 18:01,78607.26,78648.00,70,800,78677.26,77807.26,2026-08-26 20:24,77807.26,WIN,778.00,11.114286
2392,2026-08-27 06:30,LONG,2026-08-27 06:48,78570.02,78547.77,270,300,78300.02,78870.02,2026-08-27 06:57,78870.02,WIN,258.00,0.955556
2393,2026-08-27 19:00,LONG,2026-08-27 19:03,79162.31,79126.00,70,300,79092.31,79462.31,2026-08-27 19:18,79092.31,LOSS,-92.00,-1.314286
2394,2026-08-30 19:00,SHORT,2026-08-30 19:22,78905.06,78950.14,70,600,78975.06,78305.06,2026-08-30 21:34,78975.06,LOSS,-92.00,-1.314286
2395,2026-08-31 02:00,LONG,2026-08-31 02:22,78736.39,78571.49,70,300,78666.39,79036.39,2026-08-31 02:26,78666.39,LOSS,-92.00,-1.314286
2396,2026-08-31 04:00,LONG,2026-08-31 04:11,78533.00,78444.00,70,300,78463.00,78833.00,2026-08-31 04:14,78463.00,LOSS,-92.00,-1.314286
2397,2026-08-31 04:30,LONG,2026-08-31 04:49,78302.01,78180.00,70,300,78232.01,78602.01,2026-08-31 04:53,78232.01,LOSS,-92.00,-1.314286
2398,2026-08-31 05:30,LONG,2026-08-31 05:41,77562.00,77522.16,270,300,77292.00,77862.00,2026-08-31 05:46,77862.00,WIN,258.00,0.955556
2399,2026-08-31 12:30,SHORT,2026-08-31 12:58,78213.88,78284.00,70,600,78283.88,77613.88,2026-08-31 13:14,78283.88,LOSS,-92.00,-1.314286
2400,2026-08-31 19:00,SHORT,2026-08-31 19:14,78050.40,78252.52,70,600,78120.40,77450.40,2026-08-31 20:01,78120.40,LOSS,-92.00,-1.314286
2401,2026-08-31 20:00,SHORT,2026-08-31 20:02,77987.39,78106.60,70,400,78057.39,77587.39,2026-08-31 20:04,78057.39,LOSS,-92.00,-1.314286
2402,2026-08-31 20:30,LONG,2026-08-31 20:58,78481.93,78326.94,70,300,78411.93,78781.93,2026-08-31 21:00,78411.93,LOSS,-92.00,-1.314286
2403,2026-08-31 21:30,SHORT,2026-08-31 21:43,78700.43,78768.00,70,400,78770.43,78300.43,2026-08-31 22:25,78770.43,LOSS,-92.00,-1.314286
2404,2026-08-31 22:00,SHORT,2026-08-31 22:28,78700.43,78884.00,70,400,78770.43,78300.43,2026-08-31 22:42,78770.43,LOSS,-92.00,-1.314286
2405,2026-09-01 04:30,LONG,2026-09-01 04:35,78473.15,78409.00,70,300,78403.15,78773.15,2026-09-01 05:41,78773.15,WIN,278.00,3.971429
2406,2026-09-01 06:30,LONG,2026-09-01 06:45,78532.00,78531.93,270,300,78262.00,78832.00,2026-09-01 07:42,78262.00,LOSS,-312.00,-1.155556
2407,2026-09-01 07:30,LONG,2026-09-01 07:44,78290.62,78225.01,70,300,78220.62,78590.62,2026-09-01 07:47,78220.62,LOSS,-92.00,-1.314286
2408,2026-09-01 18:00,LONG,2026-09-01 18:16,77978.96,77796.00,70,300,77908.96,78278.96,2026-09-01 18:31,77908.96,LOSS,-92.00,-1.314286
2409,2026-09-01 19:00,LONG,2026-09-01 19:13,77884.01,77656.01,70,300,77814.01,78184.01,2026-09-01 19:14,77814.01,LOSS,-92.00,-1.314286
2410,2026-09-02 20:00,SHORT,2026-09-02 20:16,77266.00,77370.24,70,400,77336.00,76866.00,2026-09-02 20:31,76866.00,WIN,378.00,5.400000
2411,2026-09-06 20:30,LONG,2026-09-06 20:32,79423.07,79396.76,70,300,79353.07,79723.07,2026-09-06 21:23,79723.07,WIN,278.00,3.971429
2412,2026-09-08 23:00,LONG,2026-09-08 23:22,78615.88,78532.00,70,300,78545.88,78915.88,2026-09-08 23:28,78545.88,LOSS,-92.00,-1.314286
2413,2026-09-09 17:00,SHORT,2026-09-09 17:06,79040.01,79085.29,70,800,79110.01,78240.01,2026-09-09 17:19,79110.01,LOSS,-92.00,-1.314286
2414,2026-09-10 12:00,LONG,2026-09-10 12:19,78416.71,78182.05,70,300,78346.71,78716.71,2026-09-10 12:31,78346.71,LOSS,-92.00,-1.314286
2415,2026-09-10 17:30,LONG,2026-09-10 17:52,77720.64,77690.00,70,300,77650.64,78020.64,2026-09-10 18:00,77650.64,LOSS,-92.00,-1.314286
2416,2026-09-10 18:00,LONG,2026-09-10 18:01,77720.64,77528.45,70,300,77650.64,78020.64,2026-09-10 18:02,77650.64,LOSS,-92.00,-1.314286
2417,2026-09-10 22:00,LONG,2026-09-10 22:16,77130.00,76952.01,70,300,77060.00,77430.00,2026-09-10 23:02,77430.00,WIN,278.00,3.971429
2418,2026-09-13 19:00,SHORT,2026-09-13 19:24,76883.33,76920.00,70,600,76953.33,76283.33,2026-09-13 19:39,76953.33,LOSS,-92.00,-1.314286
2419,2026-09-14 12:30,SHORT,2026-09-14 12:49,77713.15,77739.41,70,600,77783.15,77113.15,2026-09-14 13:10,77783.15,LOSS,-92.00,-1.314286
2420,2026-09-14 18:00,SHORT,2026-09-14 18:05,77896.00,78070.47,70,800,77966.00,77096.00,2026-09-14 19:00,77966.00,LOSS,-92.00,-1.314286
2421,2026-09-14 20:30,LONG,2026-09-14 20:35,78401.05,78352.29,70,300,78331.05,78701.05,2026-09-14 21:48,78701.05,WIN,278.00,3.971429
2422,2026-09-14 21:30,SHORT,2026-09-14 21:56,78698.02,78702.00,70,400,78768.02,78298.02,2026-09-14 22:17,78768.02,LOSS,-92.00,-1.314286
2423,2026-09-14 22:30,SHORT,2026-09-14 22:55,78889.42,78982.00,70,400,78959.42,78489.42,2026-09-14 23:18,78959.42,LOSS,-92.00,-1.314286
2424,2026-09-14 23:30,SHORT,2026-09-14 23:50,79057.98,79058.37,70,600,79127.98,78457.98,2026-09-14 23:52,79127.98,LOSS,-92.00,-1.314286
2425,2026-09-15 05:30,LONG,2026-09-15 05:53,78069.20,78034.15,270,300,77799.20,78369.20,2026-09-15 06:39,77799.20,LOSS,-312.00,-1.155556
2426,2026-09-15 10:30,LONG,2026-09-15 10:45,77447.11,77305.97,70,300,77377.11,77747.11,2026-09-15 10:47,77377.11,LOSS,-92.00,-1.314286
2427,2026-09-15 19:00,LONG,2026-09-15 19:02,76836.75,76766.01,70,300,76766.75,77136.75,2026-09-15 19:03,76766.75,LOSS,-92.00,-1.314286
2428,2026-09-16 20:00,SHORT,2026-09-16 20:01,75766.01,75783.04,70,400,75836.01,75366.01,2026-09-16 21:17,75836.01,LOSS,-92.00,-1.314286
2429,2026-09-16 21:00,SHORT,2026-09-16 21:19,75817.83,75912.79,70,400,75887.83,75417.83,2026-09-16 21:20,75887.83,LOSS,-92.00,-1.314286
2430,2026-09-17 19:00,LONG,2026-09-17 19:23,76616.59,76529.66,70,300,76546.59,76916.59,2026-09-17 19:24,76546.59,LOSS,-92.00,-1.314286
2431,2026-09-17 23:00,LONG,2026-09-17 23:20,76633.46,76590.00,70,300,76563.46,76933.46,2026-09-18 00:08,76563.46,LOSS,-92.00,-1.314286
2432,2026-09-20 02:30,LONG,2026-09-20 02:54,81035.33,80936.84,70,300,80965.33,81335.33,2026-09-20 03:06,80965.33,LOSS,-92.00,-1.314286
2433,2026-09-21 06:30,SHORT,2026-09-21 06:56,81727.72,81878.52,70,400,81797.72,81327.72,2026-09-21 07:02,81327.72,WIN,378.00,5.400000
2434,2026-09-21 19:00,LONG,2026-09-21 19:05,85203.00,85089.93,70,300,85133.00,85503.00,2026-09-21 19:06,85133.00,LOSS,-92.00,-1.314286
2435,2026-09-21 21:00,SHORT,2026-09-21 21:24,85964.13,86159.99,70,400,86034.13,85564.13,2026-09-21 21:26,86034.13,LOSS,-92.00,-1.314286
2436,2026-09-21 22:00,LONG,2026-09-21 22:13,85807.71,85614.98,70,300,85737.71,86107.71,2026-09-21 22:38,86107.71,WIN,278.00,3.971429
2437,2026-09-21 23:00,LONG,2026-09-21 23:27,85841.91,85748.00,70,300,85771.91,86141.91,2026-09-22 00:47,86141.91,WIN,278.00,3.971429
2438,2026-09-22 04:00,LONG,2026-09-22 04:04,86468.29,86398.01,70,300,86398.29,86768.29,2026-09-22 04:16,86398.29,LOSS,-92.00,-1.314286
2439,2026-09-22 07:30,LONG,2026-09-22 07:43,85496.23,85480.00,70,300,85426.23,85796.23,2026-09-22 07:58,85796.23,WIN,278.00,3.971429
2440,2026-09-22 08:30,LONG,2026-09-22 08:45,85594.91,85519.25,70,300,85524.91,85894.91,2026-09-22 08:46,85524.91,LOSS,-92.00,-1.314286
2441,2026-09-22 10:30,LONG,2026-09-22 10:53,85332.01,85256.24,70,300,85262.01,85632.01,2026-09-22 10:54,85262.01,LOSS,-92.00,-1.314286
2442,2026-09-22 12:30,LONG,2026-09-22 12:55,85264.02,85221.52,70,300,85194.02,85564.02,2026-09-22 13:04,85194.02,LOSS,-92.00,-1.314286
2443,2026-09-22 19:00,LONG,2026-09-22 19:01,85904.01,85853.12,70,300,85834.01,86204.01,2026-09-22 19:06,85834.01,LOSS,-92.00,-1.314286
2444,2026-09-22 22:00,LONG,2026-09-22 22:14,86293.11,86167.55,70,300,86223.11,86593.11,2026-09-22 22:15,86223.11,LOSS,-92.00,-1.314286
2445,2026-09-23 08:30,SHORT,2026-09-23 08:57,86672.27,86812.04,70,800,86742.27,85872.27,2026-09-23 09:07,86742.27,LOSS,-92.00,-1.314286
2446,2026-09-23 19:00,SHORT,2026-09-23 19:03,85630.90,85648.00,70,600,85700.90,85030.90,2026-09-23 19:07,85700.90,LOSS,-92.00,-1.314286
2447,2026-09-23 22:30,SHORT,2026-09-23 22:54,84158.01,84206.94,70,400,84228.01,83758.01,2026-09-23 23:13,84228.01,LOSS,-92.00,-1.314286
2448,2026-09-24 21:30,LONG,2026-09-24 21:45,84298.01,84108.01,70,300,84228.01,84598.01,2026-09-24 21:46,84598.01,WIN,278.00,3.971429
2449,2026-09-27 19:00,SHORT,2026-09-27 19:07,84922.01,84997.73,70,600,84992.01,84322.01,2026-09-27 19:28,84992.01,LOSS,-92.00,-1.314286
2450,2026-09-28 06:00,SHORT,2026-09-28 06:01,84592.01,84738.00,70,800,84662.01,83792.01,2026-09-28 07:19,83792.01,WIN,778.00,11.114286
2451,2026-09-28 13:00,LONG,2026-09-28 13:05,83044.78,82931.66,70,300,82974.78,83344.78,2026-09-28 13:08,82974.78,LOSS,-92.00,-1.314286
2452,2026-09-29 07:00,LONG,2026-09-29 07:15,83065.69,82881.99,70,300,82995.69,83365.69,2026-09-29 07:18,82995.69,LOSS,-92.00,-1.314286
2453,2026-09-29 19:00,LONG,2026-09-29 19:01,84212.85,84203.99,70,300,84142.85,84512.85,2026-09-29 19:03,84142.85,LOSS,-92.00,-1.314286
2454,2026-09-29 22:00,LONG,2026-09-29 22:27,82948.00,82930.00,70,300,82878.00,83248.00,2026-09-29 23:30,83248.00,WIN,278.00,3.971429
2455,2026-09-30 18:00,SHORT,2026-09-30 18:10,84035.17,84128.00,70,800,84105.17,83235.17,2026-09-30 18:11,84105.17,LOSS,-92.00,-1.314286
2456,2026-09-30 19:00,SHORT,2026-09-30 19:02,85410.32,85464.65,70,600,85480.32,84810.32,2026-09-30 19:05,84810.32,WIN,578.00,8.257143
2457,2026-09-30 21:30,SHORT,2026-09-30 21:33,84254.43,84255.48,70,400,84324.43,83854.43,2026-09-30 21:35,84324.43,LOSS,-92.00,-1.314286
2458,2026-10-01 23:30,LONG,2026-10-01 23:38,84788.00,84718.85,70,300,84718.00,85088.00,2026-10-02 00:07,85088.00,WIN,278.00,3.971429

SCHEDULE-FILTERED STRATEGY (IST):
signals=8228,eligible_by_schedule=2664,entries=2458,wins=673,losses=1785,open=0,skipped_while_open=76,avoided_by_time=2798,avoided_by_day=2766,unlisted_times=0,win_rate_pct=27.38,net_points=42664.00,net_R=581.66,expectancy_points=17.36,alpha_R_per_trade=0.2366,sharpe=4.1973,spread_points=15.00,commission_pct_of_risk=10.0000
dimension,bucket,entries,wins,losses,open,win_rate_pct,net_points,net_R,expectancy_points,alpha_R_per_trade,sharpe
weekday,MONDAY,814,232,582,0,28.50,23722.00,318.5928,29.14,0.3914,3.6580
weekday,TUESDAY,522,152,370,0,29.12,1616.00,22.1333,3.10,0.0424,0.4392
weekday,WEDNESDAY,340,64,276,0,18.82,8110.00,106.2338,23.85,0.3125,1.6252
weekday,THURSDAY,480,142,338,0,29.58,1720.00,48.7619,3.58,0.1016,0.9869
weekday,SUNDAY,302,83,219,0,27.48,7496.00,85.9414,24.82,0.2846,1.7740
half_hour_ist,00:00-00:30,16,7,9,0,43.75,3028.00,13.7636,189.25,0.8602,1.4485
half_hour_ist,00:30-01:00,79,19,60,0,24.05,1762.00,25.1714,22.30,0.3186,0.8701
half_hour_ist,01:30-02:00,71,21,50,0,29.58,4238.00,60.5429,59.69,0.8527,1.8892
half_hour_ist,02:00-02:30,44,13,31,0,29.55,762.00,10.8857,17.32,0.2474,0.6727
half_hour_ist,02:30-03:00,40,13,27,0,32.50,1130.00,16.1429,28.25,0.4036,1.0180
half_hour_ist,03:00-03:30,66,19,47,0,28.79,2158.00,30.8286,32.70,0.4671,1.2747
half_hour_ist,04:00-04:30,64,17,47,0,26.56,1302.00,18.6000,20.34,0.2906,0.8244
half_hour_ist,04:30-05:00,45,11,34,0,24.44,-70.00,-1.0000,-1.56,-0.0222,-0.0649
half_hour_ist,05:30-06:00,79,32,47,0,40.51,372.00,1.5048,4.71,0.0190,0.0776
half_hour_ist,06:00-06:30,91,32,59,0,35.16,968.00,28.1143,10.64,0.3089,0.8973
half_hour_ist,06:30-07:00,82,37,45,0,45.12,1106.00,24.6254,13.49,0.3003,1.2609
half_hour_ist,07:00-07:30,71,18,53,0,25.35,2128.00,30.4000,29.97,0.4282,1.0716
half_hour_ist,07:30-08:00,70,29,41,0,41.43,5390.00,77.0000,77.00,1.1000,3.1452
half_hour_ist,08:00-08:30,41,13,28,0,31.71,1038.00,14.8286,25.32,0.3617,0.9300
half_hour_ist,08:30-09:00,65,19,46,0,29.23,3550.00,50.7143,54.62,0.7802,1.6980
half_hour_ist,09:30-10:00,38,9,29,0,23.68,-166.00,-2.3714,-4.37,-0.0624,-0.1689
half_hour_ist,10:00-10:30,36,7,29,0,19.44,-722.00,-10.3143,-20.06,-0.2865,-0.8103
half_hour_ist,10:30-11:00,29,8,21,0,27.59,292.00,4.1714,10.07,0.1438,0.3222
half_hour_ist,11:00-11:30,20,3,17,0,15.00,170.00,2.4286,8.50,0.1214,0.1549
half_hour_ist,11:30-12:00,30,8,22,0,26.67,200.00,2.8571,6.67,0.0952,0.2194
half_hour_ist,12:00-12:30,32,7,25,0,21.88,-354.00,-5.0571,-11.06,-0.1580,-0.4027
half_hour_ist,12:30-13:00,57,16,41,0,28.07,1576.00,22.5143,27.65,0.3950,1.0277
half_hour_ist,13:00-13:30,62,11,51,0,17.74,-1434.00,-20.4857,-23.13,-0.3304,-1.2109
half_hour_ist,13:30-14:00,20,7,13,0,35.00,1450.00,20.7143,72.50,1.0357,1.4097
half_hour_ist,16:00-16:30,31,6,25,0,19.35,-632.00,-9.0286,-20.39,-0.2912,-0.7639
half_hour_ist,16:30-17:00,51,11,40,0,21.57,-22.00,-0.3143,-0.43,-0.0062,-0.0167
half_hour_ist,17:00-17:30,21,2,19,0,9.52,-192.00,-2.7429,-9.14,-0.1306,-0.1601
half_hour_ist,17:30-18:00,82,17,65,0,20.73,-2614.00,-17.0052,-31.88,-0.2074,-0.8975
half_hour_ist,18:00-18:30,98,18,80,0,18.37,144.00,2.0571,1.47,0.0210,0.0660
half_hour_ist,18:30-19:00,32,6,26,0,18.75,2276.00,32.5143,71.13,1.0161,1.1662
half_hour_ist,19:00-19:30,177,36,141,0,20.34,36.00,0.5143,0.20,0.0029,0.0140
half_hour_ist,20:00-20:30,74,16,58,0,21.62,712.00,10.1714,9.62,0.1375,0.4249
half_hour_ist,20:30-21:00,65,17,48,0,26.15,310.00,4.4286,4.77,0.0681,0.2346
half_hour_ist,21:00-21:30,101,15,86,0,14.85,-3242.00,-46.3143,-32.10,-0.4586,-2.2202
half_hour_ist,21:30-22:00,117,32,85,0,27.35,2376.00,33.9429,20.31,0.2901,1.1833
half_hour_ist,22:00-22:30,125,47,78,0,37.60,7790.00,111.2857,62.32,0.8903,3.4514
half_hour_ist,22:30-23:00,86,37,49,0,43.02,4158.00,21.4317,48.35,0.2492,1.0398
half_hour_ist,23:00-23:30,59,16,43,0,27.12,492.00,7.0286,8.34,0.1191,0.3861
half_hour_ist,23:30-00:00,91,21,70,0,23.08,1198.00,17.1143,13.16,0.1881,0.6160
day_of_month,1,86,24,62,0,27.91,1468.00,17.7968,17.07,0.2069,0.6901
day_of_month,2,101,24,77,0,23.76,453.00,-12.8969,4.49,-0.1277,-0.5240
day_of_month,3,92,24,68,0,26.09,1001.00,23.5240,10.88,0.2557,0.8323
day_of_month,4,95,29,66,0,30.53,4635.00,57.7666,48.79,0.6081,1.7648
day_of_month,5,76,26,50,0,34.21,3603.00,57.8477,47.41,0.7612,2.1477
day_of_month,6,69,17,52,0,24.64,1142.00,8.6556,16.55,0.1254,0.3846
day_of_month,8,101,33,68,0,32.67,3823.00,52.7698,37.85,0.5225,1.8284
day_of_month,9,83,18,65,0,21.69,-241.00,3.5048,-2.90,0.0422,0.1315
day_of_month,10,75,21,54,0,28.00,-25.00,-9.8207,-0.33,-0.1309,-0.5526
day_of_month,11,84,25,59,0,29.76,1747.00,13.9272,20.80,0.1658,0.5779
day_of_month,12,87,28,59,0,32.18,2816.00,51.2762,32.37,0.5894,1.8332
day_of_month,13,89,21,68,0,23.60,-18.00,-1.8444,-0.20,-0.0207,-0.0772
day_of_month,14,93,22,71,0,23.66,19.00,-4.8444,0.20,-0.0521,-0.1996
day_of_month,15,99,23,76,0,23.23,-373.00,-4.2950,-3.77,-0.0434,-0.1653
day_of_month,16,86,19,67,0,22.09,-797.00,-9.9286,-9.27,-0.1154,-0.4265
day_of_month,17,96,30,66,0,31.25,3453.00,44.8621,35.97,0.4673,1.5452
day_of_month,18,80,19,61,0,23.75,935.00,13.6714,11.69,0.1709,0.5071
day_of_month,19,58,12,46,0,20.69,-576.00,-7.0857,-9.93,-0.1222,-0.3579
day_of_month,20,79,25,54,0,31.65,3077.00,41.0001,38.95,0.5190,1.5488
day_of_month,21,84,29,55,0,34.52,3552.00,51.4319,42.29,0.6123,1.8935
day_of_month,22,95,24,71,0,25.26,2095.00,21.5112,22.05,0.2264,0.7395
day_of_month,23,88,28,60,0,31.82,2539.00,21.3382,28.85,0.2425,0.9157
day_of_month,24,95,24,71,0,25.26,860.00,25.4921,9.05,0.2683,0.9198
day_of_month,25,90,24,66,0,26.67,945.00,35.3589,10.50,0.3929,1.1807
day_of_month,26,94,27,67,0,28.72,2097.00,27.5715,22.31,0.2933,1.0443
day_of_month,27,66,21,45,0,31.82,3133.00,45.6731,47.47,0.6920,1.7251
day_of_month,28,56,9,47,0,16.07,-1417.00,-14.4683,-25.30,-0.2584,-0.7412
day_of_month,29,64,22,42,0,34.38,2672.00,31.6556,41.75,0.4946,1.4656
day_of_month,30,67,19,48,0,28.36,1046.00,10.6254,15.61,0.1586,0.5034
day_of_month,31,30,6,24,0,20.00,-1000.00,-10.4127,-33.33,-0.3471,-0.9472
