SHORT,LOSS,85.000/485.714 : NO_HIGHLIGHTED_LEVEL_EVENT
SHORT,LOSS,85.000/971.429 : NO_HIGHLIGHTED_LEVEL_EVENT
LONG,LOSS,85.000/364.286 : NO_HIGHLIGHTED_LEVEL_EVENT
SHORT,WIN,85.000/971.429 : 30M_TOUCH_LEVEL @ 2021-01-03 18:38 : +104.891086 (Relative INC) : CHANGE 0.00% : CURRENT STRENGTH +104.891086
SHORT,LOSS,85.000/485.714 : NO_HIGHLIGHTED_LEVEL_EVENT
LONG,LOSS,85.000/364.286 : NO_HIGHLIGHTED_LEVEL_EVENT
SHORT,LOSS,85.000/485.714 : NO_HIGHLIGHTED_LEVEL_EVENT
LONG,LOSS,85.000/364.286 : NO_HIGHLIGHTED_LEVEL_EVENT
LONG,LOSS,85.000/364.286 : NO_HIGHLIGHTED_LEVEL_EVENT
SHORT,WIN,85.000/485.714 : NO_HIGHLIGHTED_LEVEL_EVENT
SHORT,LOSS,235.000/854.545 : NO_HIGHLIGHTED_LEVEL_EVENT
SHORT,LOSS,85.000/971.429 : NO_HIGHLIGHTED_LEVEL_EVENT
SHORT,LOSS,85.000/971.429 : NO_HIGHLIGHTED_LEVEL_EVENT
LONG,LOSS,85.000/364.286 : NO_HIGHLIGHTED_LEVEL_EVENT
SHORT,WIN,85.000/364.286 : 30M_TOUCH_LEVEL @ 2021-01-05 09:31 : +143.947736 (Relative INC) : CHANGE 0.00% : CURRENT STRENGTH +143.947736
SHORT,LOSS,85.000/485.714 : NO_HIGHLIGHTED_LEVEL_EVENT
SHORT,LOSS,85.000/971.429 : NO_HIGHLIGHTED_LEVEL_EVENT
LONG,LOSS,85.000/364.286 : NO_HIGHLIGHTED_LEVEL_EVENT
LONG,LOSS,85.000/364.286 : NO_HIGHLIGHTED_LEVEL_EVENT
LONG,LOSS,85.000/364.286 : NO_HIGHLIGHTED_LEVEL_EVENT
LONG,LOSS,85.000/364.286 : NO_HIGHLIGHTED_LEVEL_EVENT
SHORT,WIN,85.000/728.571 : 30M_TOUCH_LEVEL @ 2021-01-06 05:31 : +143.947736 (Relative INC) : CHANGE 0.00% : CURRENT STRENGTH +143.947736
LONG,LOSS,85.000/364.286 : NO_HIGHLIGHTED_LEVEL_EVENT
LONG,LOSS,85.000/364.286 : NO_HIGHLIGHTED_LEVEL_EVENT
LONG,LOSS,85.000/364.286 : NO_HIGHLIGHTED_LEVEL_EVENT
LONG,LOSS,85.000/364.286 : NO_HIGHLIGHTED_LEVEL_EVENT
LONG,LOSS,85.000/364.286 : NO_HIGHLIGHTED_LEVEL_EVENT
SHORT,LOSS,85.000/485.714 : NO_HIGHLIGHTED_LEVEL_EVENT
SHORT,LOSS,85.000/485.714 : NO_HIGHLIGHTED_LEVEL_EVENT
LONG,LOSS,85.000/364.286 : NO_HIGHLIGHTED_LEVEL_EVENT
LONG,WIN,85.000/364.286 : 30M_TOUCH_LEVEL @ 2021-01-08 02:06 : +33.815312 (Relative INC) : CHANGE 0.00% : CURRENT STRENGTH +33.815312 -> 1H_ENTRY_LEVEL @ 2021-01-08 02:12 : +66.483684 (Relative INC) : CHANGE 196.61% : CURRENT STRENGTH +100.298996
LONG,LOSS,285.000/316.667 : NO_HIGHLIGHTED_LEVEL_EVENT
LONG,LOSS,85.000/364.286 : NO_HIGHLIGHTED_LEVEL_EVENT
LONG,LOSS,85.000/364.286 : NO_HIGHLIGHTED_LEVEL_EVENT
LONG,WIN,85.000/364.286 : NO_HIGHLIGHTED_LEVEL_EVENT
LONG,LOSS,85.000/971.429 : NO_HIGHLIGHTED_LEVEL_EVENT
LONG,WIN,85.000/364.286 : NO_HIGHLIGHTED_LEVEL_EVENT
LONG,LOSS,85.000/364.286 : NO_HIGHLIGHTED_LEVEL_EVENT
SHORT,LOSS,85.000/728.571 : NO_HIGHLIGHTED_LEVEL_EVENT
LONG,LOSS,85.000/728.571 : NO_HIGHLIGHTED_LEVEL_EVENT
SHORT,LOSS,85.000/971.429 : 1H_ENTRY_LEVEL @ 2021-01-11 07:11 : -18.105480 (Relative DEC) : CHANGE 0.00% : CURRENT STRENGTH -18.105480
LONG,LOSS,85.000/364.286 : NO_HIGHLIGHTED_LEVEL_EVENT
LONG,WIN,85.000/364.286 : 30M_TOUCH_LEVEL @ 2021-01-11 09:30 : +107.777472 (Relative INC) : CHANGE 0.00% : CURRENT STRENGTH +107.777472
LONG,WIN,85.000/364.286 : 30M_TOUCH_LEVEL @ 2021-01-11 10:30 : +107.777472 (Relative INC) : CHANGE 0.00% : CURRENT STRENGTH +107.777472
SHORT,WIN,85.000/728.571 : NO_HIGHLIGHTED_LEVEL_EVENT
SHORT,WIN,85.000/485.714 : 1H_ENTRY_LEVEL @ 2021-01-11 21:36 : +72.269143 (Relative INC) : CHANGE 0.00% : CURRENT STRENGTH +72.269143
LONG,LOSS,85.000/364.286 : NO_HIGHLIGHTED_LEVEL_EVENT
LONG,WIN,85.000/364.286 : 1H_ENTRY_LEVEL @ 2021-01-12 02:32 : +72.909849 (Relative INC) : CHANGE 0.00% : CURRENT STRENGTH +72.909849
LONG,LOSS,285.000/316.667 : NO_HIGHLIGHTED_LEVEL_EVENT
LONG,WIN,85.000/364.286 : NO_HIGHLIGHTED_LEVEL_EVENT
LONG,LOSS,85.000/364.286 : NO_HIGHLIGHTED_LEVEL_EVENT
SHORT,LOSS,85.000/971.429 : NO_HIGHLIGHTED_LEVEL_EVENT
SHORT,WIN,85.000/971.429 : 30M_TOUCH_LEVEL @ 2021-01-12 18:31 : +143.947736 (Relative INC) : CHANGE 0.00% : CURRENT STRENGTH +143.947736
SHORT,LOSS,85.000/728.571 : NO_HIGHLIGHTED_LEVEL_EVENT
SHORT,WIN,235.000/854.545 : 30M_TOUCH_LEVEL @ 2021-01-13 00:01 : +79.470800 (Relative INC) : CHANGE 0.00% : CURRENT STRENGTH +79.470800 -> 1H_ENTRY_LEVEL @ 2021-01-13 00:02 : +79.412002 (Relative INC) : CHANGE 99.93% : CURRENT STRENGTH +158.882802
LONG,WIN,85.000/364.286 : NO_HIGHLIGHTED_LEVEL_EVENT
SHORT,LOSS,85.000/485.714 : NO_HIGHLIGHTED_LEVEL_EVENT
SHORT,LOSS,85.000/971.429 : NO_HIGHLIGHTED_LEVEL_EVENT
SHORT,LOSS,85.000/728.571 : NO_HIGHLIGHTED_LEVEL_EVENT
LONG,LOSS,85.000/364.286 : NO_HIGHLIGHTED_LEVEL_EVENT
SHORT,LOSS,85.000/485.714 : NO_HIGHLIGHTED_LEVEL_EVENT
SHORT,LOSS,85.000/485.714 : NO_HIGHLIGHTED_LEVEL_EVENT
LONG,LOSS,85.000/364.286 : NO_HIGHLIGHTED_LEVEL_EVENT
LONG,WIN,85.000/364.286 : NO_HIGHLIGHTED_LEVEL_EVENT
LONG,LOSS,85.000/364.286 : NO_HIGHLIGHTED_LEVEL_EVENT
LONG,LOSS,85.000/364.286 : NO_HIGHLIGHTED_LEVEL_EVENT
SHORT,LOSS,85.000/728.571 : NO_HIGHLIGHTED_LEVEL_EVENT
SHORT,LOSS,85.000/971.429 : NO_HIGHLIGHTED_LEVEL_EVENT
SHORT,LOSS,85.000/728.571 : NO_HIGHLIGHTED_LEVEL_EVENT
LONG,WIN,85.000/364.286 : NO_HIGHLIGHTED_LEVEL_EVENT
LONG,LOSS,85.000/364.286 : NO_HIGHLIGHTED_LEVEL_EVENT
SHORT,LOSS,85.000/364.286 : NO_HIGHLIGHTED_LEVEL_EVENT
LONG,LOSS,85.000/364.286 : NO_HIGHLIGHTED_LEVEL_EVENT
SHORT,LOSS,85.000/971.429 : NO_HIGHLIGHTED_LEVEL_EVENT
SHORT,LOSS,85.000/728.571 : NO_HIGHLIGHTED_LEVEL_EVENT
LONG,LOSS,85.000/364.286 : NO_HIGHLIGHTED_LEVEL_EVENT
SHORT,LOSS,85.000/971.429 : NO_HIGHLIGHTED_LEVEL_EVENT
LONG,LOSS,85.000/364.286 : NO_HIGHLIGHTED_LEVEL_EVENT
SHORT,LOSS,85.000/971.429 : NO_HIGHLIGHTED_LEVEL_EVENT
SHORT,LOSS,85.000/728.571 : NO_HIGHLIGHTED_LEVEL_EVENT
LONG,LOSS,85.000/364.286 : NO_HIGHLIGHTED_LEVEL_EVENT
SHORT,LOSS,85.000/485.714 : NO_HIGHLIGHTED_LEVEL_EVENT
SHORT,LOSS,85.000/485.714 : NO_HIGHLIGHTED_LEVEL_EVENT
LONG,LOSS,85.000/364.286 : NO_HIGHLIGHTED_LEVEL_EVENT
LONG,WIN,85.000/364.286 : 30M_TOUCH_LEVEL @ 2021-01-20 01:30 : +107.777472 (Relative INC) : CHANGE 0.00% : CURRENT STRENGTH +107.777472
SHORT,LOSS,85.000/971.429 : NO_HIGHLIGHTED_LEVEL_EVENT
LONG,LOSS,85.000/364.286 : NO_HIGHLIGHTED_LEVEL_EVENT
LONG,LOSS,85.000/364.286 : NO_HIGHLIGHTED_LEVEL_EVENT
LONG,WIN,85.000/364.286 : NO_HIGHLIGHTED_LEVEL_EVENT
LONG,LOSS,85.000/364.286 : NO_HIGHLIGHTED_LEVEL_EVENT
LONG,WIN,285.000/316.667 : NO_HIGHLIGHTED_LEVEL_EVENT
LONG,WIN,85.000/364.286 : NO_HIGHLIGHTED_LEVEL_EVENT
LONG,LOSS,85.000/364.286 : NO_HIGHLIGHTED_LEVEL_EVENT
LONG,LOSS,85.000/364.286 : NO_HIGHLIGHTED_LEVEL_EVENT
LONG,LOSS,85.000/364.286 : NO_HIGHLIGHTED_LEVEL_EVENT
SHORT,WIN,85.000/485.714 : 30M_TOUCH_LEVEL @ 2021-01-24 13:31 : +143.947736 (Relative INC) : CHANGE 0.00% : CURRENT STRENGTH +143.947736 -> 1H_ENTRY_LEVEL @ 2021-01-24 13:39 : +46.731258 (Relative INC) : CHANGE 32.46% : CURRENT STRENGTH +190.678994
SHORT,LOSS,85.000/485.714 : NO_HIGHLIGHTED_LEVEL_EVENT
LONG,LOSS,85.000/364.286 : 1H_ENTRY_LEVEL @ 2021-01-25 09:45 : -36.422720 (Relative DEC) : CHANGE 0.00% : CURRENT STRENGTH -36.422720
LONG,LOSS,85.000/364.286 : NO_HIGHLIGHTED_LEVEL_EVENT
SHORT,LOSS,85.000/728.571 : NO_HIGHLIGHTED_LEVEL_EVENT
LONG,WIN,285.000/316.667 : NO_HIGHLIGHTED_LEVEL_EVENT
SHORT,LOSS,85.000/364.286 : NO_HIGHLIGHTED_LEVEL_EVENT
LONG,WIN,85.000/364.286 : NO_HIGHLIGHTED_LEVEL_EVENT
LONG,LOSS,85.000/364.286 : NO_HIGHLIGHTED_LEVEL_EVENT
LONG,LOSS,85.000/364.286 : NO_HIGHLIGHTED_LEVEL_EVENT
LONG,LOSS,85.000/364.286 : NO_HIGHLIGHTED_LEVEL_EVENT
SHORT,LOSS,85.000/485.714 : NO_HIGHLIGHTED_LEVEL_EVENT
LONG,LOSS,85.000/364.286 : NO_HIGHLIGHTED_LEVEL_EVENT
SHORT,LOSS,85.000/971.429 : NO_HIGHLIGHTED_LEVEL_EVENT
SHORT,LOSS,85.000/728.571 : NO_HIGHLIGHTED_LEVEL_EVENT
LONG,LOSS,85.000/364.286 : NO_HIGHLIGHTED_LEVEL_EVENT
LONG,LOSS,85.000/364.286 : NO_HIGHLIGHTED_LEVEL_EVENT
SHORT,LOSS,85.000/971.429 : NO_HIGHLIGHTED_LEVEL_EVENT
LONG,LOSS,85.000/364.286 : NO_HIGHLIGHTED_LEVEL_EVENT
LONG,LOSS,85.000/364.286 : NO_HIGHLIGHTED_LEVEL_EVENT
LONG,LOSS,85.000/364.286 : NO_HIGHLIGHTED_LEVEL_EVENT
LONG,LOSS,85.000/971.429 : NO_HIGHLIGHTED_LEVEL_EVENT
LONG,LOSS,85.000/364.286 : NO_HIGHLIGHTED_LEVEL_EVENT
LONG,LOSS,85.000/364.286 : NO_HIGHLIGHTED_LEVEL_EVENT
LONG,LOSS,85.000/364.286 : NO_HIGHLIGHTED_LEVEL_EVENT
LONG,WIN,85.000/364.286 : 30M_TOUCH_LEVEL @ 2021-02-03 17:30 : +107.777472 (Relative INC) : CHANGE 0.00% : CURRENT STRENGTH +107.777472
SHORT,LOSS,85.000/971.429 : NO_HIGHLIGHTED_LEVEL_EVENT
SHORT,LOSS,85.000/971.429 : NO_HIGHLIGHTED_LEVEL_EVENT
LONG,LOSS,85.000/971.429 : NO_HIGHLIGHTED_LEVEL_EVENT
LONG,WIN,85.000/364.286 : NO_HIGHLIGHTED_LEVEL_EVENT
LONG,LOSS,85.000/364.286 : NO_HIGHLIGHTED_LEVEL_EVENT
SHORT,LOSS,85.000/971.429 : NO_HIGHLIGHTED_LEVEL_EVENT
SHORT,LOSS,85.000/728.571 : NO_HIGHLIGHTED_LEVEL_EVENT
LONG,WIN,85.000/364.286 : 1H_ENTRY_LEVEL @ 2021-02-08 18:12 : +66.483684 (Relative INC) : CHANGE 0.00% : CURRENT STRENGTH +66.483684
LONG,WIN,85.000/364.286 : NO_HIGHLIGHTED_LEVEL_EVENT
SHORT,LOSS,85.000/485.714 : NO_HIGHLIGHTED_LEVEL_EVENT
SHORT,WIN,85.000/485.714 : 30M_TOUCH_LEVEL @ 2021-02-08 22:31 : +143.947736 (Relative INC) : CHANGE 0.00% : CURRENT STRENGTH +143.947736
LONG,LOSS,85.000/364.286 : NO_HIGHLIGHTED_LEVEL_EVENT
SHORT,LOSS,85.000/971.429 : NO_HIGHLIGHTED_LEVEL_EVENT
SHORT,LOSS,85.000/728.571 : NO_HIGHLIGHTED_LEVEL_EVENT
SHORT,LOSS,85.000/485.714 : NO_HIGHLIGHTED_LEVEL_EVENT
SHORT,LOSS,85.000/728.571 : NO_HIGHLIGHTED_LEVEL_EVENT
SHORT,LOSS,85.000/971.429 : NO_HIGHLIGHTED_LEVEL_EVENT
LONG,LOSS,85.000/971.429 : NO_HIGHLIGHTED_LEVEL_EVENT
SHORT,LOSS,85.000/485.714 : NO_HIGHLIGHTED_LEVEL_EVENT
LONG,LOSS,85.000/364.286 : NO_HIGHLIGHTED_LEVEL_EVENT
LONG,LOSS,85.000/364.286 : NO_HIGHLIGHTED_LEVEL_EVENT
LONG,WIN,85.000/364.286 : NO_HIGHLIGHTED_LEVEL_EVENT
SHORT,WIN,85.000/971.429 : 1H_ENTRY_LEVEL @ 2021-02-16 01:53 : +51.854992 (Relative INC) : CHANGE 0.00% : CURRENT STRENGTH +51.854992 -> 30M_TOUCH_LEVEL @ 2021-02-16 01:57 : +31.252171 (Relative INC) : CHANGE 60.27% : CURRENT STRENGTH +83.107163
LONG,LOSS,85.000/364.286 : NO_HIGHLIGHTED_LEVEL_EVENT
LONG,LOSS,85.000/728.571 : NO_HIGHLIGHTED_LEVEL_EVENT
LONG,LOSS,85.000/364.286 : NO_HIGHLIGHTED_LEVEL_EVENT
LONG,WIN,85.000/364.286 : 30M_TOUCH_LEVEL @ 2021-02-16 17:30 : +107.777472 (Relative INC) : CHANGE 0.00% : CURRENT STRENGTH +107.777472
SHORT,WIN,85.000/971.429 : 30M_TOUCH_LEVEL @ 2021-02-16 20:45 : +90.840573 (Relative INC) : CHANGE 0.00% : CURRENT STRENGTH +90.840573
LONG,LOSS,85.000/364.286 : NO_HIGHLIGHTED_LEVEL_EVENT
LONG,LOSS,85.000/364.286 : NO_HIGHLIGHTED_LEVEL_EVENT
LONG,LOSS,85.000/364.286 : NO_HIGHLIGHTED_LEVEL_EVENT
SHORT,LOSS,85.000/485.714 : NO_HIGHLIGHTED_LEVEL_EVENT
SHORT,LOSS,85.000/485.714 : NO_HIGHLIGHTED_LEVEL_EVENT
LONG,LOSS,85.000/364.286 : NO_HIGHLIGHTED_LEVEL_EVENT
SHORT,LOSS,85.000/971.429 : NO_HIGHLIGHTED_LEVEL_EVENT
LONG,LOSS,85.000/364.286 : NO_HIGHLIGHTED_LEVEL_EVENT
SHORT,LOSS,85.000/971.429 : NO_HIGHLIGHTED_LEVEL_EVENT
SHORT,LOSS,85.000/485.714 : NO_HIGHLIGHTED_LEVEL_EVENT
LONG,LOSS,85.000/364.286 : NO_HIGHLIGHTED_LEVEL_EVENT
LONG,LOSS,85.000/364.286 : NO_HIGHLIGHTED_LEVEL_EVENT
LONG,LOSS,85.000/364.286 : NO_HIGHLIGHTED_LEVEL_EVENT
LONG,LOSS,85.000/364.286 : NO_HIGHLIGHTED_LEVEL_EVENT
LONG,LOSS,85.000/364.286 : NO_HIGHLIGHTED_LEVEL_EVENT
LONG,LOSS,85.000/364.286 : NO_HIGHLIGHTED_LEVEL_EVENT
LONG,LOSS,85.000/364.286 : NO_HIGHLIGHTED_LEVEL_EVENT
LONG,WIN,85.000/364.286 : NO_HIGHLIGHTED_LEVEL_EVENT
LONG,LOSS,85.000/364.286 : NO_HIGHLIGHTED_LEVEL_EVENT
LONG,LOSS,85.000/364.286 : NO_HIGHLIGHTED_LEVEL_EVENT
LONG,WIN,85.000/364.286 : NO_HIGHLIGHTED_LEVEL_EVENT
LONG,LOSS,85.000/364.286 : NO_HIGHLIGHTED_LEVEL_EVENT
LONG,LOSS,85.000/364.286 : NO_HIGHLIGHTED_LEVEL_EVENT
SHORT,WIN,85.000/728.571 : 30M_TOUCH_LEVEL @ 2021-02-22 03:03 : +48.277428 (Relative INC) : CHANGE 0.00% : CURRENT STRENGTH +48.277428 -> 1H_ENTRY_LEVEL @ 2021-02-22 03:17 : +31.252171 (Relative INC) : CHANGE 64.73% : CURRENT STRENGTH +79.529599
LONG,LOSS,85.000/364.286 : NO_HIGHLIGHTED_LEVEL_EVENT
SHORT,LOSS,85.000/728.571 : NO_HIGHLIGHTED_LEVEL_EVENT
LONG,WIN,85.000/364.286 : NO_HIGHLIGHTED_LEVEL_EVENT
SHORT,LOSS,85.000/728.571 : NO_HIGHLIGHTED_LEVEL_EVENT
LONG,WIN,85.000/364.286 : 30M_TOUCH_LEVEL @ 2021-02-22 20:30 : +107.777472 (Relative INC) : CHANGE 0.00% : CURRENT STRENGTH +107.777472
SHORT,LOSS,85.000/728.571 : NO_HIGHLIGHTED_LEVEL_EVENT
LONG,WIN,85.000/364.286 : 30M_TOUCH_LEVEL @ 2021-02-23 00:30 : +107.777472 (Relative INC) : CHANGE 0.00% : CURRENT STRENGTH +107.777472
SHORT,LOSS,85.000/485.714 : NO_HIGHLIGHTED_LEVEL_EVENT
SHORT,LOSS,85.000/485.714 : NO_HIGHLIGHTED_LEVEL_EVENT
SHORT,WIN,85.000/485.714 : 30M_TOUCH_LEVEL @ 2021-02-23 13:31 : +143.947736 (Relative INC) : CHANGE 0.00% : CURRENT STRENGTH +143.947736
SHORT,WIN,85.000/971.429 : NO_HIGHLIGHTED_LEVEL_EVENT
SHORT,LOSS,85.000/728.571 : NO_HIGHLIGHTED_LEVEL_EVENT
LONG,LOSS,85.000/364.286 : NO_HIGHLIGHTED_LEVEL_EVENT
SHORT,LOSS,85.000/728.571 : NO_HIGHLIGHTED_LEVEL_EVENT
LONG,WIN,85.000/364.286 : NO_HIGHLIGHTED_LEVEL_EVENT
SHORT,LOSS,85.000/971.429 : NO_HIGHLIGHTED_LEVEL_EVENT
SHORT,WIN,85.000/971.429 : 30M_TOUCH_LEVEL @ 2021-02-24 18:33 : +139.779622 (Relative INC) : CHANGE 0.00% : CURRENT STRENGTH +139.779622
SHORT,LOSS,85.000/971.429 : NO_HIGHLIGHTED_LEVEL_EVENT
LONG,LOSS,85.000/728.571 : NO_HIGHLIGHTED_LEVEL_EVENT
LONG,LOSS,85.000/364.286 : NO_HIGHLIGHTED_LEVEL_EVENT
SHORT,WIN,85.000/364.286 : 30M_TOUCH_LEVEL @ 2021-02-28 09:31 : +143.947736 (Relative INC) : CHANGE 0.00% : CURRENT STRENGTH +143.947736
LONG,LOSS,85.000/364.286 : NO_HIGHLIGHTED_LEVEL_EVENT
LONG,WIN,85.000/364.286 : NO_HIGHLIGHTED_LEVEL_EVENT
SHORT,LOSS,85.000/971.429 : NO_HIGHLIGHTED_LEVEL_EVENT
SHORT,WIN,85.000/971.429 : 30M_TOUCH_LEVEL @ 2021-02-28 18:31 : +143.947736 (Relative INC) : CHANGE 0.00% : CURRENT STRENGTH +143.947736
LONG,WIN,285.000/316.667 : NO_HIGHLIGHTED_LEVEL_EVENT
LONG,LOSS,85.000/364.286 : NO_HIGHLIGHTED_LEVEL_EVENT
LONG,LOSS,85.000/364.286 : NO_HIGHLIGHTED_LEVEL_EVENT
LONG,LOSS,85.000/364.286 : NO_HIGHLIGHTED_LEVEL_EVENT
SHORT,LOSS,85.000/728.571 : NO_HIGHLIGHTED_LEVEL_EVENT
SHORT,LOSS,85.000/728.571 : NO_HIGHLIGHTED_LEVEL_EVENT
LONG,WIN,85.000/364.286 : NO_HIGHLIGHTED_LEVEL_EVENT
SHORT,LOSS,85.000/971.429 : NO_HIGHLIGHTED_LEVEL_EVENT
SHORT,LOSS,85.000/485.714 : NO_HIGHLIGHTED_LEVEL_EVENT
LONG,LOSS,85.000/364.286 : NO_HIGHLIGHTED_LEVEL_EVENT
LONG,LOSS,85.000/364.286 : NO_HIGHLIGHTED_LEVEL_EVENT
LONG,LOSS,85.000/364.286 : NO_HIGHLIGHTED_LEVEL_EVENT
LONG,LOSS,85.000/364.286 : NO_HIGHLIGHTED_LEVEL_EVENT
LONG,WIN,85.000/364.286 : NO_HIGHLIGHTED_LEVEL_EVENT
SHORT,LOSS,85.000/485.714 : NO_HIGHLIGHTED_LEVEL_EVENT
LONG,LOSS,85.000/364.286 : NO_HIGHLIGHTED_LEVEL_EVENT
LONG,LOSS,85.000/364.286 : NO_HIGHLIGHTED_LEVEL_EVENT
SHORT,LOSS,85.000/971.429 : NO_HIGHLIGHTED_LEVEL_EVENT
LONG,LOSS,85.000/364.286 : NO_HIGHLIGHTED_LEVEL_EVENT
LONG,LOSS,85.000/364.286 : NO_HIGHLIGHTED_LEVEL_EVENT
SHORT,LOSS,85.000/728.571 : NO_HIGHLIGHTED_LEVEL_EVENT
LONG,LOSS,85.000/364.286 : NO_HIGHLIGHTED_LEVEL_EVENT
SHORT,LOSS,85.000/485.714 : NO_HIGHLIGHTED_LEVEL_EVENT
LONG,LOSS,85.000/364.286 : NO_HIGHLIGHTED_LEVEL_EVENT
LONG,LOSS,85.000/364.286 : NO_HIGHLIGHTED_LEVEL_EVENT
SHORT,LOSS,85.000/971.429 : NO_HIGHLIGHTED_LEVEL_EVENT
LONG,LOSS,85.000/364.286 : NO_HIGHLIGHTED_LEVEL_EVENT
SHORT,LOSS,85.000/485.714 : NO_HIGHLIGHTED_LEVEL_EVENT
LONG,WIN,85.000/364.286 : 1H_ENTRY_LEVEL @ 2021-03-12 10:48 : +50.722968 (Relative INC) : CHANGE 0.00% : CURRENT STRENGTH +50.722968 -> 30M_TOUCH_LEVEL @ 2021-03-12 10:50 : +26.413795 (Relative INC) : CHANGE 52.07% : CURRENT STRENGTH +77.136763
LONG,LOSS,85.000/364.286 : NO_HIGHLIGHTED_LEVEL_EVENT
LONG,WIN,85.000/364.286 : 1H_ENTRY_LEVEL @ 2021-03-12 16:12 : +66.483684 (Relative INC) : CHANGE 0.00% : CURRENT STRENGTH +66.483684
LONG,LOSS,85.000/364.286 : NO_HIGHLIGHTED_LEVEL_EVENT
SHORT,LOSS,235.000/854.545 : NO_HIGHLIGHTED_LEVEL_EVENT
SHORT,LOSS,85.000/971.429 : NO_HIGHLIGHTED_LEVEL_EVENT
SHORT,LOSS,85.000/728.571 : NO_HIGHLIGHTED_LEVEL_EVENT
LONG,LOSS,85.000/364.286 : NO_HIGHLIGHTED_LEVEL_EVENT
LONG,LOSS,85.000/364.286 : NO_HIGHLIGHTED_LEVEL_EVENT
LONG,LOSS,85.000/364.286 : NO_HIGHLIGHTED_LEVEL_EVENT
LONG,LOSS,85.000/364.286 : NO_HIGHLIGHTED_LEVEL_EVENT
SHORT,LOSS,85.000/728.571 : NO_HIGHLIGHTED_LEVEL_EVENT
LONG,LOSS,85.000/364.286 : NO_HIGHLIGHTED_LEVEL_EVENT
LONG,WIN,85.000/728.571 : NO_HIGHLIGHTED_LEVEL_EVENT
LONG,LOSS,85.000/364.286 : NO_HIGHLIGHTED_LEVEL_EVENT
SHORT,LOSS,85.000/971.429 : NO_HIGHLIGHTED_LEVEL_EVENT
SHORT,LOSS,85.000/971.429 : NO_HIGHLIGHTED_LEVEL_EVENT
LONG,LOSS,85.000/364.286 : NO_HIGHLIGHTED_LEVEL_EVENT
LONG,LOSS,85.000/364.286 : NO_HIGHLIGHTED_LEVEL_EVENT
LONG,LOSS,85.000/364.286 : NO_HIGHLIGHTED_LEVEL_EVENT
LONG,LOSS,85.000/364.286 : NO_HIGHLIGHTED_LEVEL_EVENT
SHORT,WIN,235.000/854.545 : 1H_ENTRY_LEVEL @ 2021-03-21 00:09 : +41.264441 (Relative INC) : CHANGE 0.00% : CURRENT STRENGTH +41.264441
SHORT,LOSS,85.000/728.571 : 1H_ENTRY_LEVEL @ 2021-03-21 03:11 : -18.105480 (Relative DEC) : CHANGE 0.00% : CURRENT STRENGTH -18.105480
LONG,LOSS,85.000/364.286 : NO_HIGHLIGHTED_LEVEL_EVENT
LONG,LOSS,85.000/364.286 : NO_HIGHLIGHTED_LEVEL_EVENT
LONG,LOSS,85.000/364.286 : NO_HIGHLIGHTED_LEVEL_EVENT
SHORT,LOSS,85.000/485.714 : NO_HIGHLIGHTED_LEVEL_EVENT
LONG,WIN,85.000/364.286 : 1H_ENTRY_LEVEL @ 2021-03-22 03:02 : +77.254365 (Relative INC) : CHANGE 0.00% : CURRENT STRENGTH +77.254365
LONG,LOSS,85.000/364.286 : NO_HIGHLIGHTED_LEVEL_EVENT
LONG,LOSS,85.000/364.286 : NO_HIGHLIGHTED_LEVEL_EVENT
SHORT,LOSS,85.000/485.714 : NO_HIGHLIGHTED_LEVEL_EVENT
LONG,LOSS,85.000/364.286 : NO_HIGHLIGHTED_LEVEL_EVENT
SHORT,LOSS,85.000/728.571 : NO_HIGHLIGHTED_LEVEL_EVENT
SHORT,LOSS,85.000/971.429 : NO_HIGHLIGHTED_LEVEL_EVENT
LONG,LOSS,85.000/364.286 : NO_HIGHLIGHTED_LEVEL_EVENT
LONG,LOSS,85.000/364.286 : NO_HIGHLIGHTED_LEVEL_EVENT
SHORT,LOSS,85.000/728.571 : NO_HIGHLIGHTED_LEVEL_EVENT
SHORT,LOSS,85.000/971.429 : NO_HIGHLIGHTED_LEVEL_EVENT
SHORT,LOSS,85.000/728.571 : NO_HIGHLIGHTED_LEVEL_EVENT
LONG,LOSS,85.000/971.429 : NO_HIGHLIGHTED_LEVEL_EVENT
LONG,WIN,85.000/364.286 : NO_HIGHLIGHTED_LEVEL_EVENT
SHORT,LOSS,85.000/485.714 : NO_HIGHLIGHTED_LEVEL_EVENT
LONG,LOSS,85.000/364.286 : NO_HIGHLIGHTED_LEVEL_EVENT
LONG,LOSS,85.000/364.286 : NO_HIGHLIGHTED_LEVEL_EVENT
SHORT,LOSS,85.000/728.571 : NO_HIGHLIGHTED_LEVEL_EVENT
SHORT,LOSS,85.000/728.571 : NO_HIGHLIGHTED_LEVEL_EVENT
LONG,WIN,85.000/364.286 : NO_HIGHLIGHTED_LEVEL_EVENT
LONG,LOSS,85.000/364.286 : NO_HIGHLIGHTED_LEVEL_EVENT
LONG,WIN,85.000/364.286 : 1H_ENTRY_LEVEL @ 2021-03-24 16:02 : +77.254365 (Relative INC) : CHANGE 0.00% : CURRENT STRENGTH +77.254365
LONG,LOSS,85.000/971.429 : NO_HIGHLIGHTED_LEVEL_EVENT
LONG,LOSS,85.000/364.286 : NO_HIGHLIGHTED_LEVEL_EVENT
SHORT,WIN,85.000/728.571 : NO_HIGHLIGHTED_LEVEL_EVENT
LONG,WIN,85.000/364.286 : 1H_ENTRY_LEVEL @ 2021-03-26 10:02 : +77.254365 (Relative INC) : CHANGE 0.00% : CURRENT STRENGTH +77.254365
LONG,LOSS,85.000/364.286 : NO_HIGHLIGHTED_LEVEL_EVENT
LONG,LOSS,85.000/364.286 : NO_HIGHLIGHTED_LEVEL_EVENT
LONG,WIN,85.000/364.286 : 1H_ENTRY_LEVEL @ 2021-03-26 21:32 : +72.909849 (Relative INC) : CHANGE 0.00% : CURRENT STRENGTH +72.909849
LONG,LOSS,85.000/364.286 : NO_HIGHLIGHTED_LEVEL_EVENT
LONG,LOSS,85.000/364.286 : NO_HIGHLIGHTED_LEVEL_EVENT
LONG,WIN,285.000/316.667 : NO_HIGHLIGHTED_LEVEL_EVENT
LONG,LOSS,85.000/364.286 : NO_HIGHLIGHTED_LEVEL_EVENT
SHORT,LOSS,85.000/971.429 : NO_HIGHLIGHTED_LEVEL_EVENT
SHORT,LOSS,85.000/971.429 : NO_HIGHLIGHTED_LEVEL_EVENT
LONG,LOSS,85.000/364.286 : NO_HIGHLIGHTED_LEVEL_EVENT
SHORT,WIN,85.000/728.571 : 30M_TOUCH_LEVEL @ 2021-03-29 05:56 : +14.168115 (Relative INC) : CHANGE 0.00% : CURRENT STRENGTH +14.168115
LONG,LOSS,85.000/364.286 : NO_HIGHLIGHTED_LEVEL_EVENT
SHORT,WIN,85.000/728.571 : NO_HIGHLIGHTED_LEVEL_EVENT
LONG,LOSS,85.000/364.286 : NO_HIGHLIGHTED_LEVEL_EVENT
LONG,LOSS,85.000/364.286 : NO_HIGHLIGHTED_LEVEL_EVENT
SHORT,LOSS,85.000/728.571 : NO_HIGHLIGHTED_LEVEL_EVENT
LONG,LOSS,85.000/364.286 : NO_HIGHLIGHTED_LEVEL_EVENT
SHORT,LOSS,85.000/971.429 : NO_HIGHLIGHTED_LEVEL_EVENT
LONG,LOSS,85.000/364.286 : NO_HIGHLIGHTED_LEVEL_EVENT
SHORT,LOSS,85.000/485.714 : NO_HIGHLIGHTED_LEVEL_EVENT
SHORT,LOSS,85.000/485.714 : NO_HIGHLIGHTED_LEVEL_EVENT
SHORT,WIN,85.000/971.429 : 30M_TOUCH_LEVEL @ 2021-04-04 00:38 : +104.891086 (Relative INC) : CHANGE 0.00% : CURRENT STRENGTH +104.891086
SHORT,LOSS,85.000/971.429 : NO_HIGHLIGHTED_LEVEL_EVENT
SHORT,LOSS,85.000/728.571 : NO_HIGHLIGHTED_LEVEL_EVENT
LONG,LOSS,285.000/316.667 : NO_HIGHLIGHTED_LEVEL_EVENT
LONG,LOSS,85.000/364.286 : NO_HIGHLIGHTED_LEVEL_EVENT
LONG,LOSS,85.000/364.286 : NO_HIGHLIGHTED_LEVEL_EVENT
SHORT,LOSS,85.000/728.571 : NO_HIGHLIGHTED_LEVEL_EVENT
LONG,LOSS,285.000/316.667 : NO_HIGHLIGHTED_LEVEL_EVENT
LONG,LOSS,85.000/364.286 : NO_HIGHLIGHTED_LEVEL_EVENT
LONG,LOSS,85.000/364.286 : NO_HIGHLIGHTED_LEVEL_EVENT
LONG,LOSS,85.000/364.286 : NO_HIGHLIGHTED_LEVEL_EVENT
SHORT,LOSS,85.000/485.714 : NO_HIGHLIGHTED_LEVEL_EVENT
SHORT,LOSS,235.000/854.545 : NO_HIGHLIGHTED_LEVEL_EVENT
SHORT,WIN,85.000/971.429 : 1H_ENTRY_LEVEL @ 2021-04-06 18:24 : +28.395028 (Relative INC) : CHANGE 0.00% : CURRENT STRENGTH +28.395028
LONG,WIN,85.000/364.286 : NO_HIGHLIGHTED_LEVEL_EVENT
LONG,LOSS,85.000/364.286 : NO_HIGHLIGHTED_LEVEL_EVENT
LONG,LOSS,85.000/971.429 : NO_HIGHLIGHTED_LEVEL_EVENT
LONG,LOSS,85.000/364.286 : NO_HIGHLIGHTED_LEVEL_EVENT
LONG,WIN,85.000/364.286 : NO_HIGHLIGHTED_LEVEL_EVENT
SHORT,WIN,85.000/971.429 : 1H_ENTRY_LEVEL @ 2021-04-11 08:33 : +51.678593 (Relative INC) : CHANGE 0.00% : CURRENT STRENGTH +51.678593
LONG,LOSS,85.000/364.286 : NO_HIGHLIGHTED_LEVEL_EVENT
SHORT,LOSS,85.000/728.571 : NO_HIGHLIGHTED_LEVEL_EVENT
SHORT,LOSS,85.000/728.571 : NO_HIGHLIGHTED_LEVEL_EVENT
LONG,LOSS,85.000/364.286 : NO_HIGHLIGHTED_LEVEL_EVENT
LONG,LOSS,85.000/364.286 : NO_HIGHLIGHTED_LEVEL_EVENT
SHORT,LOSS,85.000/971.429 : NO_HIGHLIGHTED_LEVEL_EVENT
SHORT,LOSS,85.000/971.429 : NO_HIGHLIGHTED_LEVEL_EVENT
SHORT,LOSS,85.000/728.571 : NO_HIGHLIGHTED_LEVEL_EVENT
SHORT,LOSS,85.000/971.429 : NO_HIGHLIGHTED_LEVEL_EVENT
SHORT,WIN,85.000/728.571 : 30M_TOUCH_LEVEL @ 2021-04-13 23:45 : +90.840573 (Relative INC) : CHANGE 0.00% : CURRENT STRENGTH +90.840573
LONG,LOSS,85.000/364.286 : 1H_ENTRY_LEVEL @ 2021-04-16 01:43 : -25.411200 (Relative DEC) : CHANGE 0.00% : CURRENT STRENGTH -25.411200
LONG,WIN,85.000/364.286 : 30M_TOUCH_LEVEL @ 2021-04-16 02:17 : +8.876519 (Relative INC) : CHANGE 0.00% : CURRENT STRENGTH +8.876519
LONG,LOSS,85.000/364.286 : NO_HIGHLIGHTED_LEVEL_EVENT
LONG,LOSS,85.000/364.286 : NO_HIGHLIGHTED_LEVEL_EVENT
LONG,LOSS,85.000/364.286 : NO_HIGHLIGHTED_LEVEL_EVENT
LONG,LOSS,85.000/364.286 : NO_HIGHLIGHTED_LEVEL_EVENT
LONG,WIN,85.000/364.286 : 1H_ENTRY_LEVEL @ 2021-04-16 20:38 : +78.189074 (Relative INC) : CHANGE 0.00% : CURRENT STRENGTH +78.189074
LONG,LOSS,85.000/364.286 : NO_HIGHLIGHTED_LEVEL_EVENT
LONG,WIN,85.000/364.286 : NO_HIGHLIGHTED_LEVEL_EVENT
LONG,LOSS,85.000/364.286 : NO_HIGHLIGHTED_LEVEL_EVENT
LONG,LOSS,85.000/364.286 : NO_HIGHLIGHTED_LEVEL_EVENT
SHORT,WIN,85.000/728.571 : NO_HIGHLIGHTED_LEVEL_EVENT
SHORT,WIN,85.000/485.714 : 30M_TOUCH_LEVEL @ 2021-04-18 07:38 : +104.891086 (Relative INC) : CHANGE 0.00% : CURRENT STRENGTH +104.891086
LONG,LOSS,85.000/364.286 : NO_HIGHLIGHTED_LEVEL_EVENT
SHORT,WIN,85.000/971.429 : NO_HIGHLIGHTED_LEVEL_EVENT
SHORT,WIN,85.000/485.714 : 30M_TOUCH_LEVEL @ 2021-04-18 13:31 : +143.947736 (Relative INC) : CHANGE 0.00% : CURRENT STRENGTH +143.947736
SHORT,LOSS,85.000/485.714 : NO_HIGHLIGHTED_LEVEL_EVENT
SHORT,LOSS,85.000/485.714 : NO_HIGHLIGHTED_LEVEL_EVENT
SHORT,WIN,85.000/485.714 : 1H_ENTRY_LEVEL @ 2021-04-18 22:33 : +51.678593 (Relative INC) : CHANGE 0.00% : CURRENT STRENGTH +51.678593
LONG,LOSS,85.000/364.286 : NO_HIGHLIGHTED_LEVEL_EVENT
SHORT,LOSS,85.000/971.429 : NO_HIGHLIGHTED_LEVEL_EVENT
LONG,WIN,85.000/364.286 : NO_HIGHLIGHTED_LEVEL_EVENT
SHORT,LOSS,85.000/971.429 : NO_HIGHLIGHTED_LEVEL_EVENT
LONG,LOSS,85.000/364.286 : NO_HIGHLIGHTED_LEVEL_EVENT
LONG,LOSS,85.000/364.286 : NO_HIGHLIGHTED_LEVEL_EVENT
LONG,LOSS,85.000/364.286 : NO_HIGHLIGHTED_LEVEL_EVENT
SHORT,LOSS,85.000/485.714 : NO_HIGHLIGHTED_LEVEL_EVENT
SHORT,LOSS,85.000/485.714 : NO_HIGHLIGHTED_LEVEL_EVENT
LONG,LOSS,85.000/364.286 : NO_HIGHLIGHTED_LEVEL_EVENT
SHORT,LOSS,85.000/971.429 : NO_HIGHLIGHTED_LEVEL_EVENT
LONG,WIN,85.000/364.286 : NO_HIGHLIGHTED_LEVEL_EVENT
LONG,LOSS,85.000/364.286 : 1H_ENTRY_LEVEL @ 2021-04-20 11:43 : -25.411200 (Relative DEC) : CHANGE 0.00% : CURRENT STRENGTH -25.411200
SHORT,LOSS,85.000/485.714 : NO_HIGHLIGHTED_LEVEL_EVENT
LONG,LOSS,85.000/364.286 : NO_HIGHLIGHTED_LEVEL_EVENT
LONG,LOSS,85.000/364.286 : NO_HIGHLIGHTED_LEVEL_EVENT
LONG,LOSS,85.000/364.286 : NO_HIGHLIGHTED_LEVEL_EVENT
LONG,LOSS,85.000/364.286 : NO_HIGHLIGHTED_LEVEL_EVENT
SHORT,LOSS,85.000/728.571 : NO_HIGHLIGHTED_LEVEL_EVENT
LONG,LOSS,85.000/364.286 : NO_HIGHLIGHTED_LEVEL_EVENT
LONG,WIN,85.000/364.286 : NO_HIGHLIGHTED_LEVEL_EVENT
LONG,LOSS,85.000/364.286 : NO_HIGHLIGHTED_LEVEL_EVENT
SHORT,LOSS,85.000/728.571 : NO_HIGHLIGHTED_LEVEL_EVENT
LONG,LOSS,85.000/364.286 : NO_HIGHLIGHTED_LEVEL_EVENT
SHORT,LOSS,85.000/728.571 : NO_HIGHLIGHTED_LEVEL_EVENT
LONG,LOSS,85.000/364.286 : NO_HIGHLIGHTED_LEVEL_EVENT
LONG,LOSS,85.000/364.286 : NO_HIGHLIGHTED_LEVEL_EVENT
LONG,LOSS,85.000/364.286 : NO_HIGHLIGHTED_LEVEL_EVENT
LONG,WIN,85.000/364.286 : 30M_TOUCH_LEVEL @ 2021-04-23 08:30 : +107.777472 (Relative INC) : CHANGE 0.00% : CURRENT STRENGTH +107.777472
LONG,WIN,85.000/364.286 : NO_HIGHLIGHTED_LEVEL_EVENT
LONG,LOSS,85.000/364.286 : NO_HIGHLIGHTED_LEVEL_EVENT
LONG,LOSS,85.000/364.286 : NO_HIGHLIGHTED_LEVEL_EVENT
LONG,LOSS,85.000/364.286 : NO_HIGHLIGHTED_LEVEL_EVENT
LONG,LOSS,85.000/364.286 : NO_HIGHLIGHTED_LEVEL_EVENT
LONG,WIN,85.000/364.286 : NO_HIGHLIGHTED_LEVEL_EVENT
LONG,LOSS,85.000/364.286 : NO_HIGHLIGHTED_LEVEL_EVENT
LONG,LOSS,85.000/364.286 : NO_HIGHLIGHTED_LEVEL_EVENT
SHORT,LOSS,85.000/728.571 : NO_HIGHLIGHTED_LEVEL_EVENT
LONG,WIN,285.000/316.667 : 1H_ENTRY_LEVEL @ 2021-04-25 06:12 : +66.483684 (Relative INC) : CHANGE 0.00% : CURRENT STRENGTH +66.483684
LONG,LOSS,85.000/364.286 : NO_HIGHLIGHTED_LEVEL_EVENT
LONG,WIN,285.000/316.667 : 1H_ENTRY_LEVEL @ 2021-04-26 05:32 : +72.909849 (Relative INC) : CHANGE 0.00% : CURRENT STRENGTH +72.909849
LONG,WIN,285.000/316.667 : NO_HIGHLIGHTED_LEVEL_EVENT
SHORT,LOSS,85.000/971.429 : NO_HIGHLIGHTED_LEVEL_EVENT
SHORT,LOSS,85.000/728.571 : NO_HIGHLIGHTED_LEVEL_EVENT
LONG,LOSS,85.000/364.286 : NO_HIGHLIGHTED_LEVEL_EVENT
SHORT,LOSS,85.000/971.429 : NO_HIGHLIGHTED_LEVEL_EVENT
LONG,LOSS,85.000/364.286 : NO_HIGHLIGHTED_LEVEL_EVENT
LONG,LOSS,85.000/364.286 : NO_HIGHLIGHTED_LEVEL_EVENT
LONG,LOSS,85.000/364.286 : NO_HIGHLIGHTED_LEVEL_EVENT
LONG,WIN,85.000/364.286 : NO_HIGHLIGHTED_LEVEL_EVENT
SHORT,WIN,85.000/728.571 : 30M_TOUCH_LEVEL @ 2021-04-27 05:33 : +139.779622 (Relative INC) : CHANGE 0.00% : CURRENT STRENGTH +139.779622
LONG,LOSS,85.000/364.286 : 1H_ENTRY_LEVEL @ 2021-04-27 09:45 : -36.422720 (Relative DEC) : CHANGE 0.00% : CURRENT STRENGTH -36.422720
SHORT,LOSS,85.000/728.571 : NO_HIGHLIGHTED_LEVEL_EVENT
LONG,LOSS,85.000/364.286 : NO_HIGHLIGHTED_LEVEL_EVENT
LONG,WIN,85.000/364.286 : NO_HIGHLIGHTED_LEVEL_EVENT
LONG,LOSS,85.000/364.286 : NO_HIGHLIGHTED_LEVEL_EVENT
LONG,LOSS,85.000/364.286 : NO_HIGHLIGHTED_LEVEL_EVENT
LONG,LOSS,85.000/364.286 : NO_HIGHLIGHTED_LEVEL_EVENT
LONG,WIN,85.000/364.286 : NO_HIGHLIGHTED_LEVEL_EVENT
LONG,WIN,285.000/316.667 : NO_HIGHLIGHTED_LEVEL_EVENT
LONG,LOSS,85.000/364.286 : NO_HIGHLIGHTED_LEVEL_EVENT
LONG,LOSS,85.000/364.286 : NO_HIGHLIGHTED_LEVEL_EVENT
LONG,LOSS,85.000/364.286 : NO_HIGHLIGHTED_LEVEL_EVENT
SHORT,LOSS,85.000/485.714 : NO_HIGHLIGHTED_LEVEL_EVENT
SHORT,LOSS,85.000/485.714 : NO_HIGHLIGHTED_LEVEL_EVENT
SHORT,LOSS,85.000/485.714 : NO_HIGHLIGHTED_LEVEL_EVENT
SHORT,LOSS,85.000/971.429 : NO_HIGHLIGHTED_LEVEL_EVENT
LONG,LOSS,85.000/364.286 : NO_HIGHLIGHTED_LEVEL_EVENT
SHORT,LOSS,85.000/971.429 : NO_HIGHLIGHTED_LEVEL_EVENT
SHORT,LOSS,85.000/485.714 : NO_HIGHLIGHTED_LEVEL_EVENT
SHORT,LOSS,85.000/728.571 : NO_HIGHLIGHTED_LEVEL_EVENT
LONG,LOSS,85.000/364.286 : NO_HIGHLIGHTED_LEVEL_EVENT
LONG,LOSS,85.000/364.286 : NO_HIGHLIGHTED_LEVEL_EVENT
LONG,LOSS,85.000/364.286 : NO_HIGHLIGHTED_LEVEL_EVENT
LONG,WIN,85.000/971.429 : 1H_ENTRY_LEVEL @ 2021-05-05 20:12 : +66.483684 (Relative INC) : CHANGE 0.00% : CURRENT STRENGTH +66.483684
LONG,WIN,85.000/364.286 : NO_HIGHLIGHTED_LEVEL_EVENT
SHORT,LOSS,85.000/971.429 : NO_HIGHLIGHTED_LEVEL_EVENT
SHORT,LOSS,85.000/728.571 : NO_HIGHLIGHTED_LEVEL_EVENT
LONG,LOSS,85.000/364.286 : NO_HIGHLIGHTED_LEVEL_EVENT
SHORT,WIN,85.000/971.429 : 30M_TOUCH_LEVEL @ 2021-05-09 14:50 : +39.764799 (Relative INC) : CHANGE 0.00% : CURRENT STRENGTH +39.764799
LONG,WIN,85.000/364.286 : NO_HIGHLIGHTED_LEVEL_EVENT
SHORT,LOSS,85.000/728.571 : NO_HIGHLIGHTED_LEVEL_EVENT
LONG,WIN,85.000/364.286 : 30M_TOUCH_LEVEL @ 2021-05-11 02:30 : +107.777472 (Relative INC) : CHANGE 0.00% : CURRENT STRENGTH +107.777472
SHORT,LOSS,85.000/485.714 : NO_HIGHLIGHTED_LEVEL_EVENT
LONG,WIN,85.000/364.286 : NO_HIGHLIGHTED_LEVEL_EVENT
SHORT,LOSS,85.000/971.429 : NO_HIGHLIGHTED_LEVEL_EVENT
LONG,LOSS,85.000/364.286 : NO_HIGHLIGHTED_LEVEL_EVENT
LONG,WIN,85.000/364.286 : NO_HIGHLIGHTED_LEVEL_EVENT
SHORT,LOSS,85.000/485.714 : NO_HIGHLIGHTED_LEVEL_EVENT
SHORT,LOSS,85.000/485.714 : NO_HIGHLIGHTED_LEVEL_EVENT
SHORT,LOSS,85.000/485.714 : NO_HIGHLIGHTED_LEVEL_EVENT
SHORT,LOSS,85.000/485.714 : NO_HIGHLIGHTED_LEVEL_EVENT
LONG,WIN,85.000/728.571 : 1H_ENTRY_LEVEL @ 2021-05-12 05:02 : +77.254365 (Relative INC) : CHANGE 0.00% : CURRENT STRENGTH +77.254365
LONG,LOSS,85.000/364.286 : NO_HIGHLIGHTED_LEVEL_EVENT
SHORT,LOSS,85.000/971.429 : NO_HIGHLIGHTED_LEVEL_EVENT
SHORT,WIN,85.000/485.714 : NO_HIGHLIGHTED_LEVEL_EVENT
LONG,LOSS,85.000/364.286 : NO_HIGHLIGHTED_LEVEL_EVENT
LONG,LOSS,85.000/364.286 : NO_HIGHLIGHTED_LEVEL_EVENT
SHORT,LOSS,85.000/728.571 : NO_HIGHLIGHTED_LEVEL_EVENT
LONG,LOSS,85.000/364.286 : NO_HIGHLIGHTED_LEVEL_EVENT
LONG,LOSS,85.000/364.286 : NO_HIGHLIGHTED_LEVEL_EVENT
SHORT,WIN,85.000/485.714 : 1H_ENTRY_LEVEL @ 2021-05-16 21:34 : +91.560993 (Relative INC) : CHANGE 0.00% : CURRENT STRENGTH +91.560993
LONG,LOSS,85.000/364.286 : NO_HIGHLIGHTED_LEVEL_EVENT
LONG,LOSS,285.000/316.667 : NO_HIGHLIGHTED_LEVEL_EVENT
SHORT,WIN,85.000/971.429 : NO_HIGHLIGHTED_LEVEL_EVENT
LONG,WIN,85.000/364.286 : 30M_TOUCH_LEVEL @ 2021-05-17 11:30 : +107.777472 (Relative INC) : CHANGE 0.00% : CURRENT STRENGTH +107.777472
SHORT,LOSS,85.000/728.571 : NO_HIGHLIGHTED_LEVEL_EVENT
SHORT,LOSS,85.000/971.429 : NO_HIGHLIGHTED_LEVEL_EVENT
LONG,LOSS,85.000/364.286 : NO_HIGHLIGHTED_LEVEL_EVENT
LONG,LOSS,85.000/364.286 : NO_HIGHLIGHTED_LEVEL_EVENT
LONG,LOSS,85.000/364.286 : NO_HIGHLIGHTED_LEVEL_EVENT
SHORT,LOSS,85.000/485.714 : NO_HIGHLIGHTED_LEVEL_EVENT
LONG,LOSS,85.000/364.286 : NO_HIGHLIGHTED_LEVEL_EVENT
LONG,LOSS,85.000/364.286 : NO_HIGHLIGHTED_LEVEL_EVENT
SHORT,WIN,85.000/971.429 : NO_HIGHLIGHTED_LEVEL_EVENT
LONG,WIN,85.000/364.286 : NO_HIGHLIGHTED_LEVEL_EVENT
SHORT,LOSS,85.000/485.714 : NO_HIGHLIGHTED_LEVEL_EVENT
LONG,LOSS,85.000/364.286 : NO_HIGHLIGHTED_LEVEL_EVENT
LONG,LOSS,85.000/364.286 : NO_HIGHLIGHTED_LEVEL_EVENT
LONG,LOSS,85.000/364.286 : NO_HIGHLIGHTED_LEVEL_EVENT
LONG,LOSS,85.000/364.286 : NO_HIGHLIGHTED_LEVEL_EVENT
SHORT,LOSS,85.000/364.286 : NO_HIGHLIGHTED_LEVEL_EVENT
SHORT,LOSS,85.000/728.571 : NO_HIGHLIGHTED_LEVEL_EVENT
LONG,LOSS,85.000/364.286 : NO_HIGHLIGHTED_LEVEL_EVENT
LONG,LOSS,85.000/364.286 : NO_HIGHLIGHTED_LEVEL_EVENT
LONG,WIN,85.000/971.429 : NO_HIGHLIGHTED_LEVEL_EVENT
LONG,LOSS,85.000/364.286 : NO_HIGHLIGHTED_LEVEL_EVENT
LONG,LOSS,85.000/364.286 : NO_HIGHLIGHTED_LEVEL_EVENT
LONG,WIN,85.000/364.286 : NO_HIGHLIGHTED_LEVEL_EVENT
LONG,LOSS,85.000/364.286 : NO_HIGHLIGHTED_LEVEL_EVENT
LONG,LOSS,85.000/364.286 : NO_HIGHLIGHTED_LEVEL_EVENT
LONG,LOSS,85.000/364.286 : NO_HIGHLIGHTED_LEVEL_EVENT
LONG,LOSS,85.000/364.286 : NO_HIGHLIGHTED_LEVEL_EVENT
LONG,LOSS,85.000/364.286 : NO_HIGHLIGHTED_LEVEL_EVENT
LONG,WIN,85.000/364.286 : 30M_TOUCH_LEVEL @ 2021-05-23 11:30 : +107.777472 (Relative INC) : CHANGE 0.00% : CURRENT STRENGTH +107.777472
SHORT,LOSS,85.000/728.571 : NO_HIGHLIGHTED_LEVEL_EVENT
LONG,LOSS,85.000/364.286 : NO_HIGHLIGHTED_LEVEL_EVENT
SHORT,LOSS,85.000/728.571 : NO_HIGHLIGHTED_LEVEL_EVENT
SHORT,LOSS,85.000/728.571 : NO_HIGHLIGHTED_LEVEL_EVENT
LONG,WIN,85.000/364.286 : NO_HIGHLIGHTED_LEVEL_EVENT
LONG,LOSS,85.000/364.286 : NO_HIGHLIGHTED_LEVEL_EVENT
LONG,LOSS,85.000/364.286 : NO_HIGHLIGHTED_LEVEL_EVENT
SHORT,LOSS,85.000/728.571 : NO_HIGHLIGHTED_LEVEL_EVENT
LONG,LOSS,85.000/364.286 : NO_HIGHLIGHTED_LEVEL_EVENT
SHORT,WIN,85.000/485.714 : NO_HIGHLIGHTED_LEVEL_EVENT
LONG,LOSS,85.000/364.286 : NO_HIGHLIGHTED_LEVEL_EVENT
LONG,LOSS,85.000/364.286 : NO_HIGHLIGHTED_LEVEL_EVENT
SHORT,WIN,85.000/364.286 : 1H_ENTRY_LEVEL @ 2021-05-25 09:36 : +72.269143 (Relative INC) : CHANGE 0.00% : CURRENT STRENGTH +72.269143
LONG,WIN,85.000/364.286 : NO_HIGHLIGHTED_LEVEL_EVENT
SHORT,LOSS,85.000/485.714 : NO_HIGHLIGHTED_LEVEL_EVENT
SHORT,LOSS,85.000/485.714 : NO_HIGHLIGHTED_LEVEL_EVENT
LONG,LOSS,85.000/364.286 : NO_HIGHLIGHTED_LEVEL_EVENT
SHORT,WIN,235.000/854.545 : NO_HIGHLIGHTED_LEVEL_EVENT
SHORT,LOSS,85.000/485.714 : NO_HIGHLIGHTED_LEVEL_EVENT
LONG,LOSS,85.000/364.286 : NO_HIGHLIGHTED_LEVEL_EVENT
LONG,LOSS,85.000/364.286 : NO_HIGHLIGHTED_LEVEL_EVENT
SHORT,WIN,85.000/485.714 : NO_HIGHLIGHTED_LEVEL_EVENT
SHORT,LOSS,85.000/971.429 : NO_HIGHLIGHTED_LEVEL_EVENT
LONG,LOSS,85.000/364.286 : NO_HIGHLIGHTED_LEVEL_EVENT
SHORT,LOSS,85.000/485.714 : NO_HIGHLIGHTED_LEVEL_EVENT
SHORT,LOSS,85.000/485.714 : NO_HIGHLIGHTED_LEVEL_EVENT
LONG,LOSS,85.000/364.286 : NO_HIGHLIGHTED_LEVEL_EVENT
LONG,LOSS,85.000/728.571 : NO_HIGHLIGHTED_LEVEL_EVENT
LONG,WIN,285.000/316.667 : NO_HIGHLIGHTED_LEVEL_EVENT
LONG,LOSS,85.000/364.286 : NO_HIGHLIGHTED_LEVEL_EVENT
LONG,LOSS,85.000/364.286 : NO_HIGHLIGHTED_LEVEL_EVENT
LONG,LOSS,85.000/971.429 : NO_HIGHLIGHTED_LEVEL_EVENT
LONG,LOSS,85.000/364.286 : NO_HIGHLIGHTED_LEVEL_EVENT
LONG,LOSS,85.000/364.286 : NO_HIGHLIGHTED_LEVEL_EVENT
LONG,LOSS,85.000/364.286 : NO_HIGHLIGHTED_LEVEL_EVENT
SHORT,LOSS,85.000/971.429 : NO_HIGHLIGHTED_LEVEL_EVENT
SHORT,LOSS,85.000/971.429 : NO_HIGHLIGHTED_LEVEL_EVENT
SHORT,WIN,85.000/728.571 : 1H_ENTRY_LEVEL @ 2021-05-31 03:10 : +34.050514 (Relative INC) : CHANGE 0.00% : CURRENT STRENGTH +34.050514 -> 30M_TOUCH_LEVEL @ 2021-05-31 03:13 : +22.680744 (Relative INC) : CHANGE 66.61% : CURRENT STRENGTH +56.731258
SHORT,WIN,85.000/728.571 : 1H_ENTRY_LEVEL @ 2021-05-31 05:34 : +91.560993 (Relative INC) : CHANGE 0.00% : CURRENT STRENGTH +91.560993
LONG,LOSS,85.000/364.286 : NO_HIGHLIGHTED_LEVEL_EVENT
LONG,LOSS,85.000/364.286 : NO_HIGHLIGHTED_LEVEL_EVENT
LONG,LOSS,85.000/364.286 : NO_HIGHLIGHTED_LEVEL_EVENT
SHORT,LOSS,85.000/728.571 : NO_HIGHLIGHTED_LEVEL_EVENT
LONG,LOSS,85.000/971.429 : NO_HIGHLIGHTED_LEVEL_EVENT
SHORT,LOSS,85.000/485.714 : NO_HIGHLIGHTED_LEVEL_EVENT
SHORT,LOSS,85.000/485.714 : NO_HIGHLIGHTED_LEVEL_EVENT
LONG,LOSS,85.000/364.286 : NO_HIGHLIGHTED_LEVEL_EVENT
LONG,LOSS,85.000/364.286 : NO_HIGHLIGHTED_LEVEL_EVENT
LONG,LOSS,85.000/971.429 : NO_HIGHLIGHTED_LEVEL_EVENT
LONG,LOSS,85.000/364.286 : NO_HIGHLIGHTED_LEVEL_EVENT
LONG,LOSS,85.000/364.286 : NO_HIGHLIGHTED_LEVEL_EVENT
SHORT,LOSS,85.000/728.571 : 1H_ENTRY_LEVEL @ 2021-06-06 04:11 : -18.105480 (Relative DEC) : CHANGE 0.00% : CURRENT STRENGTH -18.105480
LONG,LOSS,85.000/364.286 : NO_HIGHLIGHTED_LEVEL_EVENT
SHORT,LOSS,85.000/728.571 : NO_HIGHLIGHTED_LEVEL_EVENT
SHORT,LOSS,85.000/728.571 : NO_HIGHLIGHTED_LEVEL_EVENT
LONG,LOSS,85.000/364.286 : NO_HIGHLIGHTED_LEVEL_EVENT
SHORT,LOSS,85.000/728.571 : NO_HIGHLIGHTED_LEVEL_EVENT
LONG,LOSS,85.000/364.286 : NO_HIGHLIGHTED_LEVEL_EVENT
LONG,LOSS,85.000/364.286 : NO_HIGHLIGHTED_LEVEL_EVENT
SHORT,LOSS,85.000/971.429 : NO_HIGHLIGHTED_LEVEL_EVENT
LONG,WIN,85.000/364.286 : NO_HIGHLIGHTED_LEVEL_EVENT
SHORT,LOSS,85.000/485.714 : NO_HIGHLIGHTED_LEVEL_EVENT
SHORT,WIN,85.000/728.571 : 30M_TOUCH_LEVEL @ 2021-06-09 23:31 : +143.947736 (Relative INC) : CHANGE 0.00% : CURRENT STRENGTH +143.947736
LONG,WIN,85.000/364.286 : 1H_ENTRY_LEVEL @ 2021-06-11 02:32 : +72.909849 (Relative INC) : CHANGE 0.00% : CURRENT STRENGTH +72.909849
LONG,LOSS,85.000/364.286 : NO_HIGHLIGHTED_LEVEL_EVENT
LONG,LOSS,85.000/364.286 : NO_HIGHLIGHTED_LEVEL_EVENT
LONG,LOSS,85.000/971.429 : NO_HIGHLIGHTED_LEVEL_EVENT
LONG,LOSS,85.000/364.286 : NO_HIGHLIGHTED_LEVEL_EVENT
LONG,LOSS,85.000/364.286 : NO_HIGHLIGHTED_LEVEL_EVENT
LONG,LOSS,85.000/364.286 : NO_HIGHLIGHTED_LEVEL_EVENT
LONG,WIN,285.000/316.667 : NO_HIGHLIGHTED_LEVEL_EVENT
SHORT,LOSS,85.000/728.571 : NO_HIGHLIGHTED_LEVEL_EVENT
LONG,LOSS,85.000/364.286 : NO_HIGHLIGHTED_LEVEL_EVENT
LONG,WIN,85.000/364.286 : NO_HIGHLIGHTED_LEVEL_EVENT
SHORT,LOSS,85.000/728.571 : NO_HIGHLIGHTED_LEVEL_EVENT
SHORT,LOSS,85.000/485.714 : NO_HIGHLIGHTED_LEVEL_EVENT
LONG,WIN,85.000/364.286 : 30M_TOUCH_LEVEL @ 2021-06-16 23:30 : +107.777472 (Relative INC) : CHANGE 0.00% : CURRENT STRENGTH +107.777472
LONG,LOSS,85.000/364.286 : NO_HIGHLIGHTED_LEVEL_EVENT
LONG,LOSS,85.000/364.286 : NO_HIGHLIGHTED_LEVEL_EVENT
LONG,LOSS,285.000/316.667 : NO_HIGHLIGHTED_LEVEL_EVENT
LONG,WIN,285.000/316.667 : NO_HIGHLIGHTED_LEVEL_EVENT
SHORT,WIN,85.000/728.571 : NO_HIGHLIGHTED_LEVEL_EVENT
LONG,WIN,85.000/364.286 : NO_HIGHLIGHTED_LEVEL_EVENT
SHORT,LOSS,85.000/971.429 : NO_HIGHLIGHTED_LEVEL_EVENT
LONG,WIN,85.000/364.286 : NO_HIGHLIGHTED_LEVEL_EVENT
SHORT,LOSS,85.000/971.429 : NO_HIGHLIGHTED_LEVEL_EVENT
LONG,LOSS,85.000/364.286 : NO_HIGHLIGHTED_LEVEL_EVENT
LONG,LOSS,85.000/364.286 : NO_HIGHLIGHTED_LEVEL_EVENT
LONG,LOSS,85.000/364.286 : 1H_ENTRY_LEVEL @ 2021-06-21 20:43 : -25.411200 (Relative DEC) : CHANGE 0.00% : CURRENT STRENGTH -25.411200
SHORT,LOSS,85.000/485.714 : NO_HIGHLIGHTED_LEVEL_EVENT
SHORT,LOSS,85.000/728.571 : NO_HIGHLIGHTED_LEVEL_EVENT
LONG,LOSS,85.000/364.286 : NO_HIGHLIGHTED_LEVEL_EVENT
LONG,LOSS,85.000/364.286 : NO_HIGHLIGHTED_LEVEL_EVENT
SHORT,LOSS,85.000/728.571 : NO_HIGHLIGHTED_LEVEL_EVENT
SHORT,LOSS,85.000/728.571 : NO_HIGHLIGHTED_LEVEL_EVENT
LONG,LOSS,85.000/364.286 : NO_HIGHLIGHTED_LEVEL_EVENT
LONG,LOSS,85.000/364.286 : NO_HIGHLIGHTED_LEVEL_EVENT
SHORT,LOSS,85.000/485.714 : NO_HIGHLIGHTED_LEVEL_EVENT
LONG,WIN,285.000/316.667 : 1H_ENTRY_LEVEL @ 2021-06-22 22:32 : +72.909849 (Relative INC) : CHANGE 0.00% : CURRENT STRENGTH +72.909849
LONG,LOSS,85.000/364.286 : NO_HIGHLIGHTED_LEVEL_EVENT
LONG,LOSS,85.000/364.286 : NO_HIGHLIGHTED_LEVEL_EVENT
SHORT,LOSS,85.000/971.429 : NO_HIGHLIGHTED_LEVEL_EVENT
LONG,LOSS,85.000/364.286 : NO_HIGHLIGHTED_LEVEL_EVENT
LONG,LOSS,85.000/364.286 : NO_HIGHLIGHTED_LEVEL_EVENT
SHORT,LOSS,85.000/728.571 : NO_HIGHLIGHTED_LEVEL_EVENT
SHORT,LOSS,85.000/971.429 : NO_HIGHLIGHTED_LEVEL_EVENT
SHORT,WIN,85.000/728.571 : NO_HIGHLIGHTED_LEVEL_EVENT
LONG,LOSS,85.000/364.286 : NO_HIGHLIGHTED_LEVEL_EVENT
LONG,LOSS,85.000/364.286 : NO_HIGHLIGHTED_LEVEL_EVENT
LONG,LOSS,85.000/364.286 : NO_HIGHLIGHTED_LEVEL_EVENT
LONG,LOSS,85.000/364.286 : NO_HIGHLIGHTED_LEVEL_EVENT
SHORT,LOSS,85.000/728.571 : NO_HIGHLIGHTED_LEVEL_EVENT
LONG,LOSS,85.000/364.286 : NO_HIGHLIGHTED_LEVEL_EVENT
LONG,WIN,85.000/364.286 : NO_HIGHLIGHTED_LEVEL_EVENT
LONG,LOSS,85.000/364.286 : NO_HIGHLIGHTED_LEVEL_EVENT
LONG,LOSS,85.000/364.286 : NO_HIGHLIGHTED_LEVEL_EVENT
SHORT,LOSS,85.000/485.714 : NO_HIGHLIGHTED_LEVEL_EVENT
SHORT,LOSS,85.000/728.571 : NO_HIGHLIGHTED_LEVEL_EVENT
LONG,WIN,85.000/364.286 : NO_HIGHLIGHTED_LEVEL_EVENT
LONG,LOSS,85.000/364.286 : NO_HIGHLIGHTED_LEVEL_EVENT
SHORT,WIN,85.000/485.714 : 30M_TOUCH_LEVEL @ 2021-06-28 13:45 : +90.840573 (Relative INC) : CHANGE 0.00% : CURRENT STRENGTH +90.840573
SHORT,LOSS,85.000/971.429 : NO_HIGHLIGHTED_LEVEL_EVENT
SHORT,LOSS,85.000/971.429 : NO_HIGHLIGHTED_LEVEL_EVENT
SHORT,LOSS,85.000/728.571 : NO_HIGHLIGHTED_LEVEL_EVENT
LONG,LOSS,285.000/316.667 : NO_HIGHLIGHTED_LEVEL_EVENT
LONG,WIN,85.000/364.286 : 1H_ENTRY_LEVEL @ 2021-06-29 17:32 : +72.909849 (Relative INC) : CHANGE 0.00% : CURRENT STRENGTH +72.909849
SHORT,LOSS,85.000/485.714 : NO_HIGHLIGHTED_LEVEL_EVENT
LONG,LOSS,85.000/364.286 : NO_HIGHLIGHTED_LEVEL_EVENT
LONG,LOSS,85.000/364.286 : NO_HIGHLIGHTED_LEVEL_EVENT
LONG,LOSS,85.000/364.286 : NO_HIGHLIGHTED_LEVEL_EVENT
LONG,LOSS,85.000/364.286 : NO_HIGHLIGHTED_LEVEL_EVENT
SHORT,LOSS,85.000/971.429 : NO_HIGHLIGHTED_LEVEL_EVENT
LONG,WIN,285.000/316.667 : NO_HIGHLIGHTED_LEVEL_EVENT
LONG,WIN,85.000/364.286 : 30M_TOUCH_LEVEL @ 2021-07-06 17:30 : +107.777472 (Relative INC) : CHANGE 0.00% : CURRENT STRENGTH +107.777472
LONG,LOSS,85.000/364.286 : NO_HIGHLIGHTED_LEVEL_EVENT
LONG,LOSS,85.000/364.286 : NO_HIGHLIGHTED_LEVEL_EVENT
LONG,LOSS,85.000/364.286 : NO_HIGHLIGHTED_LEVEL_EVENT
LONG,LOSS,85.000/364.286 : NO_HIGHLIGHTED_LEVEL_EVENT
SHORT,LOSS,85.000/971.429 : NO_HIGHLIGHTED_LEVEL_EVENT
SHORT,LOSS,85.000/971.429 : NO_HIGHLIGHTED_LEVEL_EVENT
SHORT,LOSS,85.000/485.714 : NO_HIGHLIGHTED_LEVEL_EVENT
SHORT,LOSS,85.000/971.429 : NO_HIGHLIGHTED_LEVEL_EVENT
SHORT,LOSS,85.000/728.571 : NO_HIGHLIGHTED_LEVEL_EVENT
SHORT,LOSS,85.000/485.714 : NO_HIGHLIGHTED_LEVEL_EVENT
SHORT,LOSS,85.000/728.571 : NO_HIGHLIGHTED_LEVEL_EVENT
SHORT,LOSS,85.000/971.429 : NO_HIGHLIGHTED_LEVEL_EVENT
SHORT,LOSS,85.000/728.571 : NO_HIGHLIGHTED_LEVEL_EVENT
LONG,WIN,85.000/364.286 : NO_HIGHLIGHTED_LEVEL_EVENT
LONG,WIN,85.000/971.429 : 1H_ENTRY_LEVEL @ 2021-07-26 20:11 : +51.575420 (Relative INC) : CHANGE 0.00% : CURRENT STRENGTH +51.575420
SHORT,LOSS,85.000/728.571 : NO_HIGHLIGHTED_LEVEL_EVENT
SHORT,LOSS,85.000/728.571 : NO_HIGHLIGHTED_LEVEL_EVENT
SHORT,LOSS,85.000/971.429 : NO_HIGHLIGHTED_LEVEL_EVENT
LONG,WIN,85.000/364.286 : NO_HIGHLIGHTED_LEVEL_EVENT
LONG,LOSS,85.000/971.429 : NO_HIGHLIGHTED_LEVEL_EVENT
LONG,WIN,85.000/364.286 : NO_HIGHLIGHTED_LEVEL_EVENT
SHORT,WIN,85.000/485.714 : NO_HIGHLIGHTED_LEVEL_EVENT
LONG,LOSS,85.000/364.286 : NO_HIGHLIGHTED_LEVEL_EVENT
SHORT,LOSS,85.000/971.429 : NO_HIGHLIGHTED_LEVEL_EVENT
LONG,LOSS,85.000/364.286 : NO_HIGHLIGHTED_LEVEL_EVENT
LONG,LOSS,85.000/728.571 : NO_HIGHLIGHTED_LEVEL_EVENT
LONG,LOSS,85.000/364.286 : NO_HIGHLIGHTED_LEVEL_EVENT
SHORT,LOSS,85.000/364.286 : NO_HIGHLIGHTED_LEVEL_EVENT
SHORT,LOSS,85.000/728.571 : NO_HIGHLIGHTED_LEVEL_EVENT
LONG,LOSS,85.000/364.286 : NO_HIGHLIGHTED_LEVEL_EVENT
SHORT,LOSS,85.000/971.429 : NO_HIGHLIGHTED_LEVEL_EVENT
SHORT,LOSS,85.000/728.571 : NO_HIGHLIGHTED_LEVEL_EVENT
LONG,WIN,85.000/364.286 : NO_HIGHLIGHTED_LEVEL_EVENT
LONG,LOSS,85.000/364.286 : NO_HIGHLIGHTED_LEVEL_EVENT
LONG,LOSS,85.000/364.286 : NO_HIGHLIGHTED_LEVEL_EVENT
SHORT,LOSS,85.000/485.714 : NO_HIGHLIGHTED_LEVEL_EVENT
SHORT,LOSS,85.000/728.571 : NO_HIGHLIGHTED_LEVEL_EVENT
LONG,LOSS,85.000/364.286 : NO_HIGHLIGHTED_LEVEL_EVENT
SHORT,LOSS,85.000/728.571 : NO_HIGHLIGHTED_LEVEL_EVENT
SHORT,LOSS,85.000/971.429 : NO_HIGHLIGHTED_LEVEL_EVENT
LONG,WIN,85.000/364.286 : 1H_ENTRY_LEVEL @ 2021-08-06 10:28 : +25.361484 (Relative INC) : CHANGE 0.00% : CURRENT STRENGTH +25.361484
LONG,LOSS,85.000/364.286 : NO_HIGHLIGHTED_LEVEL_EVENT
LONG,WIN,85.000/364.286 : NO_HIGHLIGHTED_LEVEL_EVENT
SHORT,LOSS,85.000/728.571 : NO_HIGHLIGHTED_LEVEL_EVENT
LONG,LOSS,285.000/316.667 : NO_HIGHLIGHTED_LEVEL_EVENT
LONG,LOSS,285.000/316.667 : NO_HIGHLIGHTED_LEVEL_EVENT
LONG,WIN,85.000/364.286 : NO_HIGHLIGHTED_LEVEL_EVENT
SHORT,WIN,85.000/971.429 : NO_HIGHLIGHTED_LEVEL_EVENT
SHORT,LOSS,85.000/485.714 : NO_HIGHLIGHTED_LEVEL_EVENT
SHORT,WIN,85.000/485.714 : NO_HIGHLIGHTED_LEVEL_EVENT
LONG,LOSS,85.000/364.286 : NO_HIGHLIGHTED_LEVEL_EVENT
SHORT,LOSS,85.000/971.429 : NO_HIGHLIGHTED_LEVEL_EVENT
LONG,LOSS,85.000/364.286 : NO_HIGHLIGHTED_LEVEL_EVENT
LONG,LOSS,85.000/364.286 : NO_HIGHLIGHTED_LEVEL_EVENT
LONG,LOSS,85.000/364.286 : NO_HIGHLIGHTED_LEVEL_EVENT
SHORT,LOSS,85.000/971.429 : NO_HIGHLIGHTED_LEVEL_EVENT
SHORT,LOSS,85.000/971.429 : NO_HIGHLIGHTED_LEVEL_EVENT
SHORT,LOSS,85.000/728.571 : NO_HIGHLIGHTED_LEVEL_EVENT
LONG,LOSS,85.000/364.286 : NO_HIGHLIGHTED_LEVEL_EVENT
LONG,LOSS,85.000/364.286 : NO_HIGHLIGHTED_LEVEL_EVENT
SHORT,LOSS,85.000/971.429 : NO_HIGHLIGHTED_LEVEL_EVENT
SHORT,LOSS,85.000/728.571 : NO_HIGHLIGHTED_LEVEL_EVENT
LONG,WIN,85.000/364.286 : NO_HIGHLIGHTED_LEVEL_EVENT
LONG,WIN,285.000/316.667 : NO_HIGHLIGHTED_LEVEL_EVENT
SHORT,LOSS,85.000/728.571 : NO_HIGHLIGHTED_LEVEL_EVENT
LONG,LOSS,85.000/971.429 : NO_HIGHLIGHTED_LEVEL_EVENT
SHORT,LOSS,85.000/971.429 : NO_HIGHLIGHTED_LEVEL_EVENT
LONG,LOSS,85.000/364.286 : NO_HIGHLIGHTED_LEVEL_EVENT
LONG,LOSS,85.000/364.286 : NO_HIGHLIGHTED_LEVEL_EVENT
LONG,LOSS,85.000/364.286 : NO_HIGHLIGHTED_LEVEL_EVENT
LONG,WIN,85.000/364.286 : NO_HIGHLIGHTED_LEVEL_EVENT
SHORT,LOSS,85.000/485.714 : NO_HIGHLIGHTED_LEVEL_EVENT
SHORT,LOSS,85.000/485.714 : NO_HIGHLIGHTED_LEVEL_EVENT
LONG,LOSS,85.000/364.286 : NO_HIGHLIGHTED_LEVEL_EVENT
LONG,LOSS,85.000/364.286 : NO_HIGHLIGHTED_LEVEL_EVENT
LONG,LOSS,85.000/364.286 : NO_HIGHLIGHTED_LEVEL_EVENT
LONG,LOSS,85.000/364.286 : NO_HIGHLIGHTED_LEVEL_EVENT
LONG,LOSS,85.000/364.286 : NO_HIGHLIGHTED_LEVEL_EVENT
LONG,LOSS,85.000/364.286 : NO_HIGHLIGHTED_LEVEL_EVENT
LONG,LOSS,85.000/728.571 : NO_HIGHLIGHTED_LEVEL_EVENT
LONG,LOSS,85.000/364.286 : NO_HIGHLIGHTED_LEVEL_EVENT
LONG,WIN,85.000/364.286 : NO_HIGHLIGHTED_LEVEL_EVENT
LONG,LOSS,85.000/364.286 : NO_HIGHLIGHTED_LEVEL_EVENT
SHORT,LOSS,85.000/485.714 : NO_HIGHLIGHTED_LEVEL_EVENT
LONG,LOSS,85.000/364.286 : NO_HIGHLIGHTED_LEVEL_EVENT
LONG,LOSS,85.000/364.286 : NO_HIGHLIGHTED_LEVEL_EVENT
LONG,LOSS,85.000/364.286 : NO_HIGHLIGHTED_LEVEL_EVENT
LONG,LOSS,85.000/364.286 : NO_HIGHLIGHTED_LEVEL_EVENT
LONG,LOSS,85.000/364.286 : NO_HIGHLIGHTED_LEVEL_EVENT
LONG,LOSS,85.000/364.286 : NO_HIGHLIGHTED_LEVEL_EVENT
LONG,LOSS,85.000/364.286 : NO_HIGHLIGHTED_LEVEL_EVENT
SHORT,LOSS,85.000/971.429 : NO_HIGHLIGHTED_LEVEL_EVENT
LONG,LOSS,85.000/364.286 : NO_HIGHLIGHTED_LEVEL_EVENT
LONG,LOSS,85.000/364.286 : NO_HIGHLIGHTED_LEVEL_EVENT
LONG,WIN,85.000/364.286 : NO_HIGHLIGHTED_LEVEL_EVENT
LONG,LOSS,85.000/364.286 : NO_HIGHLIGHTED_LEVEL_EVENT
LONG,LOSS,85.000/364.286 : NO_HIGHLIGHTED_LEVEL_EVENT
LONG,WIN,85.000/364.286 : 1H_ENTRY_LEVEL @ 2021-08-30 03:14 : +41.075771 (Relative INC) : CHANGE 0.00% : CURRENT STRENGTH +41.075771
LONG,LOSS,85.000/364.286 : NO_HIGHLIGHTED_LEVEL_EVENT
LONG,LOSS,85.000/364.286 : NO_HIGHLIGHTED_LEVEL_EVENT
LONG,LOSS,85.000/364.286 : NO_HIGHLIGHTED_LEVEL_EVENT
SHORT,LOSS,85.000/728.571 : NO_HIGHLIGHTED_LEVEL_EVENT
LONG,WIN,285.000/316.667 : NO_HIGHLIGHTED_LEVEL_EVENT
SHORT,WIN,235.000/854.545 : 30M_TOUCH_LEVEL @ 2021-08-31 17:31 : +143.947736 (Relative INC) : CHANGE 0.00% : CURRENT STRENGTH +143.947736 -> 1H_ENTRY_LEVEL @ 2021-08-31 17:34 : +91.560993 (Relative INC) : CHANGE 63.61% : CURRENT STRENGTH +235.508729
LONG,WIN,85.000/364.286 : NO_HIGHLIGHTED_LEVEL_EVENT
LONG,LOSS,85.000/364.286 : NO_HIGHLIGHTED_LEVEL_EVENT
SHORT,LOSS,85.000/971.429 : NO_HIGHLIGHTED_LEVEL_EVENT
SHORT,LOSS,85.000/485.714 : NO_HIGHLIGHTED_LEVEL_EVENT
SHORT,WIN,85.000/728.571 : 1H_ENTRY_LEVEL @ 2021-09-06 16:33 : +51.678593 (Relative INC) : CHANGE 0.00% : CURRENT STRENGTH +51.678593
SHORT,LOSS,85.000/971.429 : NO_HIGHLIGHTED_LEVEL_EVENT
LONG,WIN,85.000/364.286 : NO_HIGHLIGHTED_LEVEL_EVENT
SHORT,WIN,85.000/728.571 : NO_HIGHLIGHTED_LEVEL_EVENT
LONG,WIN,85.000/364.286 : NO_HIGHLIGHTED_LEVEL_EVENT
SHORT,LOSS,85.000/971.429 : NO_HIGHLIGHTED_LEVEL_EVENT
SHORT,LOSS,85.000/485.714 : NO_HIGHLIGHTED_LEVEL_EVENT
LONG,LOSS,85.000/364.286 : NO_HIGHLIGHTED_LEVEL_EVENT
LONG,LOSS,85.000/364.286 : NO_HIGHLIGHTED_LEVEL_EVENT
LONG,LOSS,85.000/364.286 : NO_HIGHLIGHTED_LEVEL_EVENT
LONG,LOSS,85.000/364.286 : NO_HIGHLIGHTED_LEVEL_EVENT
LONG,LOSS,85.000/364.286 : NO_HIGHLIGHTED_LEVEL_EVENT
LONG,WIN,85.000/364.286 : NO_HIGHLIGHTED_LEVEL_EVENT
LONG,LOSS,85.000/364.286 : NO_HIGHLIGHTED_LEVEL_EVENT
LONG,LOSS,85.000/364.286 : NO_HIGHLIGHTED_LEVEL_EVENT
LONG,LOSS,85.000/364.286 : NO_HIGHLIGHTED_LEVEL_EVENT
SHORT,LOSS,85.000/485.714 : NO_HIGHLIGHTED_LEVEL_EVENT
LONG,LOSS,85.000/364.286 : NO_HIGHLIGHTED_LEVEL_EVENT
SHORT,LOSS,85.000/485.714 : NO_HIGHLIGHTED_LEVEL_EVENT
LONG,LOSS,85.000/364.286 : NO_HIGHLIGHTED_LEVEL_EVENT
LONG,LOSS,85.000/364.286 : NO_HIGHLIGHTED_LEVEL_EVENT
LONG,WIN,85.000/364.286 : NO_HIGHLIGHTED_LEVEL_EVENT
LONG,LOSS,85.000/364.286 : NO_HIGHLIGHTED_LEVEL_EVENT
LONG,WIN,85.000/364.286 : NO_HIGHLIGHTED_LEVEL_EVENT
SHORT,WIN,85.000/728.571 : 30M_TOUCH_LEVEL @ 2021-09-21 04:05 : +19.823601 (Relative INC) : CHANGE 0.00% : CURRENT STRENGTH +19.823601
LONG,LOSS,85.000/364.286 : NO_HIGHLIGHTED_LEVEL_EVENT
LONG,LOSS,85.000/364.286 : NO_HIGHLIGHTED_LEVEL_EVENT
LONG,LOSS,85.000/364.286 : NO_HIGHLIGHTED_LEVEL_EVENT
SHORT,WIN,85.000/971.429 : 30M_TOUCH_LEVEL @ 2021-09-22 01:33 : +139.779622 (Relative INC) : CHANGE 0.00% : CURRENT STRENGTH +139.779622
SHORT,LOSS,85.000/971.429 : NO_HIGHLIGHTED_LEVEL_EVENT
LONG,LOSS,85.000/364.286 : NO_HIGHLIGHTED_LEVEL_EVENT
LONG,LOSS,85.000/364.286 : NO_HIGHLIGHTED_LEVEL_EVENT
LONG,LOSS,85.000/364.286 : NO_HIGHLIGHTED_LEVEL_EVENT
LONG,WIN,85.000/364.286 : NO_HIGHLIGHTED_LEVEL_EVENT
LONG,LOSS,85.000/364.286 : NO_HIGHLIGHTED_LEVEL_EVENT
LONG,LOSS,85.000/364.286 : NO_HIGHLIGHTED_LEVEL_EVENT
LONG,LOSS,85.000/364.286 : NO_HIGHLIGHTED_LEVEL_EVENT
LONG,LOSS,85.000/364.286 : NO_HIGHLIGHTED_LEVEL_EVENT
LONG,LOSS,85.000/364.286 : NO_HIGHLIGHTED_LEVEL_EVENT
LONG,LOSS,85.000/364.286 : NO_HIGHLIGHTED_LEVEL_EVENT
LONG,LOSS,85.000/364.286 : NO_HIGHLIGHTED_LEVEL_EVENT
LONG,LOSS,85.000/364.286 : NO_HIGHLIGHTED_LEVEL_EVENT
LONG,LOSS,85.000/364.286 : NO_HIGHLIGHTED_LEVEL_EVENT
LONG,LOSS,85.000/364.286 : NO_HIGHLIGHTED_LEVEL_EVENT
LONG,LOSS,85.000/364.286 : NO_HIGHLIGHTED_LEVEL_EVENT
SHORT,WIN,85.000/485.714 : 30M_TOUCH_LEVEL @ 2021-09-27 20:03 : +48.277428 (Relative INC) : CHANGE 0.00% : CURRENT STRENGTH +48.277428
SHORT,WIN,85.000/485.714 : 30M_TOUCH_LEVEL @ 2021-09-27 21:48 : +25.537886 (Relative INC) : CHANGE 0.00% : CURRENT STRENGTH +25.537886
SHORT,WIN,85.000/485.714 : NO_HIGHLIGHTED_LEVEL_EVENT
LONG,WIN,85.000/364.286 : 30M_TOUCH_LEVEL @ 2021-09-28 02:30 : +107.777472 (Relative INC) : CHANGE 0.00% : CURRENT STRENGTH +107.777472
SHORT,LOSS,85.000/728.571 : NO_HIGHLIGHTED_LEVEL_EVENT
LONG,LOSS,85.000/364.286 : NO_HIGHLIGHTED_LEVEL_EVENT
LONG,WIN,85.000/364.286 : 1H_ENTRY_LEVEL @ 2021-09-28 08:14 : +41.075771 (Relative INC) : CHANGE 0.00% : CURRENT STRENGTH +41.075771 -> 30M_TOUCH_LEVEL @ 2021-09-28 08:19 : +8.453828 (Relative INC) : CHANGE 20.58% : CURRENT STRENGTH +49.529599
SHORT,LOSS,85.000/485.714 : NO_HIGHLIGHTED_LEVEL_EVENT
LONG,LOSS,85.000/364.286 : NO_HIGHLIGHTED_LEVEL_EVENT
SHORT,LOSS,85.000/971.429 : NO_HIGHLIGHTED_LEVEL_EVENT
SHORT,LOSS,85.000/485.714 : NO_HIGHLIGHTED_LEVEL_EVENT
SHORT,WIN,85.000/728.571 : 30M_TOUCH_LEVEL @ 2021-09-29 19:53 : +31.913794 (Relative INC) : CHANGE 0.00% : CURRENT STRENGTH +31.913794
LONG,LOSS,85.000/364.286 : NO_HIGHLIGHTED_LEVEL_EVENT
LONG,WIN,285.000/316.667 : NO_HIGHLIGHTED_LEVEL_EVENT
LONG,LOSS,85.000/364.286 : NO_HIGHLIGHTED_LEVEL_EVENT
LONG,LOSS,85.000/364.286 : NO_HIGHLIGHTED_LEVEL_EVENT
SHORT,LOSS,85.000/971.429 : NO_HIGHLIGHTED_LEVEL_EVENT
LONG,LOSS,85.000/364.286 : NO_HIGHLIGHTED_LEVEL_EVENT
LONG,LOSS,85.000/364.286 : NO_HIGHLIGHTED_LEVEL_EVENT
SHORT,LOSS,85.000/728.571 : NO_HIGHLIGHTED_LEVEL_EVENT
LONG,LOSS,85.000/364.286 : NO_HIGHLIGHTED_LEVEL_EVENT
SHORT,LOSS,85.000/728.571 : NO_HIGHLIGHTED_LEVEL_EVENT
LONG,WIN,85.000/364.286 : NO_HIGHLIGHTED_LEVEL_EVENT
SHORT,LOSS,85.000/971.429 : NO_HIGHLIGHTED_LEVEL_EVENT
SHORT,LOSS,85.000/728.571 : NO_HIGHLIGHTED_LEVEL_EVENT
LONG,LOSS,85.000/364.286 : NO_HIGHLIGHTED_LEVEL_EVENT
SHORT,LOSS,85.000/728.571 : NO_HIGHLIGHTED_LEVEL_EVENT
LONG,LOSS,85.000/364.286 : NO_HIGHLIGHTED_LEVEL_EVENT
LONG,LOSS,85.000/364.286 : 1H_ENTRY_LEVEL @ 2021-10-06 22:29 : -12.811480 (Relative DEC) : CHANGE 0.00% : CURRENT STRENGTH -12.811480
LONG,LOSS,85.000/364.286 : NO_HIGHLIGHTED_LEVEL_EVENT
LONG,LOSS,85.000/364.286 : NO_HIGHLIGHTED_LEVEL_EVENT
SHORT,LOSS,85.000/971.429 : NO_HIGHLIGHTED_LEVEL_EVENT
LONG,LOSS,85.000/364.286 : NO_HIGHLIGHTED_LEVEL_EVENT
SHORT,LOSS,85.000/728.571 : NO_HIGHLIGHTED_LEVEL_EVENT
SHORT,LOSS,85.000/971.429 : NO_HIGHLIGHTED_LEVEL_EVENT
LONG,WIN,85.000/364.286 : NO_HIGHLIGHTED_LEVEL_EVENT
LONG,LOSS,85.000/364.286 : NO_HIGHLIGHTED_LEVEL_EVENT
SHORT,LOSS,85.000/485.714 : NO_HIGHLIGHTED_LEVEL_EVENT
LONG,LOSS,85.000/364.286 : NO_HIGHLIGHTED_LEVEL_EVENT
SHORT,LOSS,85.000/971.429 : NO_HIGHLIGHTED_LEVEL_EVENT
LONG,LOSS,85.000/364.286 : NO_HIGHLIGHTED_LEVEL_EVENT
LONG,LOSS,85.000/364.286 : NO_HIGHLIGHTED_LEVEL_EVENT
LONG,LOSS,85.000/364.286 : NO_HIGHLIGHTED_LEVEL_EVENT
LONG,LOSS,85.000/364.286 : NO_HIGHLIGHTED_LEVEL_EVENT
LONG,LOSS,85.000/364.286 : NO_HIGHLIGHTED_LEVEL_EVENT
SHORT,LOSS,85.000/728.571 : NO_HIGHLIGHTED_LEVEL_EVENT
SHORT,WIN,85.000/485.714 : 30M_TOUCH_LEVEL @ 2021-10-13 06:33 : +139.779622 (Relative INC) : CHANGE 0.00% : CURRENT STRENGTH +139.779622
SHORT,LOSS,85.000/728.571 : NO_HIGHLIGHTED_LEVEL_EVENT
LONG,WIN,285.000/316.667 : 1H_ENTRY_LEVEL @ 2021-10-17 05:38 : +78.189074 (Relative INC) : CHANGE 0.00% : CURRENT STRENGTH +78.189074
SHORT,LOSS,85.000/971.429 : NO_HIGHLIGHTED_LEVEL_EVENT
LONG,LOSS,85.000/364.286 : NO_HIGHLIGHTED_LEVEL_EVENT
LONG,LOSS,85.000/364.286 : NO_HIGHLIGHTED_LEVEL_EVENT
LONG,WIN,85.000/364.286 : 1H_ENTRY_LEVEL @ 2021-10-18 16:11 : +51.575420 (Relative INC) : CHANGE 0.00% : CURRENT STRENGTH +51.575420
SHORT,WIN,235.000/854.545 : 30M_TOUCH_LEVEL @ 2021-10-18 17:47 : +7.155128 (Relative INC) : CHANGE 0.00% : CURRENT STRENGTH +7.155128
SHORT,WIN,85.000/485.714 : 1H_ENTRY_LEVEL @ 2021-10-18 21:39 : +46.731258 (Relative INC) : CHANGE 0.00% : CURRENT STRENGTH +46.731258
LONG,LOSS,85.000/364.286 : NO_HIGHLIGHTED_LEVEL_EVENT
LONG,WIN,85.000/364.286 : NO_HIGHLIGHTED_LEVEL_EVENT
SHORT,LOSS,85.000/971.429 : NO_HIGHLIGHTED_LEVEL_EVENT
SHORT,LOSS,85.000/364.286 : NO_HIGHLIGHTED_LEVEL_EVENT
LONG,LOSS,85.000/364.286 : NO_HIGHLIGHTED_LEVEL_EVENT
SHORT,LOSS,85.000/971.429 : NO_HIGHLIGHTED_LEVEL_EVENT
SHORT,LOSS,85.000/971.429 : NO_HIGHLIGHTED_LEVEL_EVENT
SHORT,LOSS,85.000/728.571 : NO_HIGHLIGHTED_LEVEL_EVENT
LONG,LOSS,85.000/364.286 : NO_HIGHLIGHTED_LEVEL_EVENT
LONG,LOSS,85.000/364.286 : NO_HIGHLIGHTED_LEVEL_EVENT
LONG,LOSS,85.000/728.571 : NO_HIGHLIGHTED_LEVEL_EVENT
LONG,LOSS,85.000/364.286 : NO_HIGHLIGHTED_LEVEL_EVENT
LONG,LOSS,85.000/364.286 : NO_HIGHLIGHTED_LEVEL_EVENT
SHORT,LOSS,85.000/728.571 : NO_HIGHLIGHTED_LEVEL_EVENT
LONG,LOSS,85.000/364.286 : NO_HIGHLIGHTED_LEVEL_EVENT
LONG,LOSS,85.000/364.286 : NO_HIGHLIGHTED_LEVEL_EVENT
LONG,LOSS,85.000/364.286 : NO_HIGHLIGHTED_LEVEL_EVENT
LONG,LOSS,85.000/364.286 : NO_HIGHLIGHTED_LEVEL_EVENT
SHORT,WIN,85.000/364.286 : NO_HIGHLIGHTED_LEVEL_EVENT
LONG,WIN,85.000/364.286 : NO_HIGHLIGHTED_LEVEL_EVENT
SHORT,LOSS,85.000/971.429 : NO_HIGHLIGHTED_LEVEL_EVENT
SHORT,WIN,85.000/971.429 : NO_HIGHLIGHTED_LEVEL_EVENT
LONG,LOSS,85.000/364.286 : NO_HIGHLIGHTED_LEVEL_EVENT
LONG,LOSS,85.000/364.286 : NO_HIGHLIGHTED_LEVEL_EVENT
LONG,WIN,85.000/364.286 : NO_HIGHLIGHTED_LEVEL_EVENT
LONG,WIN,85.000/364.286 : 30M_TOUCH_LEVEL @ 2021-10-27 08:30 : +107.777472 (Relative INC) : CHANGE 0.00% : CURRENT STRENGTH +107.777472
LONG,LOSS,85.000/364.286 : NO_HIGHLIGHTED_LEVEL_EVENT
LONG,LOSS,85.000/364.286 : NO_HIGHLIGHTED_LEVEL_EVENT
LONG,WIN,85.000/364.286 : 1H_ENTRY_LEVEL @ 2021-10-27 22:02 : +77.254365 (Relative INC) : CHANGE 0.00% : CURRENT STRENGTH +77.254365
LONG,LOSS,85.000/364.286 : NO_HIGHLIGHTED_LEVEL_EVENT
LONG,WIN,85.000/364.286 : NO_HIGHLIGHTED_LEVEL_EVENT
LONG,WIN,85.000/364.286 : NO_HIGHLIGHTED_LEVEL_EVENT
LONG,LOSS,85.000/364.286 : 1H_ENTRY_LEVEL @ 2021-10-31 02:29 : -12.811480 (Relative DEC) : CHANGE 0.00% : CURRENT STRENGTH -12.811480
LONG,WIN,85.000/364.286 : 1H_ENTRY_LEVEL @ 2021-10-31 04:02 : +77.254365 (Relative INC) : CHANGE 0.00% : CURRENT STRENGTH +77.254365
LONG,LOSS,85.000/364.286 : NO_HIGHLIGHTED_LEVEL_EVENT
SHORT,LOSS,85.000/971.429 : NO_HIGHLIGHTED_LEVEL_EVENT
LONG,WIN,85.000/364.286 : NO_HIGHLIGHTED_LEVEL_EVENT
LONG,LOSS,85.000/364.286 : NO_HIGHLIGHTED_LEVEL_EVENT
SHORT,LOSS,85.000/971.429 : NO_HIGHLIGHTED_LEVEL_EVENT
LONG,LOSS,85.000/364.286 : NO_HIGHLIGHTED_LEVEL_EVENT
SHORT,LOSS,85.000/728.571 : NO_HIGHLIGHTED_LEVEL_EVENT
SHORT,LOSS,85.000/485.714 : NO_HIGHLIGHTED_LEVEL_EVENT
LONG,LOSS,85.000/364.286 : NO_HIGHLIGHTED_LEVEL_EVENT
LONG,LOSS,85.000/364.286 : NO_HIGHLIGHTED_LEVEL_EVENT
LONG,LOSS,85.000/364.286 : NO_HIGHLIGHTED_LEVEL_EVENT
SHORT,LOSS,85.000/728.571 : NO_HIGHLIGHTED_LEVEL_EVENT
LONG,LOSS,85.000/364.286 : NO_HIGHLIGHTED_LEVEL_EVENT
LONG,WIN,85.000/971.429 : 30M_TOUCH_LEVEL @ 2021-11-08 20:09 : +12.422082 (Relative INC) : CHANGE 0.00% : CURRENT STRENGTH +12.422082
LONG,LOSS,85.000/364.286 : NO_HIGHLIGHTED_LEVEL_EVENT
SHORT,LOSS,85.000/728.571 : NO_HIGHLIGHTED_LEVEL_EVENT
LONG,LOSS,85.000/364.286 : NO_HIGHLIGHTED_LEVEL_EVENT
LONG,LOSS,85.000/364.286 : NO_HIGHLIGHTED_LEVEL_EVENT
LONG,LOSS,85.000/364.286 : NO_HIGHLIGHTED_LEVEL_EVENT
LONG,LOSS,85.000/364.286 : NO_HIGHLIGHTED_LEVEL_EVENT
LONG,WIN,85.000/364.286 : NO_HIGHLIGHTED_LEVEL_EVENT
LONG,WIN,85.000/364.286 : NO_HIGHLIGHTED_LEVEL_EVENT
LONG,LOSS,85.000/364.286 : NO_HIGHLIGHTED_LEVEL_EVENT
SHORT,LOSS,85.000/728.571 : NO_HIGHLIGHTED_LEVEL_EVENT
LONG,LOSS,85.000/364.286 : NO_HIGHLIGHTED_LEVEL_EVENT
LONG,WIN,85.000/364.286 : NO_HIGHLIGHTED_LEVEL_EVENT
SHORT,LOSS,85.000/728.571 : NO_HIGHLIGHTED_LEVEL_EVENT
SHORT,LOSS,85.000/485.714 : NO_HIGHLIGHTED_LEVEL_EVENT
LONG,LOSS,85.000/364.286 : NO_HIGHLIGHTED_LEVEL_EVENT
SHORT,LOSS,85.000/485.714 : NO_HIGHLIGHTED_LEVEL_EVENT
SHORT,WIN,85.000/971.429 : 30M_TOUCH_LEVEL @ 2021-11-17 07:16 : +22.739542 (Relative INC) : CHANGE 0.00% : CURRENT STRENGTH +22.739542
SHORT,LOSS,85.000/728.571 : NO_HIGHLIGHTED_LEVEL_EVENT
SHORT,LOSS,85.000/485.714 : NO_HIGHLIGHTED_LEVEL_EVENT
LONG,LOSS,85.000/364.286 : NO_HIGHLIGHTED_LEVEL_EVENT
SHORT,WIN,85.000/485.714 : 30M_TOUCH_LEVEL @ 2021-11-17 20:05 : +19.823601 (Relative INC) : CHANGE 0.00% : CURRENT STRENGTH +19.823601
LONG,WIN,85.000/364.286 : NO_HIGHLIGHTED_LEVEL_EVENT
LONG,LOSS,85.000/364.286 : NO_HIGHLIGHTED_LEVEL_EVENT
SHORT,LOSS,85.000/728.571 : NO_HIGHLIGHTED_LEVEL_EVENT
LONG,LOSS,85.000/364.286 : NO_HIGHLIGHTED_LEVEL_EVENT
LONG,LOSS,85.000/364.286 : NO_HIGHLIGHTED_LEVEL_EVENT
LONG,LOSS,85.000/364.286 : NO_HIGHLIGHTED_LEVEL_EVENT
SHORT,LOSS,85.000/485.714 : NO_HIGHLIGHTED_LEVEL_EVENT
LONG,LOSS,85.000/364.286 : NO_HIGHLIGHTED_LEVEL_EVENT
SHORT,LOSS,85.000/728.571 : NO_HIGHLIGHTED_LEVEL_EVENT
SHORT,LOSS,85.000/971.429 : NO_HIGHLIGHTED_LEVEL_EVENT
SHORT,LOSS,85.000/971.429 : NO_HIGHLIGHTED_LEVEL_EVENT
SHORT,LOSS,85.000/971.429 : NO_HIGHLIGHTED_LEVEL_EVENT
SHORT,LOSS,85.000/971.429 : NO_HIGHLIGHTED_LEVEL_EVENT
LONG,LOSS,85.000/364.286 : NO_HIGHLIGHTED_LEVEL_EVENT
SHORT,LOSS,85.000/485.714 : NO_HIGHLIGHTED_LEVEL_EVENT
SHORT,LOSS,235.000/854.545 : NO_HIGHLIGHTED_LEVEL_EVENT
SHORT,LOSS,85.000/485.714 : NO_HIGHLIGHTED_LEVEL_EVENT
LONG,WIN,285.000/316.667 : NO_HIGHLIGHTED_LEVEL_EVENT
LONG,LOSS,85.000/364.286 : NO_HIGHLIGHTED_LEVEL_EVENT
SHORT,LOSS,85.000/971.429 : NO_HIGHLIGHTED_LEVEL_EVENT
LONG,LOSS,85.000/364.286 : NO_HIGHLIGHTED_LEVEL_EVENT
LONG,LOSS,85.000/364.286 : NO_HIGHLIGHTED_LEVEL_EVENT
LONG,WIN,85.000/364.286 : NO_HIGHLIGHTED_LEVEL_EVENT
SHORT,LOSS,85.000/728.571 : NO_HIGHLIGHTED_LEVEL_EVENT
LONG,LOSS,85.000/364.286 : NO_HIGHLIGHTED_LEVEL_EVENT
LONG,LOSS,85.000/364.286 : NO_HIGHLIGHTED_LEVEL_EVENT
LONG,LOSS,85.000/364.286 : NO_HIGHLIGHTED_LEVEL_EVENT
SHORT,LOSS,85.000/728.571 : NO_HIGHLIGHTED_LEVEL_EVENT
LONG,LOSS,85.000/364.286 : NO_HIGHLIGHTED_LEVEL_EVENT
LONG,LOSS,85.000/364.286 : NO_HIGHLIGHTED_LEVEL_EVENT
SHORT,LOSS,85.000/485.714 : NO_HIGHLIGHTED_LEVEL_EVENT
LONG,LOSS,85.000/364.286 : NO_HIGHLIGHTED_LEVEL_EVENT
LONG,LOSS,85.000/364.286 : NO_HIGHLIGHTED_LEVEL_EVENT
SHORT,LOSS,85.000/728.571 : NO_HIGHLIGHTED_LEVEL_EVENT
SHORT,WIN,85.000/728.571 : 30M_TOUCH_LEVEL @ 2021-11-29 23:57 : +31.252171 (Relative INC) : CHANGE 0.00% : CURRENT STRENGTH +31.252171
LONG,LOSS,85.000/364.286 : NO_HIGHLIGHTED_LEVEL_EVENT
SHORT,LOSS,85.000/485.714 : NO_HIGHLIGHTED_LEVEL_EVENT
SHORT,LOSS,85.000/971.429 : NO_HIGHLIGHTED_LEVEL_EVENT
SHORT,LOSS,85.000/728.571 : NO_HIGHLIGHTED_LEVEL_EVENT
LONG,LOSS,85.000/971.429 : NO_HIGHLIGHTED_LEVEL_EVENT
SHORT,LOSS,85.000/485.714 : NO_HIGHLIGHTED_LEVEL_EVENT
SHORT,LOSS,85.000/485.714 : NO_HIGHLIGHTED_LEVEL_EVENT
LONG,WIN,85.000/364.286 : NO_HIGHLIGHTED_LEVEL_EVENT
LONG,LOSS,85.000/364.286 : NO_HIGHLIGHTED_LEVEL_EVENT
LONG,LOSS,85.000/364.286 : NO_HIGHLIGHTED_LEVEL_EVENT
LONG,LOSS,85.000/364.286 : 1H_ENTRY_LEVEL @ 2021-12-03 08:43 : -25.411200 (Relative DEC) : CHANGE 0.00% : CURRENT STRENGTH -25.411200
LONG,LOSS,85.000/364.286 : NO_HIGHLIGHTED_LEVEL_EVENT
LONG,LOSS,85.000/364.286 : NO_HIGHLIGHTED_LEVEL_EVENT
LONG,LOSS,85.000/364.286 : NO_HIGHLIGHTED_LEVEL_EVENT
LONG,LOSS,85.000/364.286 : NO_HIGHLIGHTED_LEVEL_EVENT
SHORT,LOSS,85.000/728.571 : NO_HIGHLIGHTED_LEVEL_EVENT
LONG,LOSS,85.000/364.286 : NO_HIGHLIGHTED_LEVEL_EVENT
LONG,LOSS,85.000/364.286 : NO_HIGHLIGHTED_LEVEL_EVENT
SHORT,LOSS,85.000/728.571 : NO_HIGHLIGHTED_LEVEL_EVENT
SHORT,LOSS,85.000/971.429 : NO_HIGHLIGHTED_LEVEL_EVENT
LONG,LOSS,85.000/364.286 : NO_HIGHLIGHTED_LEVEL_EVENT
LONG,WIN,85.000/364.286 : NO_HIGHLIGHTED_LEVEL_EVENT
LONG,WIN,85.000/364.286 : 30M_TOUCH_LEVEL @ 2021-12-06 07:16 : +19.823599 (Relative INC) : CHANGE 0.00% : CURRENT STRENGTH +19.823599
LONG,LOSS,85.000/364.286 : NO_HIGHLIGHTED_LEVEL_EVENT
LONG,LOSS,85.000/364.286 : NO_HIGHLIGHTED_LEVEL_EVENT
LONG,LOSS,85.000/364.286 : NO_HIGHLIGHTED_LEVEL_EVENT
SHORT,WIN,85.000/485.714 : 1H_ENTRY_LEVEL @ 2021-12-06 20:02 : +79.412002 (Relative INC) : CHANGE 0.00% : CURRENT STRENGTH +79.412002
LONG,LOSS,85.000/364.286 : NO_HIGHLIGHTED_LEVEL_EVENT
LONG,LOSS,85.000/364.286 : NO_HIGHLIGHTED_LEVEL_EVENT
SHORT,LOSS,85.000/728.571 : NO_HIGHLIGHTED_LEVEL_EVENT
SHORT,LOSS,85.000/971.429 : NO_HIGHLIGHTED_LEVEL_EVENT
LONG,LOSS,85.000/364.286 : NO_HIGHLIGHTED_LEVEL_EVENT
LONG,LOSS,85.000/364.286 : NO_HIGHLIGHTED_LEVEL_EVENT
SHORT,LOSS,85.000/728.571 : NO_HIGHLIGHTED_LEVEL_EVENT
SHORT,LOSS,85.000/971.429 : NO_HIGHLIGHTED_LEVEL_EVENT
SHORT,LOSS,85.000/728.571 : NO_HIGHLIGHTED_LEVEL_EVENT
LONG,LOSS,285.000/316.667 : NO_HIGHLIGHTED_LEVEL_EVENT
LONG,LOSS,85.000/364.286 : NO_HIGHLIGHTED_LEVEL_EVENT
SHORT,LOSS,85.000/485.714 : NO_HIGHLIGHTED_LEVEL_EVENT
LONG,LOSS,85.000/364.286 : NO_HIGHLIGHTED_LEVEL_EVENT
SHORT,LOSS,85.000/485.714 : NO_HIGHLIGHTED_LEVEL_EVENT
LONG,LOSS,85.000/364.286 : NO_HIGHLIGHTED_LEVEL_EVENT
LONG,LOSS,85.000/364.286 : NO_HIGHLIGHTED_LEVEL_EVENT
LONG,LOSS,85.000/364.286 : NO_HIGHLIGHTED_LEVEL_EVENT
SHORT,LOSS,85.000/971.429 : NO_HIGHLIGHTED_LEVEL_EVENT
LONG,WIN,85.000/364.286 : NO_HIGHLIGHTED_LEVEL_EVENT
LONG,LOSS,85.000/364.286 : NO_HIGHLIGHTED_LEVEL_EVENT
LONG,LOSS,85.000/364.286 : NO_HIGHLIGHTED_LEVEL_EVENT
SHORT,LOSS,85.000/728.571 : NO_HIGHLIGHTED_LEVEL_EVENT
SHORT,LOSS,85.000/485.714 : NO_HIGHLIGHTED_LEVEL_EVENT
SHORT,LOSS,85.000/485.714 : NO_HIGHLIGHTED_LEVEL_EVENT
SHORT,LOSS,85.000/728.571 : NO_HIGHLIGHTED_LEVEL_EVENT
SHORT,LOSS,85.000/485.714 : NO_HIGHLIGHTED_LEVEL_EVENT
LONG,LOSS,85.000/364.286 : NO_HIGHLIGHTED_LEVEL_EVENT
LONG,LOSS,85.000/364.286 : NO_HIGHLIGHTED_LEVEL_EVENT
LONG,LOSS,85.000/364.286 : NO_HIGHLIGHTED_LEVEL_EVENT
LONG,WIN,285.000/316.667 : 1H_ENTRY_LEVEL @ 2021-12-24 22:38 : +78.189074 (Relative INC) : CHANGE 0.00% : CURRENT STRENGTH +78.189074
LONG,LOSS,85.000/364.286 : NO_HIGHLIGHTED_LEVEL_EVENT
SHORT,LOSS,85.000/971.429 : NO_HIGHLIGHTED_LEVEL_EVENT
SHORT,LOSS,85.000/728.571 : NO_HIGHLIGHTED_LEVEL_EVENT
LONG,LOSS,85.000/364.286 : NO_HIGHLIGHTED_LEVEL_EVENT
SHORT,WIN,85.000/485.714 : 1H_ENTRY_LEVEL @ 2021-12-28 07:34 : +91.560993 (Relative INC) : CHANGE 0.00% : CURRENT STRENGTH +91.560993
LONG,LOSS,85.000/364.286 : NO_HIGHLIGHTED_LEVEL_EVENT
LONG,LOSS,85.000/364.286 : NO_HIGHLIGHTED_LEVEL_EVENT
LONG,WIN,85.000/364.286 : 30M_TOUCH_LEVEL @ 2021-12-29 04:06 : +33.815312 (Relative INC) : CHANGE 0.00% : CURRENT STRENGTH +33.815312 -> 1H_ENTRY_LEVEL @ 2021-12-29 04:12 : +66.483684 (Relative INC) : CHANGE 196.61% : CURRENT STRENGTH +100.298996
SHORT,LOSS,85.000/485.714 : NO_HIGHLIGHTED_LEVEL_EVENT
LONG,LOSS,85.000/364.286 : NO_HIGHLIGHTED_LEVEL_EVENT
LONG,LOSS,85.000/364.286 : NO_HIGHLIGHTED_LEVEL_EVENT
SHORT,LOSS,85.000/728.571 : NO_HIGHLIGHTED_LEVEL_EVENT
SHORT,LOSS,85.000/971.429 : NO_HIGHLIGHTED_LEVEL_EVENT
LONG,LOSS,85.000/364.286 : NO_HIGHLIGHTED_LEVEL_EVENT
LONG,LOSS,85.000/364.286 : NO_HIGHLIGHTED_LEVEL_EVENT
LONG,WIN,85.000/364.286 : NO_HIGHLIGHTED_LEVEL_EVENT
SHORT,LOSS,85.000/971.429 : NO_HIGHLIGHTED_LEVEL_EVENT
LONG,LOSS,85.000/364.286 : NO_HIGHLIGHTED_LEVEL_EVENT
LONG,WIN,85.000/364.286 : NO_HIGHLIGHTED_LEVEL_EVENT
LONG,LOSS,85.000/364.286 : NO_HIGHLIGHTED_LEVEL_EVENT
SHORT,WIN,85.000/485.714 : 30M_TOUCH_LEVEL @ 2022-01-11 13:54 : +22.680743 (Relative INC) : CHANGE 0.00% : CURRENT STRENGTH +22.680743
LONG,LOSS,85.000/971.429 : NO_HIGHLIGHTED_LEVEL_EVENT
SHORT,LOSS,85.000/485.714 : NO_HIGHLIGHTED_LEVEL_EVENT
LONG,LOSS,85.000/364.286 : NO_HIGHLIGHTED_LEVEL_EVENT
SHORT,LOSS,85.000/971.429 : NO_HIGHLIGHTED_LEVEL_EVENT
SHORT,LOSS,85.000/971.429 : NO_HIGHLIGHTED_LEVEL_EVENT
LONG,LOSS,85.000/364.286 : NO_HIGHLIGHTED_LEVEL_EVENT
SHORT,LOSS,85.000/971.429 : NO_HIGHLIGHTED_LEVEL_EVENT
LONG,WIN,85.000/364.286 : NO_HIGHLIGHTED_LEVEL_EVENT
SHORT,WIN,85.000/971.429 : 30M_TOUCH_LEVEL @ 2022-01-17 18:03 : +48.277428 (Relative INC) : CHANGE 0.00% : CURRENT STRENGTH +48.277428
SHORT,LOSS,85.000/971.429 : NO_HIGHLIGHTED_LEVEL_EVENT
SHORT,LOSS,235.000/854.545 : NO_HIGHLIGHTED_LEVEL_EVENT
LONG,LOSS,85.000/364.286 : NO_HIGHLIGHTED_LEVEL_EVENT
LONG,LOSS,85.000/364.286 : NO_HIGHLIGHTED_LEVEL_EVENT
LONG,LOSS,85.000/364.286 : NO_HIGHLIGHTED_LEVEL_EVENT
SHORT,LOSS,85.000/728.571 : NO_HIGHLIGHTED_LEVEL_EVENT
LONG,WIN,85.000/364.286 : NO_HIGHLIGHTED_LEVEL_EVENT
SHORT,LOSS,85.000/485.714 : NO_HIGHLIGHTED_LEVEL_EVENT
LONG,LOSS,85.000/364.286 : NO_HIGHLIGHTED_LEVEL_EVENT
LONG,LOSS,85.000/364.286 : NO_HIGHLIGHTED_LEVEL_EVENT
LONG,LOSS,85.000/364.286 : NO_HIGHLIGHTED_LEVEL_EVENT
SHORT,LOSS,85.000/971.429 : NO_HIGHLIGHTED_LEVEL_EVENT
SHORT,LOSS,85.000/971.429 : NO_HIGHLIGHTED_LEVEL_EVENT
LONG,WIN,85.000/364.286 : NO_HIGHLIGHTED_LEVEL_EVENT
SHORT,WIN,85.000/485.714 : 30M_TOUCH_LEVEL @ 2022-01-24 22:01 : +79.470800 (Relative INC) : CHANGE 0.00% : CURRENT STRENGTH +79.470800
LONG,WIN,285.000/316.667 : 1H_ENTRY_LEVEL @ 2022-01-24 22:32 : +72.909849 (Relative INC) : CHANGE 0.00% : CURRENT STRENGTH +72.909849
LONG,LOSS,85.000/364.286 : NO_HIGHLIGHTED_LEVEL_EVENT
SHORT,LOSS,85.000/485.714 : NO_HIGHLIGHTED_LEVEL_EVENT
SHORT,WIN,85.000/485.714 : 30M_TOUCH_LEVEL @ 2022-01-25 20:06 : +36.848858 (Relative INC) : CHANGE 0.00% : CURRENT STRENGTH +36.848858
SHORT,LOSS,85.000/485.714 : NO_HIGHLIGHTED_LEVEL_EVENT
LONG,LOSS,85.000/364.286 : NO_HIGHLIGHTED_LEVEL_EVENT
LONG,LOSS,85.000/364.286 : NO_HIGHLIGHTED_LEVEL_EVENT
LONG,LOSS,85.000/364.286 : NO_HIGHLIGHTED_LEVEL_EVENT
SHORT,WIN,85.000/728.571 : 30M_TOUCH_LEVEL @ 2022-01-26 11:17 : +14.168115 (Relative INC) : CHANGE 0.00% : CURRENT STRENGTH +14.168115 -> 1H_ENTRY_LEVEL @ 2022-01-26 11:18 : +39.706001 (Relative INC) : CHANGE 280.25% : CURRENT STRENGTH +53.874116
LONG,WIN,85.000/364.286 : 1H_ENTRY_LEVEL @ 2022-01-26 12:32 : +72.909849 (Relative INC) : CHANGE 0.00% : CURRENT STRENGTH +72.909849
SHORT,LOSS,85.000/728.571 : NO_HIGHLIGHTED_LEVEL_EVENT
LONG,LOSS,85.000/364.286 : NO_HIGHLIGHTED_LEVEL_EVENT
LONG,LOSS,85.000/364.286 : NO_HIGHLIGHTED_LEVEL_EVENT
LONG,WIN,85.000/364.286 : NO_HIGHLIGHTED_LEVEL_EVENT
LONG,LOSS,85.000/364.286 : NO_HIGHLIGHTED_LEVEL_EVENT
LONG,LOSS,85.000/971.429 : NO_HIGHLIGHTED_LEVEL_EVENT
LONG,LOSS,85.000/364.286 : NO_HIGHLIGHTED_LEVEL_EVENT
SHORT,LOSS,85.000/485.714 : NO_HIGHLIGHTED_LEVEL_EVENT
SHORT,LOSS,85.000/971.429 : NO_HIGHLIGHTED_LEVEL_EVENT
SHORT,LOSS,85.000/728.571 : NO_HIGHLIGHTED_LEVEL_EVENT
SHORT,WIN,85.000/485.714 : NO_HIGHLIGHTED_LEVEL_EVENT
LONG,LOSS,85.000/364.286 : NO_HIGHLIGHTED_LEVEL_EVENT
LONG,LOSS,85.000/364.286 : NO_HIGHLIGHTED_LEVEL_EVENT
LONG,LOSS,85.000/364.286 : NO_HIGHLIGHTED_LEVEL_EVENT
LONG,LOSS,85.000/364.286 : NO_HIGHLIGHTED_LEVEL_EVENT
LONG,LOSS,85.000/364.286 : NO_HIGHLIGHTED_LEVEL_EVENT
LONG,LOSS,85.000/364.286 : NO_HIGHLIGHTED_LEVEL_EVENT
LONG,LOSS,85.000/971.429 : NO_HIGHLIGHTED_LEVEL_EVENT
LONG,LOSS,85.000/971.429 : NO_HIGHLIGHTED_LEVEL_EVENT
SHORT,WIN,85.000/485.714 : 1H_ENTRY_LEVEL @ 2022-02-16 13:36 : +72.269143 (Relative INC) : CHANGE 0.00% : CURRENT STRENGTH +72.269143 -> 30M_TOUCH_LEVEL @ 2022-02-16 13:53 : +31.913794 (Relative INC) : CHANGE 44.16% : CURRENT STRENGTH +104.182937
LONG,WIN,285.000/316.667 : 1H_ENTRY_LEVEL @ 2022-02-18 05:32 : +72.909849 (Relative INC) : CHANGE 0.00% : CURRENT STRENGTH +72.909849
LONG,LOSS,85.000/971.429 : NO_HIGHLIGHTED_LEVEL_EVENT
LONG,LOSS,85.000/364.286 : NO_HIGHLIGHTED_LEVEL_EVENT
LONG,LOSS,85.000/364.286 : NO_HIGHLIGHTED_LEVEL_EVENT
LONG,LOSS,85.000/728.571 : NO_HIGHLIGHTED_LEVEL_EVENT
LONG,WIN,85.000/364.286 : 1H_ENTRY_LEVEL @ 2022-02-21 19:02 : +77.254365 (Relative INC) : CHANGE 0.00% : CURRENT STRENGTH +77.254365
SHORT,LOSS,85.000/971.429 : NO_HIGHLIGHTED_LEVEL_EVENT
SHORT,LOSS,85.000/971.429 : NO_HIGHLIGHTED_LEVEL_EVENT
LONG,LOSS,85.000/364.286 : NO_HIGHLIGHTED_LEVEL_EVENT
LONG,LOSS,85.000/364.286 : NO_HIGHLIGHTED_LEVEL_EVENT
LONG,LOSS,85.000/364.286 : NO_HIGHLIGHTED_LEVEL_EVENT
LONG,LOSS,85.000/364.286 : NO_HIGHLIGHTED_LEVEL_EVENT
LONG,LOSS,85.000/971.429 : NO_HIGHLIGHTED_LEVEL_EVENT
LONG,LOSS,85.000/364.286 : NO_HIGHLIGHTED_LEVEL_EVENT
SHORT,LOSS,85.000/971.429 : NO_HIGHLIGHTED_LEVEL_EVENT
SHORT,LOSS,85.000/971.429 : NO_HIGHLIGHTED_LEVEL_EVENT
SHORT,LOSS,85.000/971.429 : NO_HIGHLIGHTED_LEVEL_EVENT
SHORT,WIN,85.000/971.429 : 1H_ENTRY_LEVEL @ 2022-02-23 18:37 : +94.476935 (Relative INC) : CHANGE 0.00% : CURRENT STRENGTH +94.476935 -> 30M_TOUCH_LEVEL @ 2022-02-23 18:45 : +90.840573 (Relative INC) : CHANGE 96.15% : CURRENT STRENGTH +185.317508
LONG,LOSS,85.000/364.286 : NO_HIGHLIGHTED_LEVEL_EVENT
LONG,LOSS,85.000/364.286 : NO_HIGHLIGHTED_LEVEL_EVENT
SHORT,LOSS,85.000/971.429 : NO_HIGHLIGHTED_LEVEL_EVENT
LONG,WIN,85.000/364.286 : NO_HIGHLIGHTED_LEVEL_EVENT
SHORT,LOSS,85.000/971.429 : NO_HIGHLIGHTED_LEVEL_EVENT
SHORT,LOSS,85.000/485.714 : NO_HIGHLIGHTED_LEVEL_EVENT
LONG,WIN,285.000/316.667 : NO_HIGHLIGHTED_LEVEL_EVENT
LONG,LOSS,85.000/364.286 : NO_HIGHLIGHTED_LEVEL_EVENT
LONG,WIN,85.000/364.286 : NO_HIGHLIGHTED_LEVEL_EVENT
LONG,LOSS,285.000/316.667 : NO_HIGHLIGHTED_LEVEL_EVENT
LONG,LOSS,85.000/364.286 : NO_HIGHLIGHTED_LEVEL_EVENT
LONG,LOSS,85.000/364.286 : NO_HIGHLIGHTED_LEVEL_EVENT
LONG,LOSS,85.000/364.286 : NO_HIGHLIGHTED_LEVEL_EVENT
LONG,WIN,85.000/364.286 : NO_HIGHLIGHTED_LEVEL_EVENT
LONG,LOSS,85.000/364.286 : NO_HIGHLIGHTED_LEVEL_EVENT
SHORT,LOSS,85.000/971.429 : NO_HIGHLIGHTED_LEVEL_EVENT
LONG,LOSS,85.000/364.286 : NO_HIGHLIGHTED_LEVEL_EVENT
LONG,LOSS,85.000/364.286 : NO_HIGHLIGHTED_LEVEL_EVENT
SHORT,WIN,235.000/854.545 : 30M_TOUCH_LEVEL @ 2022-03-08 17:33 : +139.779622 (Relative INC) : CHANGE 0.00% : CURRENT STRENGTH +139.779622
SHORT,WIN,85.000/728.571 : 30M_TOUCH_LEVEL @ 2022-03-08 23:31 : +143.947736 (Relative INC) : CHANGE 0.00% : CURRENT STRENGTH +143.947736
SHORT,LOSS,85.000/728.571 : NO_HIGHLIGHTED_LEVEL_EVENT
SHORT,LOSS,85.000/728.571 : NO_HIGHLIGHTED_LEVEL_EVENT
LONG,WIN,85.000/364.286 : 1H_ENTRY_LEVEL @ 2022-03-09 19:14 : +41.075771 (Relative INC) : CHANGE 0.00% : CURRENT STRENGTH +41.075771
LONG,LOSS,85.000/364.286 : NO_HIGHLIGHTED_LEVEL_EVENT
LONG,WIN,85.000/364.286 : NO_HIGHLIGHTED_LEVEL_EVENT
LONG,LOSS,85.000/364.286 : NO_HIGHLIGHTED_LEVEL_EVENT
SHORT,LOSS,85.000/485.714 : NO_HIGHLIGHTED_LEVEL_EVENT
LONG,LOSS,85.000/364.286 : NO_HIGHLIGHTED_LEVEL_EVENT
LONG,LOSS,85.000/364.286 : NO_HIGHLIGHTED_LEVEL_EVENT
SHORT,WIN,85.000/971.429 : 30M_TOUCH_LEVEL @ 2022-03-20 18:11 : +11.369771 (Relative INC) : CHANGE 0.00% : CURRENT STRENGTH +11.369771 -> 1H_ENTRY_LEVEL @ 2022-03-20 18:18 : +39.706001 (Relative INC) : CHANGE 349.22% : CURRENT STRENGTH +51.075772
LONG,WIN,85.000/364.286 : NO_HIGHLIGHTED_LEVEL_EVENT
SHORT,LOSS,85.000/971.429 : NO_HIGHLIGHTED_LEVEL_EVENT
SHORT,LOSS,85.000/728.571 : NO_HIGHLIGHTED_LEVEL_EVENT
SHORT,WIN,85.000/485.714 : 30M_TOUCH_LEVEL @ 2022-03-22 20:04 : +14.168115 (Relative INC) : CHANGE 0.00% : CURRENT STRENGTH +14.168115 -> 1H_ENTRY_LEVEL @ 2022-03-22 20:13 : +22.680744 (Relative INC) : CHANGE 160.08% : CURRENT STRENGTH +36.848859
LONG,LOSS,85.000/364.286 : NO_HIGHLIGHTED_LEVEL_EVENT
LONG,LOSS,85.000/364.286 : NO_HIGHLIGHTED_LEVEL_EVENT
SHORT,LOSS,85.000/728.571 : NO_HIGHLIGHTED_LEVEL_EVENT
SHORT,LOSS,85.000/971.429 : NO_HIGHLIGHTED_LEVEL_EVENT
LONG,LOSS,85.000/364.286 : NO_HIGHLIGHTED_LEVEL_EVENT
LONG,LOSS,85.000/364.286 : NO_HIGHLIGHTED_LEVEL_EVENT
SHORT,LOSS,85.000/971.429 : NO_HIGHLIGHTED_LEVEL_EVENT
SHORT,WIN,85.000/728.571 : 30M_TOUCH_LEVEL @ 2022-04-04 04:18 : +19.882400 (Relative INC) : CHANGE 0.00% : CURRENT STRENGTH +19.882400
LONG,LOSS,285.000/316.667 : NO_HIGHLIGHTED_LEVEL_EVENT
SHORT,LOSS,85.000/728.571 : NO_HIGHLIGHTED_LEVEL_EVENT
SHORT,LOSS,85.000/971.429 : NO_HIGHLIGHTED_LEVEL_EVENT
LONG,LOSS,85.000/364.286 : NO_HIGHLIGHTED_LEVEL_EVENT
SHORT,LOSS,85.000/485.714 : NO_HIGHLIGHTED_LEVEL_EVENT
LONG,LOSS,85.000/364.286 : NO_HIGHLIGHTED_LEVEL_EVENT
LONG,LOSS,85.000/364.286 : NO_HIGHLIGHTED_LEVEL_EVENT
LONG,LOSS,85.000/364.286 : NO_HIGHLIGHTED_LEVEL_EVENT
SHORT,LOSS,85.000/728.571 : NO_HIGHLIGHTED_LEVEL_EVENT
LONG,LOSS,85.000/364.286 : NO_HIGHLIGHTED_LEVEL_EVENT
SHORT,WIN,85.000/485.714 : 1H_ENTRY_LEVEL @ 2022-04-11 22:33 : +51.678593 (Relative INC) : CHANGE 0.00% : CURRENT STRENGTH +51.678593
LONG,LOSS,85.000/364.286 : NO_HIGHLIGHTED_LEVEL_EVENT
LONG,LOSS,85.000/364.286 : NO_HIGHLIGHTED_LEVEL_EVENT
SHORT,LOSS,85.000/971.429 : NO_HIGHLIGHTED_LEVEL_EVENT
LONG,LOSS,85.000/364.286 : NO_HIGHLIGHTED_LEVEL_EVENT
LONG,LOSS,85.000/364.286 : NO_HIGHLIGHTED_LEVEL_EVENT
SHORT,LOSS,85.000/971.429 : NO_HIGHLIGHTED_LEVEL_EVENT
SHORT,LOSS,85.000/728.571 : NO_HIGHLIGHTED_LEVEL_EVENT
SHORT,WIN,85.000/728.571 : 30M_TOUCH_LEVEL @ 2022-04-20 19:45 : +90.840573 (Relative INC) : CHANGE 0.00% : CURRENT STRENGTH +90.840573
LONG,LOSS,85.000/364.286 : NO_HIGHLIGHTED_LEVEL_EVENT
LONG,LOSS,85.000/364.286 : NO_HIGHLIGHTED_LEVEL_EVENT
SHORT,LOSS,85.000/728.571 : NO_HIGHLIGHTED_LEVEL_EVENT
SHORT,LOSS,85.000/728.571 : NO_HIGHLIGHTED_LEVEL_EVENT
LONG,WIN,85.000/364.286 : NO_HIGHLIGHTED_LEVEL_EVENT
SHORT,LOSS,85.000/485.714 : NO_HIGHLIGHTED_LEVEL_EVENT
LONG,LOSS,85.000/364.286 : 1H_ENTRY_LEVEL @ 2022-04-27 02:29 : -12.811480 (Relative DEC) : CHANGE 0.00% : CURRENT STRENGTH -12.811480
SHORT,LOSS,85.000/971.429 : NO_HIGHLIGHTED_LEVEL_EVENT
SHORT,LOSS,85.000/485.714 : NO_HIGHLIGHTED_LEVEL_EVENT
LONG,LOSS,85.000/364.286 : NO_HIGHLIGHTED_LEVEL_EVENT
LONG,LOSS,85.000/364.286 : NO_HIGHLIGHTED_LEVEL_EVENT
SHORT,LOSS,85.000/485.714 : NO_HIGHLIGHTED_LEVEL_EVENT
LONG,LOSS,85.000/364.286 : NO_HIGHLIGHTED_LEVEL_EVENT
SHORT,LOSS,85.000/728.571 : NO_HIGHLIGHTED_LEVEL_EVENT
LONG,LOSS,85.000/364.286 : NO_HIGHLIGHTED_LEVEL_EVENT
LONG,LOSS,85.000/364.286 : NO_HIGHLIGHTED_LEVEL_EVENT
SHORT,LOSS,85.000/971.429 : NO_HIGHLIGHTED_LEVEL_EVENT
SHORT,LOSS,85.000/728.571 : NO_HIGHLIGHTED_LEVEL_EVENT
LONG,LOSS,85.000/364.286 : NO_HIGHLIGHTED_LEVEL_EVENT
LONG,LOSS,85.000/364.286 : NO_HIGHLIGHTED_LEVEL_EVENT
SHORT,LOSS,85.000/971.429 : NO_HIGHLIGHTED_LEVEL_EVENT
LONG,WIN,85.000/364.286 : NO_HIGHLIGHTED_LEVEL_EVENT
SHORT,LOSS,85.000/971.429 : NO_HIGHLIGHTED_LEVEL_EVENT
LONG,LOSS,85.000/364.286 : NO_HIGHLIGHTED_LEVEL_EVENT
LONG,LOSS,85.000/364.286 : NO_HIGHLIGHTED_LEVEL_EVENT
LONG,WIN,85.000/364.286 : NO_HIGHLIGHTED_LEVEL_EVENT
LONG,LOSS,85.000/364.286 : NO_HIGHLIGHTED_LEVEL_EVENT
LONG,LOSS,85.000/364.286 : NO_HIGHLIGHTED_LEVEL_EVENT
LONG,WIN,85.000/364.286 : NO_HIGHLIGHTED_LEVEL_EVENT
LONG,LOSS,85.000/364.286 : NO_HIGHLIGHTED_LEVEL_EVENT
LONG,LOSS,85.000/364.286 : NO_HIGHLIGHTED_LEVEL_EVENT
SHORT,LOSS,85.000/485.714 : NO_HIGHLIGHTED_LEVEL_EVENT
LONG,LOSS,85.000/364.286 : NO_HIGHLIGHTED_LEVEL_EVENT
SHORT,LOSS,85.000/485.714 : NO_HIGHLIGHTED_LEVEL_EVENT
SHORT,LOSS,85.000/728.571 : NO_HIGHLIGHTED_LEVEL_EVENT
SHORT,LOSS,85.000/728.571 : NO_HIGHLIGHTED_LEVEL_EVENT
LONG,WIN,85.000/364.286 : NO_HIGHLIGHTED_LEVEL_EVENT
LONG,LOSS,85.000/364.286 : NO_HIGHLIGHTED_LEVEL_EVENT
SHORT,LOSS,85.000/728.571 : NO_HIGHLIGHTED_LEVEL_EVENT
LONG,WIN,85.000/364.286 : NO_HIGHLIGHTED_LEVEL_EVENT
SHORT,LOSS,85.000/485.714 : NO_HIGHLIGHTED_LEVEL_EVENT
LONG,WIN,85.000/364.286 : NO_HIGHLIGHTED_LEVEL_EVENT
SHORT,WIN,85.000/971.429 : 1H_ENTRY_LEVEL @ 2022-06-13 06:10 : +34.050514 (Relative INC) : CHANGE 0.00% : CURRENT STRENGTH +34.050514
SHORT,WIN,85.000/485.714 : NO_HIGHLIGHTED_LEVEL_EVENT
SHORT,LOSS,85.000/971.429 : NO_HIGHLIGHTED_LEVEL_EVENT
LONG,LOSS,85.000/364.286 : NO_HIGHLIGHTED_LEVEL_EVENT
SHORT,LOSS,85.000/971.429 : NO_HIGHLIGHTED_LEVEL_EVENT
SHORT,LOSS,85.000/971.429 : NO_HIGHLIGHTED_LEVEL_EVENT
LONG,WIN,85.000/364.286 : NO_HIGHLIGHTED_LEVEL_EVENT
LONG,WIN,285.000/316.667 : 30M_TOUCH_LEVEL @ 2022-06-17 06:09 : +12.422082 (Relative INC) : CHANGE 0.00% : CURRENT STRENGTH +12.422082
LONG,LOSS,85.000/364.286 : NO_HIGHLIGHTED_LEVEL_EVENT
LONG,LOSS,85.000/364.286 : NO_HIGHLIGHTED_LEVEL_EVENT
LONG,LOSS,85.000/364.286 : NO_HIGHLIGHTED_LEVEL_EVENT
SHORT,LOSS,85.000/971.429 : NO_HIGHLIGHTED_LEVEL_EVENT
SHORT,LOSS,85.000/485.714 : NO_HIGHLIGHTED_LEVEL_EVENT
LONG,LOSS,85.000/364.286 : NO_HIGHLIGHTED_LEVEL_EVENT
SHORT,LOSS,85.000/485.714 : NO_HIGHLIGHTED_LEVEL_EVENT
SHORT,LOSS,85.000/728.571 : NO_HIGHLIGHTED_LEVEL_EVENT
SHORT,LOSS,85.000/728.571 : NO_HIGHLIGHTED_LEVEL_EVENT
LONG,LOSS,85.000/364.286 : NO_HIGHLIGHTED_LEVEL_EVENT
LONG,WIN,285.000/316.667 : NO_HIGHLIGHTED_LEVEL_EVENT
SHORT,LOSS,85.000/971.429 : NO_HIGHLIGHTED_LEVEL_EVENT
SHORT,LOSS,85.000/485.714 : NO_HIGHLIGHTED_LEVEL_EVENT
LONG,LOSS,85.000/364.286 : NO_HIGHLIGHTED_LEVEL_EVENT
LONG,WIN,85.000/364.286 : NO_HIGHLIGHTED_LEVEL_EVENT
LONG,LOSS,85.000/364.286 : NO_HIGHLIGHTED_LEVEL_EVENT
LONG,LOSS,85.000/364.286 : NO_HIGHLIGHTED_LEVEL_EVENT
LONG,WIN,85.000/364.286 : 30M_TOUCH_LEVEL @ 2022-09-21 20:50 : +26.413795 (Relative INC) : CHANGE 0.00% : CURRENT STRENGTH +26.413795
LONG,LOSS,85.000/364.286 : 1H_ENTRY_LEVEL @ 2022-11-08 08:51 : -29.964040 (Relative DEC) : CHANGE 0.00% : CURRENT STRENGTH -29.964040
LONG,WIN,85.000/364.286 : NO_HIGHLIGHTED_LEVEL_EVENT
LONG,LOSS,85.000/364.286 : NO_HIGHLIGHTED_LEVEL_EVENT
SHORT,WIN,85.000/971.429 : 1H_ENTRY_LEVEL @ 2022-11-09 18:17 : +31.252171 (Relative INC) : CHANGE 0.00% : CURRENT STRENGTH +31.252171 -> 30M_TOUCH_LEVEL @ 2022-11-09 18:18 : +19.882400 (Relative INC) : CHANGE 63.62% : CURRENT STRENGTH +51.134571
LONG,LOSS,85.000/364.286 : NO_HIGHLIGHTED_LEVEL_EVENT
LONG,LOSS,85.000/971.429 : NO_HIGHLIGHTED_LEVEL_EVENT
LONG,LOSS,85.000/364.286 : NO_HIGHLIGHTED_LEVEL_EVENT
SHORT,LOSS,85.000/485.714 : NO_HIGHLIGHTED_LEVEL_EVENT
LONG,LOSS,85.000/364.286 : NO_HIGHLIGHTED_LEVEL_EVENT
SHORT,LOSS,85.000/485.714 : NO_HIGHLIGHTED_LEVEL_EVENT
LONG,LOSS,85.000/364.286 : 1H_ENTRY_LEVEL @ 2023-01-29 07:45 : -36.422720 (Relative DEC) : CHANGE 0.00% : CURRENT STRENGTH -36.422720
LONG,LOSS,85.000/364.286 : NO_HIGHLIGHTED_LEVEL_EVENT
LONG,LOSS,85.000/364.286 : NO_HIGHLIGHTED_LEVEL_EVENT
LONG,LOSS,85.000/364.286 : NO_HIGHLIGHTED_LEVEL_EVENT
SHORT,LOSS,85.000/971.429 : NO_HIGHLIGHTED_LEVEL_EVENT
LONG,LOSS,85.000/364.286 : NO_HIGHLIGHTED_LEVEL_EVENT
LONG,LOSS,85.000/364.286 : NO_HIGHLIGHTED_LEVEL_EVENT
SHORT,LOSS,85.000/971.429 : NO_HIGHLIGHTED_LEVEL_EVENT
LONG,WIN,285.000/316.667 : 30M_TOUCH_LEVEL @ 2023-03-19 22:30 : +107.777472 (Relative INC) : CHANGE 0.00% : CURRENT STRENGTH +107.777472
SHORT,LOSS,85.000/728.571 : NO_HIGHLIGHTED_LEVEL_EVENT
SHORT,LOSS,85.000/971.429 : NO_HIGHLIGHTED_LEVEL_EVENT
SHORT,LOSS,85.000/728.571 : NO_HIGHLIGHTED_LEVEL_EVENT
LONG,LOSS,85.000/364.286 : NO_HIGHLIGHTED_LEVEL_EVENT
SHORT,LOSS,85.000/971.429 : NO_HIGHLIGHTED_LEVEL_EVENT
LONG,LOSS,85.000/364.286 : NO_HIGHLIGHTED_LEVEL_EVENT
LONG,LOSS,85.000/364.286 : NO_HIGHLIGHTED_LEVEL_EVENT
LONG,LOSS,85.000/364.286 : NO_HIGHLIGHTED_LEVEL_EVENT
SHORT,LOSS,85.000/728.571 : NO_HIGHLIGHTED_LEVEL_EVENT
LONG,WIN,85.000/971.429 : 30M_TOUCH_LEVEL @ 2023-06-16 20:16 : +19.823599 (Relative INC) : CHANGE 0.00% : CURRENT STRENGTH +19.823599
SHORT,LOSS,85.000/485.714 : NO_HIGHLIGHTED_LEVEL_EVENT
LONG,LOSS,85.000/364.286 : NO_HIGHLIGHTED_LEVEL_EVENT
LONG,LOSS,85.000/364.286 : NO_HIGHLIGHTED_LEVEL_EVENT
SHORT,LOSS,85.000/728.571 : NO_HIGHLIGHTED_LEVEL_EVENT
LONG,WIN,85.000/364.286 : NO_HIGHLIGHTED_LEVEL_EVENT
LONG,LOSS,85.000/364.286 : NO_HIGHLIGHTED_LEVEL_EVENT
LONG,LOSS,85.000/364.286 : NO_HIGHLIGHTED_LEVEL_EVENT
LONG,LOSS,85.000/728.571 : NO_HIGHLIGHTED_LEVEL_EVENT
LONG,WIN,285.000/316.667 : NO_HIGHLIGHTED_LEVEL_EVENT
LONG,WIN,85.000/364.286 : NO_HIGHLIGHTED_LEVEL_EVENT
SHORT,WIN,85.000/485.714 : 1H_ENTRY_LEVEL @ 2023-09-12 22:07 : +51.016973 (Relative INC) : CHANGE 0.00% : CURRENT STRENGTH +51.016973
LONG,LOSS,85.000/364.286 : NO_HIGHLIGHTED_LEVEL_EVENT
SHORT,LOSS,85.000/728.571 : NO_HIGHLIGHTED_LEVEL_EVENT
SHORT,LOSS,85.000/485.714 : NO_HIGHLIGHTED_LEVEL_EVENT
SHORT,LOSS,85.000/971.429 : NO_HIGHLIGHTED_LEVEL_EVENT
SHORT,LOSS,85.000/485.714 : NO_HIGHLIGHTED_LEVEL_EVENT
SHORT,LOSS,85.000/485.714 : NO_HIGHLIGHTED_LEVEL_EVENT
SHORT,WIN,85.000/971.429 : 30M_TOUCH_LEVEL @ 2023-10-24 18:12 : +25.537886 (Relative INC) : CHANGE 0.00% : CURRENT STRENGTH +25.537886
LONG,LOSS,85.000/364.286 : NO_HIGHLIGHTED_LEVEL_EVENT
SHORT,LOSS,85.000/485.714 : NO_HIGHLIGHTED_LEVEL_EVENT
SHORT,LOSS,85.000/971.429 : NO_HIGHLIGHTED_LEVEL_EVENT
LONG,LOSS,85.000/971.429 : NO_HIGHLIGHTED_LEVEL_EVENT
LONG,LOSS,85.000/364.286 : NO_HIGHLIGHTED_LEVEL_EVENT
LONG,LOSS,85.000/364.286 : NO_HIGHLIGHTED_LEVEL_EVENT
LONG,LOSS,85.000/364.286 : NO_HIGHLIGHTED_LEVEL_EVENT
SHORT,LOSS,85.000/485.714 : NO_HIGHLIGHTED_LEVEL_EVENT
LONG,WIN,85.000/364.286 : NO_HIGHLIGHTED_LEVEL_EVENT
LONG,WIN,85.000/364.286 : NO_HIGHLIGHTED_LEVEL_EVENT
LONG,LOSS,85.000/364.286 : NO_HIGHLIGHTED_LEVEL_EVENT
LONG,LOSS,85.000/364.286 : NO_HIGHLIGHTED_LEVEL_EVENT
LONG,WIN,85.000/728.571 : NO_HIGHLIGHTED_LEVEL_EVENT
SHORT,LOSS,85.000/728.571 : NO_HIGHLIGHTED_LEVEL_EVENT
SHORT,LOSS,85.000/485.714 : NO_HIGHLIGHTED_LEVEL_EVENT
SHORT,LOSS,85.000/728.571 : NO_HIGHLIGHTED_LEVEL_EVENT
LONG,WIN,85.000/364.286 : NO_HIGHLIGHTED_LEVEL_EVENT
LONG,LOSS,85.000/364.286 : NO_HIGHLIGHTED_LEVEL_EVENT
LONG,LOSS,85.000/364.286 : NO_HIGHLIGHTED_LEVEL_EVENT
LONG,LOSS,85.000/364.286 : NO_HIGHLIGHTED_LEVEL_EVENT
LONG,LOSS,85.000/364.286 : NO_HIGHLIGHTED_LEVEL_EVENT
LONG,LOSS,85.000/364.286 : NO_HIGHLIGHTED_LEVEL_EVENT
LONG,WIN,85.000/364.286 : 30M_TOUCH_LEVEL @ 2023-12-13 09:50 : +26.413795 (Relative INC) : CHANGE 0.00% : CURRENT STRENGTH +26.413795
LONG,LOSS,85.000/971.429 : NO_HIGHLIGHTED_LEVEL_EVENT
SHORT,LOSS,85.000/485.714 : NO_HIGHLIGHTED_LEVEL_EVENT
LONG,LOSS,285.000/316.667 : NO_HIGHLIGHTED_LEVEL_EVENT
LONG,LOSS,85.000/364.286 : NO_HIGHLIGHTED_LEVEL_EVENT
LONG,WIN,285.000/316.667 : NO_HIGHLIGHTED_LEVEL_EVENT
LONG,WIN,85.000/364.286 : 1H_ENTRY_LEVEL @ 2023-12-27 20:38 : +78.189074 (Relative INC) : CHANGE 0.00% : CURRENT STRENGTH +78.189074
LONG,WIN,285.000/316.667 : NO_HIGHLIGHTED_LEVEL_EVENT
LONG,LOSS,85.000/364.286 : NO_HIGHLIGHTED_LEVEL_EVENT
LONG,WIN,85.000/364.286 : NO_HIGHLIGHTED_LEVEL_EVENT
SHORT,WIN,85.000/485.714 : 30M_TOUCH_LEVEL @ 2024-01-03 22:04 : +14.168115 (Relative INC) : CHANGE 0.00% : CURRENT STRENGTH +14.168115
LONG,WIN,85.000/364.286 : 30M_TOUCH_LEVEL @ 2024-01-05 09:50 : +26.413795 (Relative INC) : CHANGE 0.00% : CURRENT STRENGTH +26.413795
LONG,LOSS,85.000/364.286 : NO_HIGHLIGHTED_LEVEL_EVENT
LONG,LOSS,85.000/364.286 : NO_HIGHLIGHTED_LEVEL_EVENT
SHORT,LOSS,85.000/485.714 : NO_HIGHLIGHTED_LEVEL_EVENT
SHORT,LOSS,85.000/485.714 : NO_HIGHLIGHTED_LEVEL_EVENT
LONG,LOSS,85.000/364.286 : NO_HIGHLIGHTED_LEVEL_EVENT
LONG,LOSS,85.000/364.286 : NO_HIGHLIGHTED_LEVEL_EVENT
LONG,LOSS,85.000/364.286 : NO_HIGHLIGHTED_LEVEL_EVENT
LONG,WIN,85.000/364.286 : NO_HIGHLIGHTED_LEVEL_EVENT
SHORT,LOSS,85.000/971.429 : NO_HIGHLIGHTED_LEVEL_EVENT
LONG,LOSS,85.000/364.286 : NO_HIGHLIGHTED_LEVEL_EVENT
LONG,WIN,85.000/364.286 : 1H_ENTRY_LEVEL @ 2024-01-19 02:11 : +51.575420 (Relative INC) : CHANGE 0.00% : CURRENT STRENGTH +51.575420
LONG,LOSS,85.000/364.286 : NO_HIGHLIGHTED_LEVEL_EVENT
LONG,WIN,285.000/316.667 : NO_HIGHLIGHTED_LEVEL_EVENT
LONG,WIN,85.000/364.286 : NO_HIGHLIGHTED_LEVEL_EVENT
SHORT,WIN,85.000/971.429 : 30M_TOUCH_LEVEL @ 2024-01-23 00:33 : +139.779622 (Relative INC) : CHANGE 0.00% : CURRENT STRENGTH +139.779622
LONG,LOSS,85.000/364.286 : NO_HIGHLIGHTED_LEVEL_EVENT
SHORT,LOSS,85.000/485.714 : NO_HIGHLIGHTED_LEVEL_EVENT
SHORT,WIN,235.000/854.545 : 1H_ENTRY_LEVEL @ 2024-01-30 17:39 : +46.731258 (Relative INC) : CHANGE 0.00% : CURRENT STRENGTH +46.731258 -> 30M_TOUCH_LEVEL @ 2024-01-30 17:53 : +31.913794 (Relative INC) : CHANGE 68.29% : CURRENT STRENGTH +78.645052
SHORT,LOSS,85.000/728.571 : NO_HIGHLIGHTED_LEVEL_EVENT
LONG,WIN,85.000/364.286 : 30M_TOUCH_LEVEL @ 2024-02-12 12:17 : +8.876519 (Relative INC) : CHANGE 0.00% : CURRENT STRENGTH +8.876519
LONG,LOSS,85.000/364.286 : NO_HIGHLIGHTED_LEVEL_EVENT
LONG,LOSS,85.000/364.286 : NO_HIGHLIGHTED_LEVEL_EVENT
LONG,LOSS,85.000/364.286 : NO_HIGHLIGHTED_LEVEL_EVENT
LONG,LOSS,85.000/971.429 : NO_HIGHLIGHTED_LEVEL_EVENT
LONG,LOSS,85.000/364.286 : NO_HIGHLIGHTED_LEVEL_EVENT
LONG,WIN,85.000/364.286 : 1H_ENTRY_LEVEL @ 2024-02-20 23:28 : +25.361484 (Relative INC) : CHANGE 0.00% : CURRENT STRENGTH +25.361484
LONG,LOSS,85.000/364.286 : NO_HIGHLIGHTED_LEVEL_EVENT
LONG,WIN,85.000/364.286 : NO_HIGHLIGHTED_LEVEL_EVENT
LONG,LOSS,85.000/971.429 : NO_HIGHLIGHTED_LEVEL_EVENT
LONG,LOSS,85.000/364.286 : NO_HIGHLIGHTED_LEVEL_EVENT
SHORT,LOSS,85.000/485.714 : NO_HIGHLIGHTED_LEVEL_EVENT
SHORT,LOSS,85.000/971.429 : NO_HIGHLIGHTED_LEVEL_EVENT
SHORT,LOSS,85.000/364.286 : NO_HIGHLIGHTED_LEVEL_EVENT
SHORT,LOSS,85.000/485.714 : NO_HIGHLIGHTED_LEVEL_EVENT
SHORT,LOSS,85.000/971.429 : NO_HIGHLIGHTED_LEVEL_EVENT
SHORT,WIN,85.000/485.714 : 30M_TOUCH_LEVEL @ 2024-02-27 21:33 : +139.779622 (Relative INC) : CHANGE 0.00% : CURRENT STRENGTH +139.779622
SHORT,LOSS,85.000/485.714 : NO_HIGHLIGHTED_LEVEL_EVENT
LONG,LOSS,85.000/364.286 : NO_HIGHLIGHTED_LEVEL_EVENT
LONG,LOSS,85.000/971.429 : NO_HIGHLIGHTED_LEVEL_EVENT
LONG,LOSS,85.000/364.286 : NO_HIGHLIGHTED_LEVEL_EVENT
SHORT,LOSS,85.000/485.714 : NO_HIGHLIGHTED_LEVEL_EVENT
LONG,WIN,85.000/364.286 : 1H_ENTRY_LEVEL @ 2024-03-03 19:02 : +77.254365 (Relative INC) : CHANGE 0.00% : CURRENT STRENGTH +77.254365
SHORT,LOSS,85.000/728.571 : NO_HIGHLIGHTED_LEVEL_EVENT
SHORT,LOSS,85.000/971.429 : NO_HIGHLIGHTED_LEVEL_EVENT
SHORT,LOSS,85.000/971.429 : NO_HIGHLIGHTED_LEVEL_EVENT
LONG,LOSS,85.000/364.286 : NO_HIGHLIGHTED_LEVEL_EVENT
LONG,WIN,85.000/364.286 : 1H_ENTRY_LEVEL @ 2024-03-04 18:25 : +29.588398 (Relative INC) : CHANGE 0.00% : CURRENT STRENGTH +29.588398
LONG,LOSS,85.000/364.286 : NO_HIGHLIGHTED_LEVEL_EVENT
LONG,WIN,285.000/316.667 : 1H_ENTRY_LEVEL @ 2024-03-04 22:32 : +72.909849 (Relative INC) : CHANGE 0.00% : CURRENT STRENGTH +72.909849
LONG,LOSS,85.000/364.286 : NO_HIGHLIGHTED_LEVEL_EVENT
LONG,LOSS,85.000/364.286 : NO_HIGHLIGHTED_LEVEL_EVENT
SHORT,LOSS,85.000/485.714 : NO_HIGHLIGHTED_LEVEL_EVENT
SHORT,LOSS,85.000/971.429 : NO_HIGHLIGHTED_LEVEL_EVENT
SHORT,WIN,85.000/364.286 : NO_HIGHLIGHTED_LEVEL_EVENT
LONG,WIN,85.000/364.286 : NO_HIGHLIGHTED_LEVEL_EVENT
LONG,LOSS,85.000/364.286 : NO_HIGHLIGHTED_LEVEL_EVENT
LONG,WIN,85.000/971.429 : NO_HIGHLIGHTED_LEVEL_EVENT
LONG,LOSS,85.000/364.286 : NO_HIGHLIGHTED_LEVEL_EVENT
LONG,LOSS,85.000/364.286 : NO_HIGHLIGHTED_LEVEL_EVENT
SHORT,WIN,85.000/971.429 : 1H_ENTRY_LEVEL @ 2024-03-06 06:14 : +37.628079 (Relative INC) : CHANGE 0.00% : CURRENT STRENGTH +37.628079
SHORT,LOSS,85.000/364.286 : NO_HIGHLIGHTED_LEVEL_EVENT
LONG,LOSS,85.000/364.286 : NO_HIGHLIGHTED_LEVEL_EVENT
SHORT,LOSS,85.000/971.429 : NO_HIGHLIGHTED_LEVEL_EVENT
LONG,WIN,85.000/364.286 : NO_HIGHLIGHTED_LEVEL_EVENT
SHORT,LOSS,85.000/971.429 : NO_HIGHLIGHTED_LEVEL_EVENT
SHORT,LOSS,85.000/485.714 : NO_HIGHLIGHTED_LEVEL_EVENT
SHORT,LOSS,85.000/485.714 : NO_HIGHLIGHTED_LEVEL_EVENT
LONG,LOSS,85.000/364.286 : NO_HIGHLIGHTED_LEVEL_EVENT
LONG,LOSS,85.000/364.286 : NO_HIGHLIGHTED_LEVEL_EVENT
SHORT,LOSS,85.000/728.571 : NO_HIGHLIGHTED_LEVEL_EVENT
LONG,WIN,285.000/316.667 : 1H_ENTRY_LEVEL @ 2024-03-11 22:32 : +72.909849 (Relative INC) : CHANGE 0.00% : CURRENT STRENGTH +72.909849
LONG,LOSS,85.000/364.286 : NO_HIGHLIGHTED_LEVEL_EVENT
LONG,WIN,85.000/364.286 : 1H_ENTRY_LEVEL @ 2024-03-12 12:18 : +34.238003 (Relative INC) : CHANGE 0.00% : CURRENT STRENGTH +34.238003
LONG,LOSS,85.000/364.286 : NO_HIGHLIGHTED_LEVEL_EVENT
LONG,LOSS,85.000/364.286 : NO_HIGHLIGHTED_LEVEL_EVENT
SHORT,LOSS,85.000/728.571 : NO_HIGHLIGHTED_LEVEL_EVENT
LONG,WIN,85.000/364.286 : 30M_TOUCH_LEVEL @ 2024-03-12 23:09 : +12.422082 (Relative INC) : CHANGE 0.00% : CURRENT STRENGTH +12.422082
SHORT,LOSS,85.000/728.571 : NO_HIGHLIGHTED_LEVEL_EVENT
SHORT,WIN,85.000/971.429 : 30M_TOUCH_LEVEL @ 2024-03-13 14:44 : +19.882400 (Relative INC) : CHANGE 0.00% : CURRENT STRENGTH +19.882400
LONG,LOSS,85.000/364.286 : NO_HIGHLIGHTED_LEVEL_EVENT
LONG,LOSS,85.000/364.286 : NO_HIGHLIGHTED_LEVEL_EVENT
SHORT,LOSS,85.000/485.714 : NO_HIGHLIGHTED_LEVEL_EVENT
LONG,LOSS,85.000/364.286 : NO_HIGHLIGHTED_LEVEL_EVENT
SHORT,LOSS,85.000/971.429 : 1H_ENTRY_LEVEL @ 2024-03-17 06:27 : -7.411600 (Relative DEC) : CHANGE 0.00% : CURRENT STRENGTH -7.411600
LONG,LOSS,85.000/364.286 : NO_HIGHLIGHTED_LEVEL_EVENT
LONG,WIN,85.000/364.286 : NO_HIGHLIGHTED_LEVEL_EVENT
SHORT,LOSS,235.000/854.545 : NO_HIGHLIGHTED_LEVEL_EVENT
SHORT,LOSS,85.000/485.714 : NO_HIGHLIGHTED_LEVEL_EVENT
SHORT,LOSS,85.000/485.714 : NO_HIGHLIGHTED_LEVEL_EVENT
LONG,LOSS,85.000/364.286 : NO_HIGHLIGHTED_LEVEL_EVENT
SHORT,LOSS,85.000/728.571 : NO_HIGHLIGHTED_LEVEL_EVENT
LONG,LOSS,285.000/316.667 : NO_HIGHLIGHTED_LEVEL_EVENT
LONG,WIN,85.000/364.286 : NO_HIGHLIGHTED_LEVEL_EVENT
LONG,LOSS,85.000/364.286 : NO_HIGHLIGHTED_LEVEL_EVENT
LONG,LOSS,85.000/364.286 : NO_HIGHLIGHTED_LEVEL_EVENT
SHORT,LOSS,85.000/971.429 : NO_HIGHLIGHTED_LEVEL_EVENT
LONG,WIN,85.000/364.286 : NO_HIGHLIGHTED_LEVEL_EVENT
LONG,LOSS,85.000/364.286 : NO_HIGHLIGHTED_LEVEL_EVENT
SHORT,WIN,85.000/485.714 : 30M_TOUCH_LEVEL @ 2024-03-18 22:03 : +48.277428 (Relative INC) : CHANGE 0.00% : CURRENT STRENGTH +48.277428
SHORT,WIN,85.000/971.429 : 30M_TOUCH_LEVEL @ 2024-03-19 06:01 : +79.470800 (Relative INC) : CHANGE 0.00% : CURRENT STRENGTH +79.470800 -> 1H_ENTRY_LEVEL @ 2024-03-19 06:07 : +51.016973 (Relative INC) : CHANGE 64.20% : CURRENT STRENGTH +130.487773
LONG,LOSS,85.000/364.286 : NO_HIGHLIGHTED_LEVEL_EVENT
LONG,LOSS,85.000/364.286 : NO_HIGHLIGHTED_LEVEL_EVENT
LONG,WIN,85.000/364.286 : NO_HIGHLIGHTED_LEVEL_EVENT
LONG,WIN,85.000/364.286 : NO_HIGHLIGHTED_LEVEL_EVENT
LONG,WIN,85.000/364.286 : 30M_TOUCH_LEVEL @ 2024-03-20 07:30 : +107.777472 (Relative INC) : CHANGE 0.00% : CURRENT STRENGTH +107.777472 -> 1H_ENTRY_LEVEL @ 2024-03-20 07:32 : +72.909849 (Relative INC) : CHANGE 67.65% : CURRENT STRENGTH +180.687321
SHORT,LOSS,85.000/971.429 : NO_HIGHLIGHTED_LEVEL_EVENT
SHORT,WIN,85.000/971.429 : 30M_TOUCH_LEVEL @ 2024-03-20 20:31 : +143.947736 (Relative INC) : CHANGE 0.00% : CURRENT STRENGTH +143.947736
SHORT,LOSS,85.000/485.714 : NO_HIGHLIGHTED_LEVEL_EVENT
SHORT,LOSS,85.000/728.571 : NO_HIGHLIGHTED_LEVEL_EVENT
LONG,LOSS,85.000/364.286 : NO_HIGHLIGHTED_LEVEL_EVENT
LONG,WIN,85.000/364.286 : 1H_ENTRY_LEVEL @ 2024-03-22 03:02 : +77.254365 (Relative INC) : CHANGE 0.00% : CURRENT STRENGTH +77.254365
LONG,WIN,85.000/364.286 : NO_HIGHLIGHTED_LEVEL_EVENT
LONG,LOSS,85.000/364.286 : NO_HIGHLIGHTED_LEVEL_EVENT
SHORT,WIN,85.000/728.571 : 30M_TOUCH_LEVEL @ 2024-03-24 03:13 : +22.680744 (Relative INC) : CHANGE 0.00% : CURRENT STRENGTH +22.680744 -> 1H_ENTRY_LEVEL @ 2024-03-24 03:14 : +37.628079 (Relative INC) : CHANGE 165.90% : CURRENT STRENGTH +60.308823
SHORT,WIN,85.000/485.714 : 30M_TOUCH_LEVEL @ 2024-03-24 06:56 : +14.168115 (Relative INC) : CHANGE 0.00% : CURRENT STRENGTH +14.168115
LONG,LOSS,85.000/364.286 : NO_HIGHLIGHTED_LEVEL_EVENT
LONG,LOSS,85.000/364.286 : NO_HIGHLIGHTED_LEVEL_EVENT
LONG,WIN,85.000/364.286 : NO_HIGHLIGHTED_LEVEL_EVENT
SHORT,LOSS,85.000/971.429 : NO_HIGHLIGHTED_LEVEL_EVENT
LONG,WIN,85.000/364.286 : NO_HIGHLIGHTED_LEVEL_EVENT
LONG,LOSS,85.000/364.286 : NO_HIGHLIGHTED_LEVEL_EVENT
SHORT,LOSS,85.000/485.714 : NO_HIGHLIGHTED_LEVEL_EVENT
LONG,WIN,85.000/364.286 : NO_HIGHLIGHTED_LEVEL_EVENT
SHORT,WIN,85.000/728.571 : NO_HIGHLIGHTED_LEVEL_EVENT
SHORT,LOSS,85.000/728.571 : NO_HIGHLIGHTED_LEVEL_EVENT
LONG,LOSS,85.000/364.286 : NO_HIGHLIGHTED_LEVEL_EVENT
LONG,LOSS,85.000/364.286 : NO_HIGHLIGHTED_LEVEL_EVENT
LONG,LOSS,85.000/364.286 : NO_HIGHLIGHTED_LEVEL_EVENT
LONG,LOSS,85.000/364.286 : NO_HIGHLIGHTED_LEVEL_EVENT
SHORT,LOSS,85.000/485.714 : NO_HIGHLIGHTED_LEVEL_EVENT
SHORT,WIN,85.000/971.429 : NO_HIGHLIGHTED_LEVEL_EVENT
LONG,WIN,85.000/364.286 : NO_HIGHLIGHTED_LEVEL_EVENT
SHORT,LOSS,85.000/728.571 : NO_HIGHLIGHTED_LEVEL_EVENT
LONG,LOSS,85.000/971.429 : NO_HIGHLIGHTED_LEVEL_EVENT
LONG,LOSS,85.000/364.286 : NO_HIGHLIGHTED_LEVEL_EVENT
LONG,LOSS,85.000/364.286 : NO_HIGHLIGHTED_LEVEL_EVENT
LONG,LOSS,85.000/364.286 : NO_HIGHLIGHTED_LEVEL_EVENT
SHORT,WIN,85.000/728.571 : 30M_TOUCH_LEVEL @ 2024-04-03 04:22 : +8.512629 (Relative INC) : CHANGE 0.00% : CURRENT STRENGTH +8.512629
LONG,LOSS,85.000/364.286 : NO_HIGHLIGHTED_LEVEL_EVENT
LONG,LOSS,85.000/364.286 : NO_HIGHLIGHTED_LEVEL_EVENT
LONG,WIN,285.000/316.667 : NO_HIGHLIGHTED_LEVEL_EVENT
SHORT,LOSS,85.000/971.429 : NO_HIGHLIGHTED_LEVEL_EVENT
LONG,LOSS,85.000/364.286 : NO_HIGHLIGHTED_LEVEL_EVENT
SHORT,LOSS,85.000/485.714 : NO_HIGHLIGHTED_LEVEL_EVENT
LONG,LOSS,85.000/364.286 : NO_HIGHLIGHTED_LEVEL_EVENT
LONG,WIN,85.000/364.286 : NO_HIGHLIGHTED_LEVEL_EVENT
LONG,LOSS,85.000/364.286 : 1H_ENTRY_LEVEL @ 2024-04-09 00:51 : -29.964040 (Relative DEC) : CHANGE 0.00% : CURRENT STRENGTH -29.964040
LONG,LOSS,85.000/364.286 : NO_HIGHLIGHTED_LEVEL_EVENT
SHORT,WIN,85.000/728.571 : 1H_ENTRY_LEVEL @ 2024-04-09 12:34 : +91.560993 (Relative INC) : CHANGE 0.00% : CURRENT STRENGTH +91.560993 -> 30M_TOUCH_LEVEL @ 2024-04-09 12:45 : +90.840573 (Relative INC) : CHANGE 99.21% : CURRENT STRENGTH +182.401566
SHORT,WIN,85.000/728.571 : 30M_TOUCH_LEVEL @ 2024-04-09 19:01 : +79.470800 (Relative INC) : CHANGE 0.00% : CURRENT STRENGTH +79.470800
SHORT,WIN,85.000/728.571 : NO_HIGHLIGHTED_LEVEL_EVENT
LONG,LOSS,85.000/364.286 : NO_HIGHLIGHTED_LEVEL_EVENT
SHORT,LOSS,85.000/971.429 : NO_HIGHLIGHTED_LEVEL_EVENT
SHORT,LOSS,85.000/728.571 : NO_HIGHLIGHTED_LEVEL_EVENT
SHORT,LOSS,85.000/971.429 : NO_HIGHLIGHTED_LEVEL_EVENT
LONG,LOSS,85.000/364.286 : NO_HIGHLIGHTED_LEVEL_EVENT
SHORT,LOSS,85.000/971.429 : NO_HIGHLIGHTED_LEVEL_EVENT
SHORT,LOSS,85.000/971.429 : NO_HIGHLIGHTED_LEVEL_EVENT
SHORT,LOSS,85.000/485.714 : NO_HIGHLIGHTED_LEVEL_EVENT
SHORT,LOSS,85.000/485.714 : NO_HIGHLIGHTED_LEVEL_EVENT
SHORT,LOSS,85.000/728.571 : NO_HIGHLIGHTED_LEVEL_EVENT
LONG,WIN,85.000/364.286 : NO_HIGHLIGHTED_LEVEL_EVENT
SHORT,LOSS,85.000/485.714 : NO_HIGHLIGHTED_LEVEL_EVENT
LONG,WIN,85.000/364.286 : NO_HIGHLIGHTED_LEVEL_EVENT
SHORT,LOSS,85.000/485.714 : NO_HIGHLIGHTED_LEVEL_EVENT
SHORT,LOSS,85.000/971.429 : NO_HIGHLIGHTED_LEVEL_EVENT
LONG,WIN,85.000/364.286 : 1H_ENTRY_LEVEL @ 2024-04-19 08:25 : +29.588398 (Relative INC) : CHANGE 0.00% : CURRENT STRENGTH +29.588398
LONG,LOSS,85.000/364.286 : NO_HIGHLIGHTED_LEVEL_EVENT
LONG,LOSS,85.000/364.286 : NO_HIGHLIGHTED_LEVEL_EVENT
SHORT,WIN,85.000/971.429 : 1H_ENTRY_LEVEL @ 2024-04-21 08:55 : +42.563143 (Relative INC) : CHANGE 0.00% : CURRENT STRENGTH +42.563143
LONG,WIN,85.000/364.286 : 30M_TOUCH_LEVEL @ 2024-04-22 01:30 : +107.777472 (Relative INC) : CHANGE 0.00% : CURRENT STRENGTH +107.777472 -> 1H_ENTRY_LEVEL @ 2024-04-22 01:32 : +72.909849 (Relative INC) : CHANGE 67.65% : CURRENT STRENGTH +180.687321
LONG,WIN,285.000/316.667 : NO_HIGHLIGHTED_LEVEL_EVENT
SHORT,LOSS,85.000/971.429 : NO_HIGHLIGHTED_LEVEL_EVENT
LONG,LOSS,85.000/364.286 : NO_HIGHLIGHTED_LEVEL_EVENT
SHORT,WIN,85.000/485.714 : 1H_ENTRY_LEVEL @ 2024-04-22 20:26 : +29.835871 (Relative INC) : CHANGE 0.00% : CURRENT STRENGTH +29.835871
LONG,WIN,85.000/364.286 : 30M_TOUCH_LEVEL @ 2024-04-23 00:50 : +26.413795 (Relative INC) : CHANGE 0.00% : CURRENT STRENGTH +26.413795
LONG,LOSS,85.000/364.286 : NO_HIGHLIGHTED_LEVEL_EVENT
SHORT,WIN,85.000/485.714 : 30M_TOUCH_LEVEL @ 2024-04-23 06:33 : +139.779622 (Relative INC) : CHANGE 0.00% : CURRENT STRENGTH +139.779622
LONG,LOSS,85.000/364.286 : NO_HIGHLIGHTED_LEVEL_EVENT
LONG,WIN,85.000/364.286 : 1H_ENTRY_LEVEL @ 2024-04-23 18:12 : +66.483684 (Relative INC) : CHANGE 0.00% : CURRENT STRENGTH +66.483684 -> 30M_TOUCH_LEVEL @ 2024-04-23 18:16 : +19.823599 (Relative INC) : CHANGE 29.82% : CURRENT STRENGTH +86.307283
SHORT,LOSS,85.000/485.714 : NO_HIGHLIGHTED_LEVEL_EVENT
LONG,LOSS,85.000/364.286 : NO_HIGHLIGHTED_LEVEL_EVENT
LONG,LOSS,85.000/364.286 : NO_HIGHLIGHTED_LEVEL_EVENT
SHORT,WIN,85.000/728.571 : NO_HIGHLIGHTED_LEVEL_EVENT
LONG,LOSS,85.000/364.286 : NO_HIGHLIGHTED_LEVEL_EVENT
SHORT,LOSS,85.000/485.714 : NO_HIGHLIGHTED_LEVEL_EVENT
SHORT,LOSS,85.000/485.714 : NO_HIGHLIGHTED_LEVEL_EVENT
LONG,WIN,85.000/364.286 : NO_HIGHLIGHTED_LEVEL_EVENT
LONG,WIN,85.000/364.286 : 1H_ENTRY_LEVEL @ 2024-04-29 12:32 : +72.909849 (Relative INC) : CHANGE 0.00% : CURRENT STRENGTH +72.909849
LONG,WIN,285.000/316.667 : NO_HIGHLIGHTED_LEVEL_EVENT
LONG,LOSS,85.000/364.286 : NO_HIGHLIGHTED_LEVEL_EVENT
LONG,LOSS,85.000/364.286 : NO_HIGHLIGHTED_LEVEL_EVENT
SHORT,LOSS,85.000/485.714 : NO_HIGHLIGHTED_LEVEL_EVENT
LONG,LOSS,85.000/364.286 : NO_HIGHLIGHTED_LEVEL_EVENT
LONG,LOSS,85.000/364.286 : NO_HIGHLIGHTED_LEVEL_EVENT
LONG,WIN,285.000/316.667 : 30M_TOUCH_LEVEL @ 2024-05-03 05:55 : +1.052311 (Relative INC) : CHANGE 0.00% : CURRENT STRENGTH +1.052311
LONG,LOSS,85.000/364.286 : NO_HIGHLIGHTED_LEVEL_EVENT
SHORT,LOSS,85.000/728.571 : NO_HIGHLIGHTED_LEVEL_EVENT
LONG,LOSS,85.000/364.286 : NO_HIGHLIGHTED_LEVEL_EVENT
LONG,LOSS,85.000/364.286 : NO_HIGHLIGHTED_LEVEL_EVENT
LONG,LOSS,85.000/364.286 : NO_HIGHLIGHTED_LEVEL_EVENT
SHORT,LOSS,85.000/728.571 : NO_HIGHLIGHTED_LEVEL_EVENT
SHORT,LOSS,85.000/485.714 : NO_HIGHLIGHTED_LEVEL_EVENT
LONG,WIN,85.000/364.286 : NO_HIGHLIGHTED_LEVEL_EVENT
LONG,LOSS,85.000/364.286 : NO_HIGHLIGHTED_LEVEL_EVENT
SHORT,LOSS,85.000/485.714 : NO_HIGHLIGHTED_LEVEL_EVENT
SHORT,LOSS,85.000/485.714 : NO_HIGHLIGHTED_LEVEL_EVENT
SHORT,LOSS,85.000/485.714 : NO_HIGHLIGHTED_LEVEL_EVENT
LONG,LOSS,85.000/364.286 : NO_HIGHLIGHTED_LEVEL_EVENT
LONG,WIN,85.000/364.286 : NO_HIGHLIGHTED_LEVEL_EVENT
LONG,LOSS,85.000/364.286 : NO_HIGHLIGHTED_LEVEL_EVENT
SHORT,LOSS,85.000/728.571 : NO_HIGHLIGHTED_LEVEL_EVENT
SHORT,LOSS,85.000/485.714 : NO_HIGHLIGHTED_LEVEL_EVENT
LONG,LOSS,85.000/364.286 : NO_HIGHLIGHTED_LEVEL_EVENT
SHORT,LOSS,85.000/485.714 : NO_HIGHLIGHTED_LEVEL_EVENT
SHORT,LOSS,85.000/485.714 : NO_HIGHLIGHTED_LEVEL_EVENT
LONG,WIN,85.000/364.286 : NO_HIGHLIGHTED_LEVEL_EVENT
LONG,WIN,85.000/364.286 : NO_HIGHLIGHTED_LEVEL_EVENT
LONG,WIN,285.000/316.667 : 1H_ENTRY_LEVEL @ 2024-05-21 05:32 : +72.909849 (Relative INC) : CHANGE 0.00% : CURRENT STRENGTH +72.909849
LONG,LOSS,85.000/364.286 : NO_HIGHLIGHTED_LEVEL_EVENT
LONG,LOSS,85.000/364.286 : NO_HIGHLIGHTED_LEVEL_EVENT
SHORT,LOSS,85.000/971.429 : NO_HIGHLIGHTED_LEVEL_EVENT
LONG,LOSS,85.000/364.286 : NO_HIGHLIGHTED_LEVEL_EVENT
SHORT,LOSS,85.000/485.714 : NO_HIGHLIGHTED_LEVEL_EVENT
SHORT,WIN,85.000/485.714 : NO_HIGHLIGHTED_LEVEL_EVENT
LONG,LOSS,85.000/364.286 : NO_HIGHLIGHTED_LEVEL_EVENT
SHORT,LOSS,85.000/971.429 : NO_HIGHLIGHTED_LEVEL_EVENT
SHORT,LOSS,85.000/971.429 : NO_HIGHLIGHTED_LEVEL_EVENT
LONG,LOSS,85.000/364.286 : NO_HIGHLIGHTED_LEVEL_EVENT
LONG,LOSS,85.000/364.286 : NO_HIGHLIGHTED_LEVEL_EVENT
LONG,LOSS,85.000/364.286 : NO_HIGHLIGHTED_LEVEL_EVENT
SHORT,WIN,85.000/728.571 : NO_HIGHLIGHTED_LEVEL_EVENT
SHORT,LOSS,85.000/485.714 : NO_HIGHLIGHTED_LEVEL_EVENT
LONG,LOSS,85.000/364.286 : NO_HIGHLIGHTED_LEVEL_EVENT
LONG,WIN,85.000/364.286 : 30M_TOUCH_LEVEL @ 2024-05-29 18:06 : +33.815312 (Relative INC) : CHANGE 0.00% : CURRENT STRENGTH +33.815312
LONG,LOSS,85.000/971.429 : NO_HIGHLIGHTED_LEVEL_EVENT
LONG,LOSS,85.000/364.286 : NO_HIGHLIGHTED_LEVEL_EVENT
LONG,WIN,85.000/364.286 : NO_HIGHLIGHTED_LEVEL_EVENT
LONG,LOSS,85.000/364.286 : NO_HIGHLIGHTED_LEVEL_EVENT
SHORT,LOSS,85.000/728.571 : NO_HIGHLIGHTED_LEVEL_EVENT
SHORT,WIN,85.000/728.571 : 30M_TOUCH_LEVEL @ 2024-06-03 19:44 : +19.882400 (Relative INC) : CHANGE 0.00% : CURRENT STRENGTH +19.882400
LONG,LOSS,85.000/364.286 : NO_HIGHLIGHTED_LEVEL_EVENT
LONG,LOSS,85.000/364.286 : NO_HIGHLIGHTED_LEVEL_EVENT
SHORT,LOSS,85.000/728.571 : NO_HIGHLIGHTED_LEVEL_EVENT
LONG,LOSS,85.000/364.286 : NO_HIGHLIGHTED_LEVEL_EVENT
LONG,LOSS,85.000/364.286 : NO_HIGHLIGHTED_LEVEL_EVENT
LONG,LOSS,85.000/364.286 : 1H_ENTRY_LEVEL @ 2024-06-11 04:45 : -36.422720 (Relative DEC) : CHANGE 0.00% : CURRENT STRENGTH -36.422720
SHORT,WIN,85.000/485.714 : NO_HIGHLIGHTED_LEVEL_EVENT
SHORT,LOSS,85.000/728.571 : NO_HIGHLIGHTED_LEVEL_EVENT
SHORT,LOSS,85.000/728.571 : NO_HIGHLIGHTED_LEVEL_EVENT
LONG,LOSS,85.000/364.286 : NO_HIGHLIGHTED_LEVEL_EVENT
SHORT,LOSS,85.000/485.714 : NO_HIGHLIGHTED_LEVEL_EVENT
LONG,LOSS,85.000/364.286 : NO_HIGHLIGHTED_LEVEL_EVENT
LONG,LOSS,85.000/364.286 : 1H_ENTRY_LEVEL @ 2024-06-12 22:29 : -12.811480 (Relative DEC) : CHANGE 0.00% : CURRENT STRENGTH -12.811480
LONG,LOSS,85.000/364.286 : NO_HIGHLIGHTED_LEVEL_EVENT
SHORT,WIN,85.000/971.429 : NO_HIGHLIGHTED_LEVEL_EVENT
SHORT,LOSS,85.000/971.429 : NO_HIGHLIGHTED_LEVEL_EVENT
SHORT,LOSS,235.000/854.545 : NO_HIGHLIGHTED_LEVEL_EVENT
LONG,LOSS,85.000/364.286 : NO_HIGHLIGHTED_LEVEL_EVENT
SHORT,LOSS,85.000/485.714 : NO_HIGHLIGHTED_LEVEL_EVENT
LONG,LOSS,85.000/364.286 : NO_HIGHLIGHTED_LEVEL_EVENT
LONG,LOSS,85.000/364.286 : NO_HIGHLIGHTED_LEVEL_EVENT
LONG,LOSS,85.000/364.286 : NO_HIGHLIGHTED_LEVEL_EVENT
LONG,LOSS,85.000/364.286 : NO_HIGHLIGHTED_LEVEL_EVENT
LONG,LOSS,85.000/364.286 : NO_HIGHLIGHTED_LEVEL_EVENT
LONG,WIN,85.000/364.286 : NO_HIGHLIGHTED_LEVEL_EVENT
SHORT,LOSS,85.000/485.714 : NO_HIGHLIGHTED_LEVEL_EVENT
LONG,LOSS,85.000/364.286 : NO_HIGHLIGHTED_LEVEL_EVENT
LONG,LOSS,85.000/364.286 : NO_HIGHLIGHTED_LEVEL_EVENT
LONG,LOSS,85.000/364.286 : NO_HIGHLIGHTED_LEVEL_EVENT
LONG,LOSS,85.000/364.286 : NO_HIGHLIGHTED_LEVEL_EVENT
LONG,LOSS,85.000/364.286 : NO_HIGHLIGHTED_LEVEL_EVENT
SHORT,LOSS,85.000/485.714 : NO_HIGHLIGHTED_LEVEL_EVENT
LONG,LOSS,85.000/364.286 : NO_HIGHLIGHTED_LEVEL_EVENT
SHORT,LOSS,85.000/971.429 : NO_HIGHLIGHTED_LEVEL_EVENT
LONG,WIN,285.000/316.667 : 30M_TOUCH_LEVEL @ 2024-06-25 06:58 : +1.052311 (Relative INC) : CHANGE 0.00% : CURRENT STRENGTH +1.052311
LONG,LOSS,85.000/364.286 : NO_HIGHLIGHTED_LEVEL_EVENT
SHORT,LOSS,85.000/728.571 : NO_HIGHLIGHTED_LEVEL_EVENT
SHORT,LOSS,85.000/728.571 : NO_HIGHLIGHTED_LEVEL_EVENT
LONG,LOSS,85.000/364.286 : NO_HIGHLIGHTED_LEVEL_EVENT
LONG,LOSS,85.000/364.286 : NO_HIGHLIGHTED_LEVEL_EVENT
LONG,LOSS,85.000/364.286 : NO_HIGHLIGHTED_LEVEL_EVENT
LONG,LOSS,85.000/364.286 : NO_HIGHLIGHTED_LEVEL_EVENT
LONG,WIN,285.000/316.667 : NO_HIGHLIGHTED_LEVEL_EVENT
LONG,LOSS,285.000/316.667 : NO_HIGHLIGHTED_LEVEL_EVENT
LONG,LOSS,85.000/364.286 : NO_HIGHLIGHTED_LEVEL_EVENT
LONG,LOSS,85.000/364.286 : NO_HIGHLIGHTED_LEVEL_EVENT
LONG,LOSS,85.000/364.286 : NO_HIGHLIGHTED_LEVEL_EVENT
LONG,LOSS,85.000/364.286 : NO_HIGHLIGHTED_LEVEL_EVENT
LONG,LOSS,85.000/971.429 : NO_HIGHLIGHTED_LEVEL_EVENT
LONG,LOSS,85.000/364.286 : NO_HIGHLIGHTED_LEVEL_EVENT
LONG,WIN,85.000/364.286 : NO_HIGHLIGHTED_LEVEL_EVENT
LONG,LOSS,85.000/364.286 : NO_HIGHLIGHTED_LEVEL_EVENT
SHORT,LOSS,85.000/971.429 : NO_HIGHLIGHTED_LEVEL_EVENT
SHORT,LOSS,85.000/485.714 : NO_HIGHLIGHTED_LEVEL_EVENT
SHORT,LOSS,85.000/971.429 : NO_HIGHLIGHTED_LEVEL_EVENT
SHORT,LOSS,85.000/364.286 : NO_HIGHLIGHTED_LEVEL_EVENT
LONG,LOSS,85.000/364.286 : NO_HIGHLIGHTED_LEVEL_EVENT
SHORT,WIN,85.000/485.714 : 30M_TOUCH_LEVEL @ 2024-07-09 20:01 : +79.470800 (Relative INC) : CHANGE 0.00% : CURRENT STRENGTH +79.470800 -> 1H_ENTRY_LEVEL @ 2024-07-09 20:18 : +39.706001 (Relative INC) : CHANGE 49.96% : CURRENT STRENGTH +119.176801
LONG,LOSS,85.000/364.286 : NO_HIGHLIGHTED_LEVEL_EVENT
LONG,LOSS,85.000/364.286 : 1H_ENTRY_LEVEL @ 2024-07-12 04:45 : -36.422720 (Relative DEC) : CHANGE 0.00% : CURRENT STRENGTH -36.422720
LONG,LOSS,85.000/364.286 : NO_HIGHLIGHTED_LEVEL_EVENT
SHORT,LOSS,85.000/728.571 : NO_HIGHLIGHTED_LEVEL_EVENT
SHORT,LOSS,85.000/971.429 : NO_HIGHLIGHTED_LEVEL_EVENT
SHORT,WIN,85.000/364.286 : 1H_ENTRY_LEVEL @ 2024-07-16 09:37 : +94.476935 (Relative INC) : CHANGE 0.00% : CURRENT STRENGTH +94.476935 -> 30M_TOUCH_LEVEL @ 2024-07-16 09:38 : +104.891086 (Relative INC) : CHANGE 111.02% : CURRENT STRENGTH +199.368021
LONG,LOSS,85.000/364.286 : NO_HIGHLIGHTED_LEVEL_EVENT
SHORT,LOSS,85.000/971.429 : NO_HIGHLIGHTED_LEVEL_EVENT
SHORT,LOSS,85.000/728.571 : NO_HIGHLIGHTED_LEVEL_EVENT
LONG,WIN,285.000/316.667 : NO_HIGHLIGHTED_LEVEL_EVENT
LONG,LOSS,85.000/364.286 : NO_HIGHLIGHTED_LEVEL_EVENT
LONG,WIN,85.000/364.286 : 1H_ENTRY_LEVEL @ 2024-07-17 20:32 : +72.909849 (Relative INC) : CHANGE 0.00% : CURRENT STRENGTH +72.909849
LONG,WIN,85.000/364.286 : NO_HIGHLIGHTED_LEVEL_EVENT
SHORT,WIN,85.000/971.429 : 30M_TOUCH_LEVEL @ 2024-07-22 06:15 : +11.369771 (Relative INC) : CHANGE 0.00% : CURRENT STRENGTH +11.369771
LONG,LOSS,85.000/364.286 : NO_HIGHLIGHTED_LEVEL_EVENT
LONG,LOSS,85.000/364.286 : NO_HIGHLIGHTED_LEVEL_EVENT
SHORT,LOSS,85.000/728.571 : NO_HIGHLIGHTED_LEVEL_EVENT
SHORT,LOSS,85.000/728.571 : NO_HIGHLIGHTED_LEVEL_EVENT
LONG,LOSS,285.000/316.667 : 1H_ENTRY_LEVEL @ 2024-07-23 06:45 : -36.422720 (Relative DEC) : CHANGE 0.00% : CURRENT STRENGTH -36.422720
LONG,LOSS,85.000/364.286 : NO_HIGHLIGHTED_LEVEL_EVENT
SHORT,WIN,85.000/485.714 : 30M_TOUCH_LEVEL @ 2024-07-23 21:38 : +104.891086 (Relative INC) : CHANGE 0.00% : CURRENT STRENGTH +104.891086
SHORT,LOSS,85.000/971.429 : NO_HIGHLIGHTED_LEVEL_EVENT
SHORT,LOSS,85.000/485.714 : NO_HIGHLIGHTED_LEVEL_EVENT
LONG,WIN,85.000/364.286 : NO_HIGHLIGHTED_LEVEL_EVENT
SHORT,WIN,235.000/854.545 : NO_HIGHLIGHTED_LEVEL_EVENT
LONG,LOSS,85.000/364.286 : NO_HIGHLIGHTED_LEVEL_EVENT
LONG,LOSS,85.000/971.429 : NO_HIGHLIGHTED_LEVEL_EVENT
SHORT,LOSS,85.000/971.429 : 1H_ENTRY_LEVEL @ 2024-07-29 18:11 : -18.105480 (Relative DEC) : CHANGE 0.00% : CURRENT STRENGTH -18.105480
SHORT,LOSS,85.000/971.429 : NO_HIGHLIGHTED_LEVEL_EVENT
LONG,WIN,85.000/364.286 : 1H_ENTRY_LEVEL @ 2024-07-29 23:02 : +77.254365 (Relative INC) : CHANGE 0.00% : CURRENT STRENGTH +77.254365
LONG,LOSS,85.000/364.286 : NO_HIGHLIGHTED_LEVEL_EVENT
SHORT,LOSS,85.000/485.714 : NO_HIGHLIGHTED_LEVEL_EVENT
LONG,WIN,85.000/364.286 : NO_HIGHLIGHTED_LEVEL_EVENT
SHORT,WIN,85.000/728.571 : 30M_TOUCH_LEVEL @ 2024-07-30 19:06 : +36.848858 (Relative INC) : CHANGE 0.00% : CURRENT STRENGTH +36.848858
SHORT,LOSS,85.000/971.429 : NO_HIGHLIGHTED_LEVEL_EVENT
SHORT,WIN,85.000/485.714 : 30M_TOUCH_LEVEL @ 2024-07-30 22:12 : +25.537886 (Relative INC) : CHANGE 0.00% : CURRENT STRENGTH +25.537886
LONG,LOSS,85.000/364.286 : NO_HIGHLIGHTED_LEVEL_EVENT
LONG,LOSS,85.000/364.286 : NO_HIGHLIGHTED_LEVEL_EVENT
LONG,LOSS,85.000/364.286 : NO_HIGHLIGHTED_LEVEL_EVENT
LONG,LOSS,85.000/971.429 : NO_HIGHLIGHTED_LEVEL_EVENT
LONG,LOSS,85.000/364.286 : NO_HIGHLIGHTED_LEVEL_EVENT
LONG,WIN,85.000/364.286 : NO_HIGHLIGHTED_LEVEL_EVENT
LONG,LOSS,85.000/364.286 : NO_HIGHLIGHTED_LEVEL_EVENT
LONG,WIN,85.000/364.286 : 1H_ENTRY_LEVEL @ 2024-08-05 00:32 : +72.909849 (Relative INC) : CHANGE 0.00% : CURRENT STRENGTH +72.909849
SHORT,WIN,85.000/971.429 : 1H_ENTRY_LEVEL @ 2024-08-05 01:37 : +94.476935 (Relative INC) : CHANGE 0.00% : CURRENT STRENGTH +94.476935
LONG,LOSS,85.000/364.286 : NO_HIGHLIGHTED_LEVEL_EVENT
LONG,LOSS,85.000/364.286 : NO_HIGHLIGHTED_LEVEL_EVENT
SHORT,LOSS,85.000/971.429 : NO_HIGHLIGHTED_LEVEL_EVENT
SHORT,LOSS,85.000/485.714 : NO_HIGHLIGHTED_LEVEL_EVENT
SHORT,LOSS,85.000/971.429 : NO_HIGHLIGHTED_LEVEL_EVENT
LONG,LOSS,85.000/364.286 : NO_HIGHLIGHTED_LEVEL_EVENT
LONG,LOSS,85.000/364.286 : NO_HIGHLIGHTED_LEVEL_EVENT
LONG,LOSS,85.000/364.286 : NO_HIGHLIGHTED_LEVEL_EVENT
LONG,LOSS,85.000/364.286 : NO_HIGHLIGHTED_LEVEL_EVENT
LONG,LOSS,85.000/364.286 : NO_HIGHLIGHTED_LEVEL_EVENT
LONG,LOSS,85.000/364.286 : NO_HIGHLIGHTED_LEVEL_EVENT
SHORT,LOSS,85.000/971.429 : NO_HIGHLIGHTED_LEVEL_EVENT
SHORT,LOSS,85.000/971.429 : NO_HIGHLIGHTED_LEVEL_EVENT
SHORT,LOSS,85.000/971.429 : NO_HIGHLIGHTED_LEVEL_EVENT
LONG,LOSS,85.000/364.286 : NO_HIGHLIGHTED_LEVEL_EVENT
LONG,WIN,85.000/364.286 : NO_HIGHLIGHTED_LEVEL_EVENT
LONG,LOSS,85.000/364.286 : NO_HIGHLIGHTED_LEVEL_EVENT
LONG,LOSS,85.000/364.286 : NO_HIGHLIGHTED_LEVEL_EVENT
LONG,LOSS,85.000/364.286 : NO_HIGHLIGHTED_LEVEL_EVENT
LONG,LOSS,85.000/364.286 : NO_HIGHLIGHTED_LEVEL_EVENT
LONG,LOSS,85.000/364.286 : NO_HIGHLIGHTED_LEVEL_EVENT
SHORT,LOSS,85.000/728.571 : NO_HIGHLIGHTED_LEVEL_EVENT
SHORT,WIN,85.000/485.714 : 30M_TOUCH_LEVEL @ 2024-08-11 20:06 : +36.848858 (Relative INC) : CHANGE 0.00% : CURRENT STRENGTH +36.848858
LONG,LOSS,85.000/364.286 : NO_HIGHLIGHTED_LEVEL_EVENT
SHORT,WIN,85.000/728.571 : 1H_ENTRY_LEVEL @ 2024-08-12 05:34 : +91.560993 (Relative INC) : CHANGE 0.00% : CURRENT STRENGTH +91.560993 -> 30M_TOUCH_LEVEL @ 2024-08-12 05:48 : +25.537886 (Relative INC) : CHANGE 27.89% : CURRENT STRENGTH +117.098879
LONG,LOSS,85.000/364.286 : NO_HIGHLIGHTED_LEVEL_EVENT
LONG,LOSS,85.000/364.286 : NO_HIGHLIGHTED_LEVEL_EVENT
LONG,LOSS,85.000/364.286 : NO_HIGHLIGHTED_LEVEL_EVENT
SHORT,LOSS,85.000/485.714 : NO_HIGHLIGHTED_LEVEL_EVENT
SHORT,LOSS,85.000/971.429 : NO_HIGHLIGHTED_LEVEL_EVENT
LONG,LOSS,85.000/364.286 : NO_HIGHLIGHTED_LEVEL_EVENT
LONG,LOSS,85.000/364.286 : NO_HIGHLIGHTED_LEVEL_EVENT
LONG,LOSS,85.000/364.286 : NO_HIGHLIGHTED_LEVEL_EVENT
LONG,LOSS,85.000/364.286 : NO_HIGHLIGHTED_LEVEL_EVENT
LONG,LOSS,85.000/364.286 : NO_HIGHLIGHTED_LEVEL_EVENT
LONG,LOSS,85.000/971.429 : NO_HIGHLIGHTED_LEVEL_EVENT
SHORT,LOSS,85.000/971.429 : NO_HIGHLIGHTED_LEVEL_EVENT
LONG,LOSS,85.000/364.286 : 1H_ENTRY_LEVEL @ 2024-08-19 04:45 : -36.422720 (Relative DEC) : CHANGE 0.00% : CURRENT STRENGTH -36.422720
SHORT,LOSS,85.000/971.429 : NO_HIGHLIGHTED_LEVEL_EVENT
SHORT,LOSS,85.000/728.571 : NO_HIGHLIGHTED_LEVEL_EVENT
LONG,WIN,85.000/364.286 : NO_HIGHLIGHTED_LEVEL_EVENT
LONG,LOSS,85.000/364.286 : NO_HIGHLIGHTED_LEVEL_EVENT
SHORT,LOSS,85.000/971.429 : NO_HIGHLIGHTED_LEVEL_EVENT
LONG,WIN,85.000/364.286 : 1H_ENTRY_LEVEL @ 2024-08-21 19:02 : +77.254365 (Relative INC) : CHANGE 0.00% : CURRENT STRENGTH +77.254365
LONG,WIN,85.000/364.286 : 1H_ENTRY_LEVEL @ 2024-08-23 21:32 : +72.909849 (Relative INC) : CHANGE 0.00% : CURRENT STRENGTH +72.909849
SHORT,LOSS,235.000/854.545 : 1H_ENTRY_LEVEL @ 2024-08-25 00:11 : -18.105480 (Relative DEC) : CHANGE 0.00% : CURRENT STRENGTH -18.105480
SHORT,LOSS,85.000/728.571 : NO_HIGHLIGHTED_LEVEL_EVENT
LONG,LOSS,85.000/364.286 : 1H_ENTRY_LEVEL @ 2024-08-26 07:51 : -29.964040 (Relative DEC) : CHANGE 0.00% : CURRENT STRENGTH -29.964040
SHORT,WIN,85.000/728.571 : 30M_TOUCH_LEVEL @ 2024-08-26 19:33 : +139.779622 (Relative INC) : CHANGE 0.00% : CURRENT STRENGTH +139.779622 -> 1H_ENTRY_LEVEL @ 2024-08-26 19:38 : +85.067486 (Relative INC) : CHANGE 60.86% : CURRENT STRENGTH +224.847108
SHORT,LOSS,85.000/485.714 : NO_HIGHLIGHTED_LEVEL_EVENT
LONG,LOSS,85.000/364.286 : NO_HIGHLIGHTED_LEVEL_EVENT
SHORT,LOSS,85.000/485.714 : NO_HIGHLIGHTED_LEVEL_EVENT
SHORT,LOSS,85.000/728.571 : NO_HIGHLIGHTED_LEVEL_EVENT
LONG,LOSS,85.000/364.286 : NO_HIGHLIGHTED_LEVEL_EVENT
LONG,LOSS,85.000/364.286 : NO_HIGHLIGHTED_LEVEL_EVENT
LONG,WIN,85.000/364.286 : NO_HIGHLIGHTED_LEVEL_EVENT
SHORT,LOSS,85.000/971.429 : NO_HIGHLIGHTED_LEVEL_EVENT
SHORT,WIN,85.000/971.429 : 30M_TOUCH_LEVEL @ 2024-09-04 06:01 : +79.470800 (Relative INC) : CHANGE 0.00% : CURRENT STRENGTH +79.470800
LONG,LOSS,85.000/364.286 : NO_HIGHLIGHTED_LEVEL_EVENT
SHORT,LOSS,85.000/728.571 : NO_HIGHLIGHTED_LEVEL_EVENT
LONG,WIN,85.000/364.286 : NO_HIGHLIGHTED_LEVEL_EVENT
LONG,LOSS,85.000/364.286 : NO_HIGHLIGHTED_LEVEL_EVENT
LONG,LOSS,85.000/364.286 : NO_HIGHLIGHTED_LEVEL_EVENT
SHORT,LOSS,85.000/728.571 : NO_HIGHLIGHTED_LEVEL_EVENT
SHORT,LOSS,85.000/971.429 : NO_HIGHLIGHTED_LEVEL_EVENT
LONG,WIN,85.000/364.286 : NO_HIGHLIGHTED_LEVEL_EVENT
LONG,LOSS,85.000/364.286 : NO_HIGHLIGHTED_LEVEL_EVENT
LONG,LOSS,85.000/364.286 : NO_HIGHLIGHTED_LEVEL_EVENT
SHORT,WIN,85.000/971.429 : NO_HIGHLIGHTED_LEVEL_EVENT
SHORT,LOSS,85.000/971.429 : NO_HIGHLIGHTED_LEVEL_EVENT
LONG,LOSS,85.000/364.286 : NO_HIGHLIGHTED_LEVEL_EVENT
LONG,LOSS,85.000/364.286 : NO_HIGHLIGHTED_LEVEL_EVENT
LONG,LOSS,285.000/316.667 : NO_HIGHLIGHTED_LEVEL_EVENT
LONG,LOSS,85.000/364.286 : NO_HIGHLIGHTED_LEVEL_EVENT
LONG,LOSS,85.000/364.286 : NO_HIGHLIGHTED_LEVEL_EVENT
SHORT,LOSS,85.000/485.714 : NO_HIGHLIGHTED_LEVEL_EVENT
SHORT,LOSS,85.000/971.429 : NO_HIGHLIGHTED_LEVEL_EVENT
LONG,WIN,85.000/364.286 : NO_HIGHLIGHTED_LEVEL_EVENT
LONG,WIN,85.000/364.286 : 30M_TOUCH_LEVEL @ 2024-09-18 23:30 : +107.777472 (Relative INC) : CHANGE 0.00% : CURRENT STRENGTH +107.777472
SHORT,LOSS,85.000/728.571 : NO_HIGHLIGHTED_LEVEL_EVENT
LONG,LOSS,85.000/364.286 : NO_HIGHLIGHTED_LEVEL_EVENT
LONG,WIN,85.000/364.286 : NO_HIGHLIGHTED_LEVEL_EVENT
SHORT,LOSS,85.000/485.714 : NO_HIGHLIGHTED_LEVEL_EVENT
SHORT,WIN,85.000/485.714 : 1H_ENTRY_LEVEL @ 2024-09-23 21:34 : +91.560993 (Relative INC) : CHANGE 0.00% : CURRENT STRENGTH +91.560993
SHORT,LOSS,85.000/728.571 : NO_HIGHLIGHTED_LEVEL_EVENT
LONG,LOSS,85.000/364.286 : NO_HIGHLIGHTED_LEVEL_EVENT
LONG,LOSS,85.000/364.286 : NO_HIGHLIGHTED_LEVEL_EVENT
LONG,WIN,85.000/364.286 : 1H_ENTRY_LEVEL @ 2024-09-30 08:38 : +78.189074 (Relative INC) : CHANGE 0.00% : CURRENT STRENGTH +78.189074
SHORT,WIN,85.000/971.429 : 30M_TOUCH_LEVEL @ 2024-09-30 18:33 : +139.779622 (Relative INC) : CHANGE 0.00% : CURRENT STRENGTH +139.779622
LONG,WIN,85.000/364.286 : NO_HIGHLIGHTED_LEVEL_EVENT
LONG,LOSS,85.000/364.286 : NO_HIGHLIGHTED_LEVEL_EVENT
LONG,LOSS,85.000/364.286 : NO_HIGHLIGHTED_LEVEL_EVENT
SHORT,LOSS,85.000/485.714 : NO_HIGHLIGHTED_LEVEL_EVENT
LONG,LOSS,85.000/364.286 : NO_HIGHLIGHTED_LEVEL_EVENT
SHORT,LOSS,85.000/485.714 : NO_HIGHLIGHTED_LEVEL_EVENT
SHORT,LOSS,85.000/485.714 : NO_HIGHLIGHTED_LEVEL_EVENT
LONG,WIN,85.000/364.286 : NO_HIGHLIGHTED_LEVEL_EVENT
LONG,LOSS,85.000/364.286 : NO_HIGHLIGHTED_LEVEL_EVENT
LONG,WIN,85.000/364.286 : NO_HIGHLIGHTED_LEVEL_EVENT
LONG,LOSS,85.000/364.286 : NO_HIGHLIGHTED_LEVEL_EVENT
LONG,LOSS,85.000/364.286 : NO_HIGHLIGHTED_LEVEL_EVENT
SHORT,LOSS,85.000/971.429 : NO_HIGHLIGHTED_LEVEL_EVENT
LONG,LOSS,85.000/364.286 : NO_HIGHLIGHTED_LEVEL_EVENT
SHORT,LOSS,85.000/728.571 : NO_HIGHLIGHTED_LEVEL_EVENT
LONG,WIN,85.000/364.286 : 1H_ENTRY_LEVEL @ 2024-10-21 22:25 : +29.588398 (Relative INC) : CHANGE 0.00% : CURRENT STRENGTH +29.588398
LONG,WIN,285.000/316.667 : 30M_TOUCH_LEVEL @ 2024-10-22 06:16 : +19.823599 (Relative INC) : CHANGE 0.00% : CURRENT STRENGTH +19.823599
LONG,LOSS,85.000/364.286 : NO_HIGHLIGHTED_LEVEL_EVENT
LONG,LOSS,85.000/364.286 : NO_HIGHLIGHTED_LEVEL_EVENT
LONG,WIN,85.000/364.286 : NO_HIGHLIGHTED_LEVEL_EVENT
LONG,WIN,85.000/364.286 : NO_HIGHLIGHTED_LEVEL_EVENT
LONG,WIN,85.000/364.286 : NO_HIGHLIGHTED_LEVEL_EVENT
LONG,WIN,85.000/364.286 : NO_HIGHLIGHTED_LEVEL_EVENT
LONG,LOSS,85.000/364.286 : NO_HIGHLIGHTED_LEVEL_EVENT
LONG,LOSS,85.000/364.286 : NO_HIGHLIGHTED_LEVEL_EVENT
SHORT,LOSS,85.000/971.429 : NO_HIGHLIGHTED_LEVEL_EVENT
LONG,LOSS,85.000/364.286 : NO_HIGHLIGHTED_LEVEL_EVENT
SHORT,LOSS,85.000/971.429 : NO_HIGHLIGHTED_LEVEL_EVENT
LONG,LOSS,85.000/971.429 : NO_HIGHLIGHTED_LEVEL_EVENT
SHORT,LOSS,85.000/485.714 : NO_HIGHLIGHTED_LEVEL_EVENT
LONG,WIN,85.000/364.286 : 30M_TOUCH_LEVEL @ 2024-10-29 23:16 : +19.823599 (Relative INC) : CHANGE 0.00% : CURRENT STRENGTH +19.823599
LONG,LOSS,85.000/364.286 : 1H_ENTRY_LEVEL @ 2024-10-30 00:51 : -29.964040 (Relative DEC) : CHANGE 0.00% : CURRENT STRENGTH -29.964040
LONG,WIN,85.000/364.286 : NO_HIGHLIGHTED_LEVEL_EVENT
LONG,LOSS,85.000/364.286 : NO_HIGHLIGHTED_LEVEL_EVENT
LONG,LOSS,85.000/971.429 : NO_HIGHLIGHTED_LEVEL_EVENT
LONG,LOSS,85.000/364.286 : NO_HIGHLIGHTED_LEVEL_EVENT
SHORT,LOSS,85.000/485.714 : NO_HIGHLIGHTED_LEVEL_EVENT
SHORT,LOSS,85.000/971.429 : NO_HIGHLIGHTED_LEVEL_EVENT
LONG,LOSS,85.000/364.286 : NO_HIGHLIGHTED_LEVEL_EVENT
SHORT,LOSS,85.000/971.429 : NO_HIGHLIGHTED_LEVEL_EVENT
SHORT,WIN,85.000/971.429 : 30M_TOUCH_LEVEL @ 2024-11-04 08:31 : +143.947736 (Relative INC) : CHANGE 0.00% : CURRENT STRENGTH +143.947736
LONG,LOSS,85.000/364.286 : NO_HIGHLIGHTED_LEVEL_EVENT
LONG,LOSS,85.000/364.286 : NO_HIGHLIGHTED_LEVEL_EVENT
LONG,LOSS,85.000/364.286 : NO_HIGHLIGHTED_LEVEL_EVENT
LONG,LOSS,85.000/364.286 : NO_HIGHLIGHTED_LEVEL_EVENT
LONG,LOSS,85.000/364.286 : NO_HIGHLIGHTED_LEVEL_EVENT
SHORT,LOSS,85.000/485.714 : NO_HIGHLIGHTED_LEVEL_EVENT
LONG,WIN,85.000/364.286 : NO_HIGHLIGHTED_LEVEL_EVENT
LONG,LOSS,85.000/364.286 : NO_HIGHLIGHTED_LEVEL_EVENT
SHORT,LOSS,85.000/728.571 : NO_HIGHLIGHTED_LEVEL_EVENT
LONG,WIN,85.000/364.286 : NO_HIGHLIGHTED_LEVEL_EVENT
SHORT,LOSS,85.000/971.429 : NO_HIGHLIGHTED_LEVEL_EVENT
LONG,WIN,85.000/364.286 : NO_HIGHLIGHTED_LEVEL_EVENT
LONG,LOSS,85.000/364.286 : 1H_ENTRY_LEVEL @ 2024-11-08 02:45 : -36.422720 (Relative DEC) : CHANGE 0.00% : CURRENT STRENGTH -36.422720
LONG,LOSS,85.000/364.286 : NO_HIGHLIGHTED_LEVEL_EVENT
LONG,LOSS,85.000/364.286 : NO_HIGHLIGHTED_LEVEL_EVENT
SHORT,LOSS,85.000/485.714 : NO_HIGHLIGHTED_LEVEL_EVENT
SHORT,LOSS,85.000/971.429 : NO_HIGHLIGHTED_LEVEL_EVENT
SHORT,LOSS,85.000/485.714 : NO_HIGHLIGHTED_LEVEL_EVENT
LONG,WIN,85.000/364.286 : NO_HIGHLIGHTED_LEVEL_EVENT
LONG,WIN,85.000/364.286 : NO_HIGHLIGHTED_LEVEL_EVENT
LONG,WIN,285.000/316.667 : 30M_TOUCH_LEVEL @ 2024-11-12 06:30 : +107.777472 (Relative INC) : CHANGE 0.00% : CURRENT STRENGTH +107.777472
SHORT,LOSS,85.000/485.714 : NO_HIGHLIGHTED_LEVEL_EVENT
LONG,WIN,85.000/364.286 : NO_HIGHLIGHTED_LEVEL_EVENT
SHORT,LOSS,85.000/728.571 : NO_HIGHLIGHTED_LEVEL_EVENT
LONG,LOSS,85.000/364.286 : NO_HIGHLIGHTED_LEVEL_EVENT
LONG,LOSS,85.000/364.286 : NO_HIGHLIGHTED_LEVEL_EVENT
SHORT,LOSS,85.000/971.429 : NO_HIGHLIGHTED_LEVEL_EVENT
LONG,LOSS,85.000/364.286 : NO_HIGHLIGHTED_LEVEL_EVENT
LONG,LOSS,85.000/971.429 : NO_HIGHLIGHTED_LEVEL_EVENT
SHORT,WIN,85.000/364.286 : NO_HIGHLIGHTED_LEVEL_EVENT
SHORT,WIN,85.000/728.571 : NO_HIGHLIGHTED_LEVEL_EVENT
LONG,WIN,85.000/364.286 : NO_HIGHLIGHTED_LEVEL_EVENT
SHORT,LOSS,85.000/971.429 : NO_HIGHLIGHTED_LEVEL_EVENT
SHORT,LOSS,85.000/971.429 : NO_HIGHLIGHTED_LEVEL_EVENT
LONG,LOSS,85.000/364.286 : NO_HIGHLIGHTED_LEVEL_EVENT
SHORT,LOSS,85.000/728.571 : NO_HIGHLIGHTED_LEVEL_EVENT
LONG,LOSS,285.000/316.667 : NO_HIGHLIGHTED_LEVEL_EVENT
LONG,LOSS,85.000/364.286 : NO_HIGHLIGHTED_LEVEL_EVENT
SHORT,WIN,85.000/971.429 : 1H_ENTRY_LEVEL @ 2024-11-18 01:34 : +91.560993 (Relative INC) : CHANGE 0.00% : CURRENT STRENGTH +91.560993 -> 30M_TOUCH_LEVEL @ 2024-11-18 01:38 : +104.891086 (Relative INC) : CHANGE 114.56% : CURRENT STRENGTH +196.452079
LONG,LOSS,85.000/364.286 : NO_HIGHLIGHTED_LEVEL_EVENT
LONG,LOSS,85.000/364.286 : NO_HIGHLIGHTED_LEVEL_EVENT
LONG,LOSS,85.000/364.286 : NO_HIGHLIGHTED_LEVEL_EVENT
LONG,LOSS,85.000/364.286 : NO_HIGHLIGHTED_LEVEL_EVENT
LONG,LOSS,85.000/364.286 : NO_HIGHLIGHTED_LEVEL_EVENT
SHORT,WIN,85.000/728.571 : 1H_ENTRY_LEVEL @ 2024-11-19 03:13 : +22.680744 (Relative INC) : CHANGE 0.00% : CURRENT STRENGTH +22.680744
SHORT,LOSS,85.000/728.571 : NO_HIGHLIGHTED_LEVEL_EVENT
LONG,LOSS,285.000/316.667 : 1H_ENTRY_LEVEL @ 2024-11-19 06:43 : -25.411200 (Relative DEC) : CHANGE 0.00% : CURRENT STRENGTH -25.411200
SHORT,LOSS,85.000/485.714 : NO_HIGHLIGHTED_LEVEL_EVENT
LONG,LOSS,85.000/364.286 : NO_HIGHLIGHTED_LEVEL_EVENT
SHORT,WIN,85.000/971.429 : NO_HIGHLIGHTED_LEVEL_EVENT
LONG,LOSS,85.000/364.286 : NO_HIGHLIGHTED_LEVEL_EVENT
LONG,LOSS,85.000/364.286 : NO_HIGHLIGHTED_LEVEL_EVENT
LONG,LOSS,85.000/364.286 : NO_HIGHLIGHTED_LEVEL_EVENT
SHORT,LOSS,85.000/971.429 : NO_HIGHLIGHTED_LEVEL_EVENT
LONG,LOSS,85.000/364.286 : NO_HIGHLIGHTED_LEVEL_EVENT
SHORT,LOSS,85.000/971.429 : NO_HIGHLIGHTED_LEVEL_EVENT
LONG,WIN,85.000/364.286 : NO_HIGHLIGHTED_LEVEL_EVENT
SHORT,LOSS,85.000/971.429 : NO_HIGHLIGHTED_LEVEL_EVENT
SHORT,WIN,85.000/485.714 : NO_HIGHLIGHTED_LEVEL_EVENT
SHORT,LOSS,85.000/728.571 : NO_HIGHLIGHTED_LEVEL_EVENT
LONG,WIN,85.000/364.286 : 1H_ENTRY_LEVEL @ 2024-11-22 12:02 : +77.254365 (Relative INC) : CHANGE 0.00% : CURRENT STRENGTH +77.254365
LONG,LOSS,85.000/364.286 : NO_HIGHLIGHTED_LEVEL_EVENT
LONG,LOSS,85.000/364.286 : NO_HIGHLIGHTED_LEVEL_EVENT
LONG,LOSS,85.000/364.286 : NO_HIGHLIGHTED_LEVEL_EVENT
LONG,LOSS,85.000/364.286 : NO_HIGHLIGHTED_LEVEL_EVENT
LONG,LOSS,85.000/364.286 : NO_HIGHLIGHTED_LEVEL_EVENT
LONG,LOSS,85.000/971.429 : NO_HIGHLIGHTED_LEVEL_EVENT
LONG,LOSS,85.000/364.286 : NO_HIGHLIGHTED_LEVEL_EVENT
LONG,LOSS,285.000/316.667 : NO_HIGHLIGHTED_LEVEL_EVENT
LONG,LOSS,85.000/364.286 : NO_HIGHLIGHTED_LEVEL_EVENT
LONG,LOSS,85.000/364.286 : NO_HIGHLIGHTED_LEVEL_EVENT
SHORT,LOSS,85.000/971.429 : NO_HIGHLIGHTED_LEVEL_EVENT
LONG,LOSS,85.000/364.286 : NO_HIGHLIGHTED_LEVEL_EVENT
SHORT,WIN,85.000/728.571 : 30M_TOUCH_LEVEL @ 2024-11-26 16:38 : +104.891086 (Relative INC) : CHANGE 0.00% : CURRENT STRENGTH +104.891086
LONG,LOSS,85.000/364.286 : NO_HIGHLIGHTED_LEVEL_EVENT
SHORT,LOSS,85.000/728.571 : NO_HIGHLIGHTED_LEVEL_EVENT
LONG,LOSS,85.000/364.286 : NO_HIGHLIGHTED_LEVEL_EVENT
SHORT,WIN,85.000/971.429 : 30M_TOUCH_LEVEL @ 2024-11-27 00:31 : +143.947736 (Relative INC) : CHANGE 0.00% : CURRENT STRENGTH +143.947736
SHORT,LOSS,85.000/728.571 : NO_HIGHLIGHTED_LEVEL_EVENT
LONG,WIN,85.000/728.571 : NO_HIGHLIGHTED_LEVEL_EVENT
LONG,LOSS,85.000/364.286 : NO_HIGHLIGHTED_LEVEL_EVENT
SHORT,LOSS,85.000/728.571 : NO_HIGHLIGHTED_LEVEL_EVENT
LONG,LOSS,85.000/364.286 : NO_HIGHLIGHTED_LEVEL_EVENT
SHORT,LOSS,85.000/485.714 : NO_HIGHLIGHTED_LEVEL_EVENT
LONG,LOSS,85.000/364.286 : NO_HIGHLIGHTED_LEVEL_EVENT
LONG,LOSS,85.000/364.286 : NO_HIGHLIGHTED_LEVEL_EVENT
LONG,LOSS,85.000/364.286 : NO_HIGHLIGHTED_LEVEL_EVENT
LONG,WIN,85.000/364.286 : 1H_ENTRY_LEVEL @ 2024-12-03 07:32 : +72.909849 (Relative INC) : CHANGE 0.00% : CURRENT STRENGTH +72.909849
SHORT,WIN,85.000/485.714 : 30M_TOUCH_LEVEL @ 2024-12-03 13:38 : +104.891086 (Relative INC) : CHANGE 0.00% : CURRENT STRENGTH +104.891086
SHORT,LOSS,85.000/485.714 : NO_HIGHLIGHTED_LEVEL_EVENT
SHORT,LOSS,85.000/485.714 : NO_HIGHLIGHTED_LEVEL_EVENT
LONG,LOSS,85.000/364.286 : NO_HIGHLIGHTED_LEVEL_EVENT
SHORT,LOSS,85.000/971.429 : NO_HIGHLIGHTED_LEVEL_EVENT
LONG,LOSS,85.000/364.286 : NO_HIGHLIGHTED_LEVEL_EVENT
SHORT,LOSS,85.000/971.429 : NO_HIGHLIGHTED_LEVEL_EVENT
LONG,WIN,285.000/316.667 : NO_HIGHLIGHTED_LEVEL_EVENT
LONG,WIN,85.000/364.286 : NO_HIGHLIGHTED_LEVEL_EVENT
LONG,WIN,85.000/364.286 : NO_HIGHLIGHTED_LEVEL_EVENT
LONG,LOSS,85.000/364.286 : NO_HIGHLIGHTED_LEVEL_EVENT
LONG,LOSS,85.000/364.286 : NO_HIGHLIGHTED_LEVEL_EVENT
LONG,WIN,85.000/364.286 : NO_HIGHLIGHTED_LEVEL_EVENT
LONG,WIN,85.000/364.286 : 30M_TOUCH_LEVEL @ 2024-12-08 17:50 : +26.413795 (Relative INC) : CHANGE 0.00% : CURRENT STRENGTH +26.413795
LONG,LOSS,85.000/364.286 : NO_HIGHLIGHTED_LEVEL_EVENT
SHORT,WIN,85.000/971.429 : 30M_TOUCH_LEVEL @ 2024-12-09 07:01 : +79.470800 (Relative INC) : CHANGE 0.00% : CURRENT STRENGTH +79.470800
LONG,LOSS,85.000/364.286 : NO_HIGHLIGHTED_LEVEL_EVENT
SHORT,LOSS,85.000/485.714 : NO_HIGHLIGHTED_LEVEL_EVENT
SHORT,LOSS,85.000/971.429 : NO_HIGHLIGHTED_LEVEL_EVENT
LONG,LOSS,85.000/364.286 : NO_HIGHLIGHTED_LEVEL_EVENT
SHORT,LOSS,85.000/728.571 : NO_HIGHLIGHTED_LEVEL_EVENT
LONG,LOSS,85.000/364.286 : NO_HIGHLIGHTED_LEVEL_EVENT
SHORT,LOSS,85.000/728.571 : NO_HIGHLIGHTED_LEVEL_EVENT
LONG,WIN,85.000/971.429 : NO_HIGHLIGHTED_LEVEL_EVENT
SHORT,LOSS,85.000/728.571 : NO_HIGHLIGHTED_LEVEL_EVENT
LONG,WIN,85.000/364.286 : 30M_TOUCH_LEVEL @ 2024-12-13 19:06 : +33.815312 (Relative INC) : CHANGE 0.00% : CURRENT STRENGTH +33.815312 -> 1H_ENTRY_LEVEL @ 2024-12-13 19:14 : +41.075771 (Relative INC) : CHANGE 121.47% : CURRENT STRENGTH +74.891083
SHORT,LOSS,85.000/728.571 : NO_HIGHLIGHTED_LEVEL_EVENT
SHORT,WIN,85.000/485.714 : 30M_TOUCH_LEVEL @ 2024-12-16 06:50 : +39.764799 (Relative INC) : CHANGE 0.00% : CURRENT STRENGTH +39.764799
LONG,LOSS,85.000/364.286 : NO_HIGHLIGHTED_LEVEL_EVENT
SHORT,LOSS,85.000/971.429 : NO_HIGHLIGHTED_LEVEL_EVENT
SHORT,WIN,85.000/728.571 : 30M_TOUCH_LEVEL @ 2024-12-16 12:45 : +90.840573 (Relative INC) : CHANGE 0.00% : CURRENT STRENGTH +90.840573
SHORT,WIN,85.000/728.571 : 1H_ENTRY_LEVEL @ 2024-12-16 16:36 : +72.269143 (Relative INC) : CHANGE 0.00% : CURRENT STRENGTH +72.269143 -> 30M_TOUCH_LEVEL @ 2024-12-16 16:38 : +104.891086 (Relative INC) : CHANGE 145.14% : CURRENT STRENGTH +177.160229
SHORT,WIN,235.000/854.545 : 1H_ENTRY_LEVEL @ 2024-12-17 00:24 : +28.395028 (Relative INC) : CHANGE 0.00% : CURRENT STRENGTH +28.395028
LONG,LOSS,85.000/364.286 : NO_HIGHLIGHTED_LEVEL_EVENT
LONG,WIN,85.000/728.571 : 1H_ENTRY_LEVEL @ 2024-12-17 05:12 : +66.483684 (Relative INC) : CHANGE 0.00% : CURRENT STRENGTH +66.483684
SHORT,LOSS,85.000/971.429 : NO_HIGHLIGHTED_LEVEL_EVENT
SHORT,LOSS,85.000/728.571 : 1H_ENTRY_LEVEL @ 2024-12-17 19:27 : -7.411600 (Relative DEC) : CHANGE 0.00% : CURRENT STRENGTH -7.411600
SHORT,LOSS,85.000/485.714 : NO_HIGHLIGHTED_LEVEL_EVENT
LONG,LOSS,85.000/364.286 : NO_HIGHLIGHTED_LEVEL_EVENT
SHORT,WIN,85.000/728.571 : NO_HIGHLIGHTED_LEVEL_EVENT
SHORT,LOSS,85.000/971.429 : NO_HIGHLIGHTED_LEVEL_EVENT
SHORT,LOSS,85.000/971.429 : NO_HIGHLIGHTED_LEVEL_EVENT
LONG,LOSS,85.000/364.286 : NO_HIGHLIGHTED_LEVEL_EVENT
LONG,LOSS,85.000/364.286 : NO_HIGHLIGHTED_LEVEL_EVENT
SHORT,LOSS,85.000/728.571 : NO_HIGHLIGHTED_LEVEL_EVENT
SHORT,WIN,85.000/971.429 : 30M_TOUCH_LEVEL @ 2024-12-18 07:06 : +36.848858 (Relative INC) : CHANGE 0.00% : CURRENT STRENGTH +36.848858 -> 1H_ENTRY_LEVEL @ 2024-12-18 07:09 : +41.264441 (Relative INC) : CHANGE 111.98% : CURRENT STRENGTH +78.113299
LONG,LOSS,85.000/364.286 : NO_HIGHLIGHTED_LEVEL_EVENT
SHORT,WIN,85.000/971.429 : 30M_TOUCH_LEVEL @ 2024-12-18 18:45 : +90.840573 (Relative INC) : CHANGE 0.00% : CURRENT STRENGTH +90.840573
SHORT,LOSS,85.000/971.429 : NO_HIGHLIGHTED_LEVEL_EVENT
LONG,LOSS,85.000/364.286 : NO_HIGHLIGHTED_LEVEL_EVENT
LONG,LOSS,85.000/364.286 : NO_HIGHLIGHTED_LEVEL_EVENT
LONG,LOSS,85.000/364.286 : NO_HIGHLIGHTED_LEVEL_EVENT
SHORT,WIN,85.000/971.429 : 30M_TOUCH_LEVEL @ 2024-12-22 06:08 : +11.369771 (Relative INC) : CHANGE 0.00% : CURRENT STRENGTH +11.369771 -> 1H_ENTRY_LEVEL @ 2024-12-22 06:10 : +34.050514 (Relative INC) : CHANGE 299.48% : CURRENT STRENGTH +45.420285
SHORT,LOSS,85.000/728.571 : NO_HIGHLIGHTED_LEVEL_EVENT
SHORT,WIN,85.000/728.571 : NO_HIGHLIGHTED_LEVEL_EVENT
SHORT,WIN,85.000/971.429 : 30M_TOUCH_LEVEL @ 2024-12-22 18:01 : +79.470800 (Relative INC) : CHANGE 0.00% : CURRENT STRENGTH +79.470800
SHORT,LOSS,85.000/728.571 : NO_HIGHLIGHTED_LEVEL_EVENT
LONG,LOSS,85.000/364.286 : NO_HIGHLIGHTED_LEVEL_EVENT
SHORT,WIN,85.000/728.571 : NO_HIGHLIGHTED_LEVEL_EVENT
SHORT,LOSS,85.000/485.714 : NO_HIGHLIGHTED_LEVEL_EVENT
LONG,WIN,85.000/364.286 : NO_HIGHLIGHTED_LEVEL_EVENT
SHORT,LOSS,85.000/728.571 : NO_HIGHLIGHTED_LEVEL_EVENT
SHORT,LOSS,85.000/485.714 : NO_HIGHLIGHTED_LEVEL_EVENT
SHORT,LOSS,85.000/485.714 : NO_HIGHLIGHTED_LEVEL_EVENT
LONG,LOSS,85.000/364.286 : NO_HIGHLIGHTED_LEVEL_EVENT
LONG,LOSS,285.000/316.667 : NO_HIGHLIGHTED_LEVEL_EVENT
SHORT,LOSS,85.000/485.714 : NO_HIGHLIGHTED_LEVEL_EVENT
SHORT,WIN,85.000/971.429 : 30M_TOUCH_LEVEL @ 2024-12-25 06:16 : +22.739542 (Relative INC) : CHANGE 0.00% : CURRENT STRENGTH +22.739542
SHORT,LOSS,85.000/971.429 : NO_HIGHLIGHTED_LEVEL_EVENT
SHORT,LOSS,85.000/971.429 : NO_HIGHLIGHTED_LEVEL_EVENT
LONG,LOSS,85.000/364.286 : NO_HIGHLIGHTED_LEVEL_EVENT
LONG,LOSS,85.000/364.286 : NO_HIGHLIGHTED_LEVEL_EVENT
LONG,LOSS,85.000/364.286 : NO_HIGHLIGHTED_LEVEL_EVENT
LONG,LOSS,85.000/728.571 : NO_HIGHLIGHTED_LEVEL_EVENT
LONG,LOSS,85.000/364.286 : NO_HIGHLIGHTED_LEVEL_EVENT
LONG,LOSS,85.000/364.286 : NO_HIGHLIGHTED_LEVEL_EVENT
SHORT,WIN,85.000/728.571 : 30M_TOUCH_LEVEL @ 2024-12-29 19:33 : +139.779622 (Relative INC) : CHANGE 0.00% : CURRENT STRENGTH +139.779622
SHORT,LOSS,85.000/728.571 : NO_HIGHLIGHTED_LEVEL_EVENT
SHORT,LOSS,85.000/485.714 : NO_HIGHLIGHTED_LEVEL_EVENT
SHORT,LOSS,85.000/971.429 : NO_HIGHLIGHTED_LEVEL_EVENT
LONG,LOSS,85.000/364.286 : NO_HIGHLIGHTED_LEVEL_EVENT
LONG,LOSS,85.000/364.286 : NO_HIGHLIGHTED_LEVEL_EVENT
LONG,WIN,85.000/364.286 : NO_HIGHLIGHTED_LEVEL_EVENT
SHORT,WIN,85.000/485.714 : 30M_TOUCH_LEVEL @ 2024-12-30 20:01 : +79.470800 (Relative INC) : CHANGE 0.00% : CURRENT STRENGTH +79.470800
SHORT,LOSS,85.000/485.714 : NO_HIGHLIGHTED_LEVEL_EVENT
SHORT,LOSS,85.000/971.429 : NO_HIGHLIGHTED_LEVEL_EVENT
LONG,LOSS,85.000/364.286 : NO_HIGHLIGHTED_LEVEL_EVENT
LONG,LOSS,85.000/364.286 : NO_HIGHLIGHTED_LEVEL_EVENT
SHORT,LOSS,85.000/485.714 : NO_HIGHLIGHTED_LEVEL_EVENT
LONG,WIN,85.000/971.429 : 1H_ENTRY_LEVEL @ 2025-01-05 20:12 : +66.483684 (Relative INC) : CHANGE 0.00% : CURRENT STRENGTH +66.483684
SHORT,LOSS,85.000/728.571 : NO_HIGHLIGHTED_LEVEL_EVENT
LONG,LOSS,85.000/364.286 : NO_HIGHLIGHTED_LEVEL_EVENT
SHORT,LOSS,85.000/485.714 : NO_HIGHLIGHTED_LEVEL_EVENT
SHORT,LOSS,85.000/728.571 : NO_HIGHLIGHTED_LEVEL_EVENT
LONG,WIN,85.000/971.429 : 1H_ENTRY_LEVEL @ 2025-01-06 20:11 : +51.575420 (Relative INC) : CHANGE 0.00% : CURRENT STRENGTH +51.575420
SHORT,WIN,85.000/485.714 : 30M_TOUCH_LEVEL @ 2025-01-06 22:05 : +19.823601 (Relative INC) : CHANGE 0.00% : CURRENT STRENGTH +19.823601
LONG,LOSS,85.000/364.286 : NO_HIGHLIGHTED_LEVEL_EVENT
SHORT,LOSS,85.000/971.429 : NO_HIGHLIGHTED_LEVEL_EVENT
SHORT,LOSS,85.000/971.429 : NO_HIGHLIGHTED_LEVEL_EVENT
SHORT,LOSS,85.000/728.571 : NO_HIGHLIGHTED_LEVEL_EVENT
LONG,LOSS,85.000/364.286 : NO_HIGHLIGHTED_LEVEL_EVENT
SHORT,LOSS,85.000/971.429 : NO_HIGHLIGHTED_LEVEL_EVENT
LONG,LOSS,85.000/364.286 : NO_HIGHLIGHTED_LEVEL_EVENT
LONG,LOSS,85.000/364.286 : NO_HIGHLIGHTED_LEVEL_EVENT
LONG,LOSS,85.000/364.286 : 1H_ENTRY_LEVEL @ 2025-01-08 11:51 : -29.964040 (Relative DEC) : CHANGE 0.00% : CURRENT STRENGTH -29.964040
SHORT,LOSS,85.000/728.571 : NO_HIGHLIGHTED_LEVEL_EVENT
SHORT,WIN,85.000/728.571 : NO_HIGHLIGHTED_LEVEL_EVENT
SHORT,LOSS,85.000/971.429 : NO_HIGHLIGHTED_LEVEL_EVENT
LONG,LOSS,85.000/364.286 : NO_HIGHLIGHTED_LEVEL_EVENT
LONG,LOSS,85.000/364.286 : NO_HIGHLIGHTED_LEVEL_EVENT
SHORT,LOSS,85.000/485.714 : NO_HIGHLIGHTED_LEVEL_EVENT
SHORT,WIN,85.000/728.571 : 30M_TOUCH_LEVEL @ 2025-01-13 16:33 : +139.779622 (Relative INC) : CHANGE 0.00% : CURRENT STRENGTH +139.779622 -> 1H_ENTRY_LEVEL @ 2025-01-13 16:36 : +72.269143 (Relative INC) : CHANGE 51.70% : CURRENT STRENGTH +212.048765
LONG,WIN,85.000/364.286 : NO_HIGHLIGHTED_LEVEL_EVENT
LONG,LOSS,85.000/364.286 : NO_HIGHLIGHTED_LEVEL_EVENT
LONG,LOSS,85.000/364.286 : NO_HIGHLIGHTED_LEVEL_EVENT
LONG,LOSS,85.000/364.286 : NO_HIGHLIGHTED_LEVEL_EVENT
SHORT,LOSS,85.000/485.714 : NO_HIGHLIGHTED_LEVEL_EVENT
SHORT,LOSS,85.000/485.714 : NO_HIGHLIGHTED_LEVEL_EVENT
SHORT,WIN,85.000/485.714 : 30M_TOUCH_LEVEL @ 2025-01-19 22:01 : +79.470800 (Relative INC) : CHANGE 0.00% : CURRENT STRENGTH +79.470800
LONG,WIN,85.000/364.286 : 1H_ENTRY_LEVEL @ 2025-01-19 23:18 : +34.238003 (Relative INC) : CHANGE 0.00% : CURRENT STRENGTH +34.238003
LONG,LOSS,85.000/364.286 : NO_HIGHLIGHTED_LEVEL_EVENT
SHORT,LOSS,85.000/485.714 : NO_HIGHLIGHTED_LEVEL_EVENT
LONG,LOSS,85.000/364.286 : NO_HIGHLIGHTED_LEVEL_EVENT
LONG,WIN,85.000/364.286 : NO_HIGHLIGHTED_LEVEL_EVENT
SHORT,LOSS,85.000/728.571 : 1H_ENTRY_LEVEL @ 2025-01-20 11:27 : -7.411600 (Relative DEC) : CHANGE 0.00% : CURRENT STRENGTH -7.411600
SHORT,LOSS,85.000/728.571 : NO_HIGHLIGHTED_LEVEL_EVENT
SHORT,LOSS,85.000/971.429 : NO_HIGHLIGHTED_LEVEL_EVENT
LONG,LOSS,85.000/971.429 : NO_HIGHLIGHTED_LEVEL_EVENT
LONG,LOSS,85.000/364.286 : NO_HIGHLIGHTED_LEVEL_EVENT
LONG,LOSS,85.000/364.286 : NO_HIGHLIGHTED_LEVEL_EVENT
SHORT,LOSS,85.000/485.714 : NO_HIGHLIGHTED_LEVEL_EVENT
LONG,LOSS,85.000/364.286 : NO_HIGHLIGHTED_LEVEL_EVENT
LONG,WIN,85.000/364.286 : NO_HIGHLIGHTED_LEVEL_EVENT
SHORT,LOSS,85.000/971.429 : NO_HIGHLIGHTED_LEVEL_EVENT
SHORT,WIN,85.000/485.714 : NO_HIGHLIGHTED_LEVEL_EVENT
SHORT,LOSS,85.000/971.429 : NO_HIGHLIGHTED_LEVEL_EVENT
LONG,LOSS,85.000/364.286 : NO_HIGHLIGHTED_LEVEL_EVENT
LONG,LOSS,85.000/364.286 : NO_HIGHLIGHTED_LEVEL_EVENT
LONG,LOSS,85.000/728.571 : NO_HIGHLIGHTED_LEVEL_EVENT
SHORT,WIN,85.000/485.714 : 30M_TOUCH_LEVEL @ 2025-01-22 06:33 : +139.779622 (Relative INC) : CHANGE 0.00% : CURRENT STRENGTH +139.779622
LONG,LOSS,85.000/364.286 : NO_HIGHLIGHTED_LEVEL_EVENT
LONG,LOSS,85.000/364.286 : NO_HIGHLIGHTED_LEVEL_EVENT
LONG,LOSS,85.000/364.286 : NO_HIGHLIGHTED_LEVEL_EVENT
LONG,LOSS,85.000/364.286 : 1H_ENTRY_LEVEL @ 2025-01-27 02:51 : -29.964040 (Relative DEC) : CHANGE 0.00% : CURRENT STRENGTH -29.964040
SHORT,LOSS,85.000/728.571 : NO_HIGHLIGHTED_LEVEL_EVENT
SHORT,WIN,85.000/485.714 : NO_HIGHLIGHTED_LEVEL_EVENT
SHORT,LOSS,85.000/485.714 : NO_HIGHLIGHTED_LEVEL_EVENT
SHORT,LOSS,85.000/971.429 : NO_HIGHLIGHTED_LEVEL_EVENT
SHORT,LOSS,85.000/728.571 : NO_HIGHLIGHTED_LEVEL_EVENT
SHORT,WIN,85.000/485.714 : 30M_TOUCH_LEVEL @ 2025-01-27 22:33 : +139.779622 (Relative INC) : CHANGE 0.00% : CURRENT STRENGTH +139.779622
SHORT,LOSS,85.000/728.571 : NO_HIGHLIGHTED_LEVEL_EVENT
LONG,LOSS,85.000/364.286 : NO_HIGHLIGHTED_LEVEL_EVENT
LONG,WIN,85.000/364.286 : 1H_ENTRY_LEVEL @ 2025-01-28 08:32 : +72.909849 (Relative INC) : CHANGE 0.00% : CURRENT STRENGTH +72.909849
LONG,WIN,85.000/364.286 : NO_HIGHLIGHTED_LEVEL_EVENT
SHORT,LOSS,85.000/485.714 : NO_HIGHLIGHTED_LEVEL_EVENT
LONG,LOSS,85.000/364.286 : NO_HIGHLIGHTED_LEVEL_EVENT
SHORT,WIN,85.000/485.714 : NO_HIGHLIGHTED_LEVEL_EVENT
SHORT,LOSS,85.000/728.571 : NO_HIGHLIGHTED_LEVEL_EVENT
SHORT,WIN,235.000/854.545 : 30M_TOUCH_LEVEL @ 2025-01-29 00:05 : +19.823601 (Relative INC) : CHANGE 0.00% : CURRENT STRENGTH +19.823601 -> 1H_ENTRY_LEVEL @ 2025-01-29 00:10 : +34.050514 (Relative INC) : CHANGE 171.77% : CURRENT STRENGTH +53.874115
SHORT,WIN,85.000/728.571 : 30M_TOUCH_LEVEL @ 2025-01-29 03:01 : +79.470800 (Relative INC) : CHANGE 0.00% : CURRENT STRENGTH +79.470800
LONG,LOSS,85.000/364.286 : NO_HIGHLIGHTED_LEVEL_EVENT
LONG,WIN,85.000/728.571 : 1H_ENTRY_LEVEL @ 2025-01-29 05:14 : +41.075771 (Relative INC) : CHANGE 0.00% : CURRENT STRENGTH +41.075771
SHORT,LOSS,85.000/971.429 : NO_HIGHLIGHTED_LEVEL_EVENT
SHORT,LOSS,85.000/485.714 : NO_HIGHLIGHTED_LEVEL_EVENT
LONG,LOSS,85.000/364.286 : NO_HIGHLIGHTED_LEVEL_EVENT
LONG,LOSS,85.000/364.286 : NO_HIGHLIGHTED_LEVEL_EVENT
SHORT,LOSS,85.000/971.429 : NO_HIGHLIGHTED_LEVEL_EVENT
SHORT,LOSS,85.000/728.571 : NO_HIGHLIGHTED_LEVEL_EVENT
LONG,LOSS,85.000/364.286 : 1H_ENTRY_LEVEL @ 2025-02-03 04:45 : -36.422720 (Relative DEC) : CHANGE 0.00% : CURRENT STRENGTH -36.422720
SHORT,WIN,85.000/364.286 : 30M_TOUCH_LEVEL @ 2025-02-03 09:31 : +143.947736 (Relative INC) : CHANGE 0.00% : CURRENT STRENGTH +143.947736
LONG,LOSS,85.000/364.286 : NO_HIGHLIGHTED_LEVEL_EVENT
LONG,LOSS,85.000/364.286 : NO_HIGHLIGHTED_LEVEL_EVENT
LONG,WIN,85.000/364.286 : NO_HIGHLIGHTED_LEVEL_EVENT
SHORT,LOSS,85.000/971.429 : NO_HIGHLIGHTED_LEVEL_EVENT
LONG,WIN,85.000/971.429 : NO_HIGHLIGHTED_LEVEL_EVENT
LONG,LOSS,85.000/364.286 : NO_HIGHLIGHTED_LEVEL_EVENT
SHORT,WIN,85.000/485.714 : 1H_ENTRY_LEVEL @ 2025-02-03 22:48 : +28.395029 (Relative INC) : CHANGE 0.00% : CURRENT STRENGTH +28.395029 -> 30M_TOUCH_LEVEL @ 2025-02-03 22:54 : +22.680743 (Relative INC) : CHANGE 79.88% : CURRENT STRENGTH +51.075772
LONG,LOSS,85.000/364.286 : NO_HIGHLIGHTED_LEVEL_EVENT
LONG,WIN,85.000/364.286 : NO_HIGHLIGHTED_LEVEL_EVENT
LONG,LOSS,85.000/364.286 : NO_HIGHLIGHTED_LEVEL_EVENT
SHORT,WIN,85.000/728.571 : 30M_TOUCH_LEVEL @ 2025-02-04 04:01 : +79.470800 (Relative INC) : CHANGE 0.00% : CURRENT STRENGTH +79.470800 -> 1H_ENTRY_LEVEL @ 2025-02-04 04:02 : +79.412002 (Relative INC) : CHANGE 99.93% : CURRENT STRENGTH +158.882802
LONG,LOSS,85.000/364.286 : NO_HIGHLIGHTED_LEVEL_EVENT
LONG,LOSS,85.000/364.286 : NO_HIGHLIGHTED_LEVEL_EVENT
LONG,LOSS,85.000/364.286 : NO_HIGHLIGHTED_LEVEL_EVENT
LONG,WIN,85.000/364.286 : 30M_TOUCH_LEVEL @ 2025-02-05 08:06 : +33.815312 (Relative INC) : CHANGE 0.00% : CURRENT STRENGTH +33.815312
LONG,WIN,85.000/364.286 : NO_HIGHLIGHTED_LEVEL_EVENT
SHORT,LOSS,85.000/971.429 : NO_HIGHLIGHTED_LEVEL_EVENT
SHORT,LOSS,85.000/728.571 : NO_HIGHLIGHTED_LEVEL_EVENT
SHORT,LOSS,85.000/485.714 : NO_HIGHLIGHTED_LEVEL_EVENT
SHORT,LOSS,85.000/971.429 : NO_HIGHLIGHTED_LEVEL_EVENT
SHORT,LOSS,85.000/971.429 : NO_HIGHLIGHTED_LEVEL_EVENT
LONG,LOSS,85.000/364.286 : NO_HIGHLIGHTED_LEVEL_EVENT
LONG,LOSS,85.000/364.286 : 1H_ENTRY_LEVEL @ 2025-02-11 02:45 : -36.422720 (Relative DEC) : CHANGE 0.00% : CURRENT STRENGTH -36.422720
SHORT,LOSS,85.000/728.571 : NO_HIGHLIGHTED_LEVEL_EVENT
SHORT,LOSS,85.000/485.714 : NO_HIGHLIGHTED_LEVEL_EVENT
SHORT,LOSS,85.000/971.429 : NO_HIGHLIGHTED_LEVEL_EVENT
LONG,WIN,85.000/364.286 : 30M_TOUCH_LEVEL @ 2025-02-12 01:30 : +107.777472 (Relative INC) : CHANGE 0.00% : CURRENT STRENGTH +107.777472
SHORT,LOSS,85.000/971.429 : NO_HIGHLIGHTED_LEVEL_EVENT
SHORT,WIN,85.000/728.571 : NO_HIGHLIGHTED_LEVEL_EVENT
LONG,LOSS,85.000/971.429 : NO_HIGHLIGHTED_LEVEL_EVENT
LONG,LOSS,85.000/364.286 : NO_HIGHLIGHTED_LEVEL_EVENT
SHORT,LOSS,85.000/971.429 : NO_HIGHLIGHTED_LEVEL_EVENT
LONG,LOSS,85.000/364.286 : NO_HIGHLIGHTED_LEVEL_EVENT
LONG,LOSS,85.000/364.286 : NO_HIGHLIGHTED_LEVEL_EVENT
SHORT,WIN,85.000/485.714 : NO_HIGHLIGHTED_LEVEL_EVENT
SHORT,LOSS,85.000/971.429 : NO_HIGHLIGHTED_LEVEL_EVENT
SHORT,LOSS,85.000/728.571 : NO_HIGHLIGHTED_LEVEL_EVENT
SHORT,LOSS,85.000/485.714 : NO_HIGHLIGHTED_LEVEL_EVENT
LONG,LOSS,85.000/364.286 : NO_HIGHLIGHTED_LEVEL_EVENT
LONG,LOSS,85.000/364.286 : NO_HIGHLIGHTED_LEVEL_EVENT
LONG,LOSS,85.000/364.286 : NO_HIGHLIGHTED_LEVEL_EVENT
SHORT,LOSS,85.000/485.714 : NO_HIGHLIGHTED_LEVEL_EVENT
SHORT,LOSS,85.000/971.429 : NO_HIGHLIGHTED_LEVEL_EVENT
SHORT,LOSS,85.000/485.714 : 1H_ENTRY_LEVEL @ 2025-02-19 22:11 : -18.105480 (Relative DEC) : CHANGE 0.00% : CURRENT STRENGTH -18.105480
SHORT,LOSS,85.000/728.571 : NO_HIGHLIGHTED_LEVEL_EVENT
SHORT,WIN,85.000/485.714 : 1H_ENTRY_LEVEL @ 2025-02-24 07:37 : +94.476935 (Relative INC) : CHANGE 0.00% : CURRENT STRENGTH +94.476935 -> 30M_TOUCH_LEVEL @ 2025-02-24 07:38 : +104.891086 (Relative INC) : CHANGE 111.02% : CURRENT STRENGTH +199.368021
LONG,LOSS,85.000/364.286 : NO_HIGHLIGHTED_LEVEL_EVENT
LONG,LOSS,85.000/364.286 : NO_HIGHLIGHTED_LEVEL_EVENT
SHORT,WIN,85.000/485.714 : NO_HIGHLIGHTED_LEVEL_EVENT
SHORT,LOSS,85.000/971.429 : NO_HIGHLIGHTED_LEVEL_EVENT
SHORT,LOSS,85.000/485.714 : NO_HIGHLIGHTED_LEVEL_EVENT
SHORT,LOSS,85.000/728.571 : NO_HIGHLIGHTED_LEVEL_EVENT
SHORT,WIN,85.000/485.714 : NO_HIGHLIGHTED_LEVEL_EVENT
LONG,LOSS,85.000/364.286 : NO_HIGHLIGHTED_LEVEL_EVENT
SHORT,LOSS,85.000/728.571 : NO_HIGHLIGHTED_LEVEL_EVENT
SHORT,LOSS,85.000/485.714 : NO_HIGHLIGHTED_LEVEL_EVENT
SHORT,LOSS,85.000/971.429 : NO_HIGHLIGHTED_LEVEL_EVENT
LONG,WIN,85.000/364.286 : NO_HIGHLIGHTED_LEVEL_EVENT
LONG,LOSS,85.000/364.286 : NO_HIGHLIGHTED_LEVEL_EVENT
LONG,LOSS,85.000/364.286 : NO_HIGHLIGHTED_LEVEL_EVENT
LONG,WIN,85.000/364.286 : NO_HIGHLIGHTED_LEVEL_EVENT
LONG,WIN,85.000/364.286 : 1H_ENTRY_LEVEL @ 2025-02-26 07:32 : +72.909849 (Relative INC) : CHANGE 0.00% : CURRENT STRENGTH +72.909849
LONG,LOSS,85.000/971.429 : NO_HIGHLIGHTED_LEVEL_EVENT
SHORT,WIN,85.000/485.714 : NO_HIGHLIGHTED_LEVEL_EVENT
SHORT,LOSS,85.000/485.714 : NO_HIGHLIGHTED_LEVEL_EVENT
LONG,LOSS,85.000/364.286 : NO_HIGHLIGHTED_LEVEL_EVENT
LONG,WIN,85.000/364.286 : NO_HIGHLIGHTED_LEVEL_EVENT
LONG,LOSS,85.000/364.286 : NO_HIGHLIGHTED_LEVEL_EVENT
LONG,WIN,85.000/364.286 : NO_HIGHLIGHTED_LEVEL_EVENT
LONG,LOSS,85.000/364.286 : NO_HIGHLIGHTED_LEVEL_EVENT
LONG,LOSS,85.000/364.286 : NO_HIGHLIGHTED_LEVEL_EVENT
LONG,LOSS,85.000/364.286 : 1H_ENTRY_LEVEL @ 2025-03-03 03:29 : -12.811480 (Relative DEC) : CHANGE 0.00% : CURRENT STRENGTH -12.811480
LONG,WIN,85.000/364.286 : NO_HIGHLIGHTED_LEVEL_EVENT
SHORT,LOSS,85.000/971.429 : NO_HIGHLIGHTED_LEVEL_EVENT
SHORT,LOSS,85.000/485.714 : NO_HIGHLIGHTED_LEVEL_EVENT
SHORT,WIN,85.000/728.571 : NO_HIGHLIGHTED_LEVEL_EVENT
SHORT,LOSS,85.000/971.429 : NO_HIGHLIGHTED_LEVEL_EVENT
SHORT,WIN,85.000/728.571 : 30M_TOUCH_LEVEL @ 2025-03-04 03:04 : +14.168115 (Relative INC) : CHANGE 0.00% : CURRENT STRENGTH +14.168115
SHORT,LOSS,85.000/728.571 : NO_HIGHLIGHTED_LEVEL_EVENT
LONG,LOSS,85.000/364.286 : NO_HIGHLIGHTED_LEVEL_EVENT
LONG,LOSS,85.000/364.286 : NO_HIGHLIGHTED_LEVEL_EVENT
SHORT,WIN,85.000/485.714 : NO_HIGHLIGHTED_LEVEL_EVENT
LONG,LOSS,85.000/364.286 : NO_HIGHLIGHTED_LEVEL_EVENT
LONG,WIN,85.000/364.286 : NO_HIGHLIGHTED_LEVEL_EVENT
LONG,WIN,85.000/364.286 : 1H_ENTRY_LEVEL @ 2025-03-05 01:38 : +78.189074 (Relative INC) : CHANGE 0.00% : CURRENT STRENGTH +78.189074
SHORT,LOSS,85.000/728.571 : NO_HIGHLIGHTED_LEVEL_EVENT
LONG,LOSS,85.000/728.571 : NO_HIGHLIGHTED_LEVEL_EVENT
SHORT,LOSS,85.000/485.714 : NO_HIGHLIGHTED_LEVEL_EVENT
SHORT,WIN,85.000/485.714 : 1H_ENTRY_LEVEL @ 2025-03-05 20:02 : +79.412002 (Relative INC) : CHANGE 0.00% : CURRENT STRENGTH +79.412002
LONG,LOSS,85.000/971.429 : NO_HIGHLIGHTED_LEVEL_EVENT
SHORT,LOSS,85.000/485.714 : NO_HIGHLIGHTED_LEVEL_EVENT
SHORT,LOSS,85.000/971.429 : NO_HIGHLIGHTED_LEVEL_EVENT
LONG,WIN,85.000/364.286 : 30M_TOUCH_LEVEL @ 2025-03-11 02:06 : +33.815312 (Relative INC) : CHANGE 0.00% : CURRENT STRENGTH +33.815312
SHORT,LOSS,85.000/728.571 : NO_HIGHLIGHTED_LEVEL_EVENT
SHORT,LOSS,85.000/971.429 : NO_HIGHLIGHTED_LEVEL_EVENT
LONG,LOSS,85.000/364.286 : NO_HIGHLIGHTED_LEVEL_EVENT
LONG,WIN,85.000/364.286 : NO_HIGHLIGHTED_LEVEL_EVENT
SHORT,WIN,85.000/971.429 : 30M_TOUCH_LEVEL @ 2025-03-12 08:38 : +104.891086 (Relative INC) : CHANGE 0.00% : CURRENT STRENGTH +104.891086
SHORT,LOSS,85.000/728.571 : NO_HIGHLIGHTED_LEVEL_EVENT
SHORT,LOSS,85.000/485.714 : NO_HIGHLIGHTED_LEVEL_EVENT
LONG,LOSS,85.000/364.286 : NO_HIGHLIGHTED_LEVEL_EVENT
SHORT,LOSS,85.000/971.429 : NO_HIGHLIGHTED_LEVEL_EVENT
SHORT,LOSS,85.000/728.571 : NO_HIGHLIGHTED_LEVEL_EVENT
SHORT,LOSS,85.000/728.571 : NO_HIGHLIGHTED_LEVEL_EVENT
SHORT,LOSS,85.000/485.714 : NO_HIGHLIGHTED_LEVEL_EVENT
SHORT,WIN,85.000/971.429 : 1H_ENTRY_LEVEL @ 2025-03-17 01:33 : +51.678593 (Relative INC) : CHANGE 0.00% : CURRENT STRENGTH +51.678593
SHORT,LOSS,85.000/485.714 : NO_HIGHLIGHTED_LEVEL_EVENT
LONG,WIN,85.000/364.286 : 1H_ENTRY_LEVEL @ 2025-03-17 07:32 : +72.909849 (Relative INC) : CHANGE 0.00% : CURRENT STRENGTH +72.909849
LONG,LOSS,85.000/364.286 : NO_HIGHLIGHTED_LEVEL_EVENT
LONG,WIN,85.000/364.286 : 1H_ENTRY_LEVEL @ 2025-03-17 19:02 : +77.254365 (Relative INC) : CHANGE 0.00% : CURRENT STRENGTH +77.254365
SHORT,LOSS,85.000/728.571 : NO_HIGHLIGHTED_LEVEL_EVENT
LONG,LOSS,85.000/364.286 : NO_HIGHLIGHTED_LEVEL_EVENT
LONG,LOSS,85.000/364.286 : NO_HIGHLIGHTED_LEVEL_EVENT
SHORT,LOSS,85.000/485.714 : NO_HIGHLIGHTED_LEVEL_EVENT
LONG,LOSS,85.000/364.286 : NO_HIGHLIGHTED_LEVEL_EVENT
LONG,LOSS,85.000/364.286 : NO_HIGHLIGHTED_LEVEL_EVENT
SHORT,LOSS,85.000/971.429 : NO_HIGHLIGHTED_LEVEL_EVENT
LONG,LOSS,85.000/364.286 : NO_HIGHLIGHTED_LEVEL_EVENT
LONG,LOSS,85.000/364.286 : NO_HIGHLIGHTED_LEVEL_EVENT
LONG,LOSS,85.000/364.286 : NO_HIGHLIGHTED_LEVEL_EVENT
LONG,LOSS,85.000/364.286 : NO_HIGHLIGHTED_LEVEL_EVENT
LONG,LOSS,85.000/364.286 : NO_HIGHLIGHTED_LEVEL_EVENT
LONG,LOSS,85.000/364.286 : NO_HIGHLIGHTED_LEVEL_EVENT
SHORT,LOSS,85.000/971.429 : NO_HIGHLIGHTED_LEVEL_EVENT
LONG,LOSS,85.000/364.286 : NO_HIGHLIGHTED_LEVEL_EVENT
SHORT,LOSS,85.000/728.571 : NO_HIGHLIGHTED_LEVEL_EVENT
SHORT,LOSS,85.000/971.429 : NO_HIGHLIGHTED_LEVEL_EVENT
LONG,LOSS,85.000/364.286 : NO_HIGHLIGHTED_LEVEL_EVENT
LONG,LOSS,85.000/364.286 : NO_HIGHLIGHTED_LEVEL_EVENT
SHORT,LOSS,85.000/728.571 : NO_HIGHLIGHTED_LEVEL_EVENT
SHORT,LOSS,85.000/485.714 : NO_HIGHLIGHTED_LEVEL_EVENT
LONG,LOSS,85.000/364.286 : NO_HIGHLIGHTED_LEVEL_EVENT
SHORT,LOSS,85.000/971.429 : NO_HIGHLIGHTED_LEVEL_EVENT
LONG,LOSS,85.000/364.286 : NO_HIGHLIGHTED_LEVEL_EVENT
LONG,LOSS,85.000/364.286 : NO_HIGHLIGHTED_LEVEL_EVENT
LONG,LOSS,85.000/364.286 : NO_HIGHLIGHTED_LEVEL_EVENT
LONG,LOSS,85.000/364.286 : NO_HIGHLIGHTED_LEVEL_EVENT
LONG,LOSS,85.000/364.286 : NO_HIGHLIGHTED_LEVEL_EVENT
LONG,LOSS,85.000/364.286 : 1H_ENTRY_LEVEL @ 2025-03-26 20:51 : -29.964040 (Relative DEC) : CHANGE 0.00% : CURRENT STRENGTH -29.964040
LONG,LOSS,85.000/364.286 : NO_HIGHLIGHTED_LEVEL_EVENT
SHORT,WIN,85.000/485.714 : NO_HIGHLIGHTED_LEVEL_EVENT
LONG,LOSS,85.000/364.286 : NO_HIGHLIGHTED_LEVEL_EVENT
LONG,LOSS,85.000/364.286 : NO_HIGHLIGHTED_LEVEL_EVENT
LONG,LOSS,85.000/364.286 : NO_HIGHLIGHTED_LEVEL_EVENT
SHORT,LOSS,85.000/728.571 : NO_HIGHLIGHTED_LEVEL_EVENT
SHORT,WIN,85.000/971.429 : 1H_ENTRY_LEVEL @ 2025-03-30 20:33 : +51.678593 (Relative INC) : CHANGE 0.00% : CURRENT STRENGTH +51.678593 -> 30M_TOUCH_LEVEL @ 2025-03-30 20:50 : +39.764799 (Relative INC) : CHANGE 76.95% : CURRENT STRENGTH +91.443392
LONG,LOSS,85.000/728.571 : NO_HIGHLIGHTED_LEVEL_EVENT
LONG,LOSS,85.000/364.286 : NO_HIGHLIGHTED_LEVEL_EVENT
LONG,LOSS,85.000/364.286 : NO_HIGHLIGHTED_LEVEL_EVENT
SHORT,LOSS,85.000/728.571 : NO_HIGHLIGHTED_LEVEL_EVENT
SHORT,LOSS,85.000/485.714 : NO_HIGHLIGHTED_LEVEL_EVENT
LONG,LOSS,85.000/364.286 : NO_HIGHLIGHTED_LEVEL_EVENT
LONG,LOSS,85.000/364.286 : NO_HIGHLIGHTED_LEVEL_EVENT
LONG,LOSS,85.000/364.286 : NO_HIGHLIGHTED_LEVEL_EVENT
LONG,LOSS,85.000/364.286 : NO_HIGHLIGHTED_LEVEL_EVENT
LONG,WIN,285.000/316.667 : NO_HIGHLIGHTED_LEVEL_EVENT
SHORT,WIN,85.000/971.429 : 30M_TOUCH_LEVEL @ 2025-04-06 14:57 : +31.252171 (Relative INC) : CHANGE 0.00% : CURRENT STRENGTH +31.252171
SHORT,LOSS,85.000/971.429 : NO_HIGHLIGHTED_LEVEL_EVENT
LONG,WIN,85.000/364.286 : NO_HIGHLIGHTED_LEVEL_EVENT
LONG,LOSS,85.000/364.286 : NO_HIGHLIGHTED_LEVEL_EVENT
SHORT,LOSS,85.000/971.429 : NO_HIGHLIGHTED_LEVEL_EVENT
SHORT,LOSS,85.000/728.571 : NO_HIGHLIGHTED_LEVEL_EVENT
LONG,LOSS,85.000/364.286 : NO_HIGHLIGHTED_LEVEL_EVENT
SHORT,LOSS,85.000/971.429 : NO_HIGHLIGHTED_LEVEL_EVENT
LONG,LOSS,85.000/364.286 : NO_HIGHLIGHTED_LEVEL_EVENT
LONG,LOSS,85.000/364.286 : NO_HIGHLIGHTED_LEVEL_EVENT
LONG,LOSS,85.000/364.286 : NO_HIGHLIGHTED_LEVEL_EVENT
LONG,LOSS,85.000/364.286 : NO_HIGHLIGHTED_LEVEL_EVENT
LONG,WIN,85.000/364.286 : 1H_ENTRY_LEVEL @ 2025-04-09 02:02 : +77.254365 (Relative INC) : CHANGE 0.00% : CURRENT STRENGTH +77.254365
SHORT,LOSS,85.000/728.571 : NO_HIGHLIGHTED_LEVEL_EVENT
SHORT,LOSS,85.000/971.429 : NO_HIGHLIGHTED_LEVEL_EVENT
LONG,LOSS,85.000/364.286 : NO_HIGHLIGHTED_LEVEL_EVENT
SHORT,LOSS,85.000/971.429 : NO_HIGHLIGHTED_LEVEL_EVENT
SHORT,LOSS,85.000/485.714 : NO_HIGHLIGHTED_LEVEL_EVENT
LONG,LOSS,85.000/364.286 : NO_HIGHLIGHTED_LEVEL_EVENT
LONG,LOSS,85.000/364.286 : NO_HIGHLIGHTED_LEVEL_EVENT
LONG,LOSS,85.000/364.286 : NO_HIGHLIGHTED_LEVEL_EVENT
LONG,WIN,85.000/364.286 : NO_HIGHLIGHTED_LEVEL_EVENT
LONG,LOSS,85.000/364.286 : NO_HIGHLIGHTED_LEVEL_EVENT
SHORT,LOSS,85.000/971.429 : NO_HIGHLIGHTED_LEVEL_EVENT
LONG,WIN,85.000/364.286 : NO_HIGHLIGHTED_LEVEL_EVENT
LONG,LOSS,85.000/364.286 : NO_HIGHLIGHTED_LEVEL_EVENT
SHORT,WIN,85.000/971.429 : 30M_TOUCH_LEVEL @ 2025-04-13 18:33 : +139.779622 (Relative INC) : CHANGE 0.00% : CURRENT STRENGTH +139.779622
LONG,LOSS,85.000/364.286 : NO_HIGHLIGHTED_LEVEL_EVENT
LONG,LOSS,85.000/364.286 : NO_HIGHLIGHTED_LEVEL_EVENT
SHORT,LOSS,85.000/728.571 : NO_HIGHLIGHTED_LEVEL_EVENT
LONG,WIN,85.000/364.286 : 30M_TOUCH_LEVEL @ 2025-04-16 22:06 : +33.815312 (Relative INC) : CHANGE 0.00% : CURRENT STRENGTH +33.815312
LONG,LOSS,85.000/364.286 : NO_HIGHLIGHTED_LEVEL_EVENT
LONG,LOSS,85.000/364.286 : NO_HIGHLIGHTED_LEVEL_EVENT
SHORT,LOSS,85.000/485.714 : NO_HIGHLIGHTED_LEVEL_EVENT
SHORT,LOSS,85.000/971.429 : 1H_ENTRY_LEVEL @ 2025-04-21 18:27 : -7.411600 (Relative DEC) : CHANGE 0.00% : CURRENT STRENGTH -7.411600
SHORT,LOSS,85.000/728.571 : NO_HIGHLIGHTED_LEVEL_EVENT
LONG,LOSS,85.000/364.286 : NO_HIGHLIGHTED_LEVEL_EVENT
SHORT,WIN,85.000/485.714 : NO_HIGHLIGHTED_LEVEL_EVENT
LONG,LOSS,85.000/364.286 : NO_HIGHLIGHTED_LEVEL_EVENT
LONG,WIN,285.000/316.667 : NO_HIGHLIGHTED_LEVEL_EVENT
SHORT,LOSS,85.000/971.429 : NO_HIGHLIGHTED_LEVEL_EVENT
SHORT,LOSS,85.000/728.571 : NO_HIGHLIGHTED_LEVEL_EVENT
LONG,LOSS,85.000/364.286 : NO_HIGHLIGHTED_LEVEL_EVENT
SHORT,LOSS,85.000/485.714 : NO_HIGHLIGHTED_LEVEL_EVENT
LONG,LOSS,85.000/364.286 : NO_HIGHLIGHTED_LEVEL_EVENT
SHORT,LOSS,85.000/728.571 : NO_HIGHLIGHTED_LEVEL_EVENT
SHORT,LOSS,85.000/728.571 : NO_HIGHLIGHTED_LEVEL_EVENT
SHORT,LOSS,85.000/728.571 : NO_HIGHLIGHTED_LEVEL_EVENT
LONG,LOSS,85.000/364.286 : NO_HIGHLIGHTED_LEVEL_EVENT
LONG,LOSS,85.000/364.286 : NO_HIGHLIGHTED_LEVEL_EVENT
LONG,WIN,285.000/316.667 : NO_HIGHLIGHTED_LEVEL_EVENT
LONG,LOSS,85.000/364.286 : NO_HIGHLIGHTED_LEVEL_EVENT
LONG,LOSS,85.000/364.286 : NO_HIGHLIGHTED_LEVEL_EVENT
LONG,LOSS,85.000/364.286 : NO_HIGHLIGHTED_LEVEL_EVENT
SHORT,WIN,85.000/728.571 : 30M_TOUCH_LEVEL @ 2025-04-28 03:18 : +19.882400 (Relative INC) : CHANGE 0.00% : CURRENT STRENGTH +19.882400
SHORT,LOSS,85.000/971.429 : NO_HIGHLIGHTED_LEVEL_EVENT
LONG,LOSS,85.000/364.286 : NO_HIGHLIGHTED_LEVEL_EVENT
LONG,LOSS,85.000/364.286 : NO_HIGHLIGHTED_LEVEL_EVENT
SHORT,LOSS,85.000/971.429 : NO_HIGHLIGHTED_LEVEL_EVENT
SHORT,LOSS,85.000/485.714 : NO_HIGHLIGHTED_LEVEL_EVENT
SHORT,LOSS,85.000/728.571 : NO_HIGHLIGHTED_LEVEL_EVENT
SHORT,LOSS,85.000/728.571 : NO_HIGHLIGHTED_LEVEL_EVENT
LONG,LOSS,85.000/364.286 : NO_HIGHLIGHTED_LEVEL_EVENT
LONG,LOSS,85.000/364.286 : 1H_ENTRY_LEVEL @ 2025-04-30 03:29 : -12.811480 (Relative DEC) : CHANGE 0.00% : CURRENT STRENGTH -12.811480
SHORT,LOSS,85.000/485.714 : 1H_ENTRY_LEVEL @ 2025-04-30 08:11 : -18.105480 (Relative DEC) : CHANGE 0.00% : CURRENT STRENGTH -18.105480
SHORT,LOSS,85.000/485.714 : NO_HIGHLIGHTED_LEVEL_EVENT
SHORT,LOSS,85.000/728.571 : NO_HIGHLIGHTED_LEVEL_EVENT
LONG,WIN,85.000/364.286 : 1H_ENTRY_LEVEL @ 2025-05-04 07:11 : +51.575420 (Relative INC) : CHANGE 0.00% : CURRENT STRENGTH +51.575420
LONG,LOSS,85.000/364.286 : NO_HIGHLIGHTED_LEVEL_EVENT
LONG,LOSS,85.000/364.286 : NO_HIGHLIGHTED_LEVEL_EVENT
LONG,WIN,85.000/364.286 : 1H_ENTRY_LEVEL @ 2025-05-06 02:25 : +29.588398 (Relative INC) : CHANGE 0.00% : CURRENT STRENGTH +29.588398
LONG,LOSS,85.000/364.286 : NO_HIGHLIGHTED_LEVEL_EVENT
LONG,LOSS,85.000/364.286 : NO_HIGHLIGHTED_LEVEL_EVENT
LONG,WIN,85.000/364.286 : NO_HIGHLIGHTED_LEVEL_EVENT
LONG,LOSS,85.000/364.286 : NO_HIGHLIGHTED_LEVEL_EVENT
LONG,LOSS,85.000/364.286 : NO_HIGHLIGHTED_LEVEL_EVENT
LONG,LOSS,85.000/364.286 : NO_HIGHLIGHTED_LEVEL_EVENT
LONG,LOSS,85.000/364.286 : NO_HIGHLIGHTED_LEVEL_EVENT
LONG,LOSS,285.000/316.667 : NO_HIGHLIGHTED_LEVEL_EVENT
SHORT,WIN,85.000/485.714 : 30M_TOUCH_LEVEL @ 2025-05-11 07:53 : +31.913794 (Relative INC) : CHANGE 0.00% : CURRENT STRENGTH +31.913794 -> 1H_ENTRY_LEVEL @ 2025-05-11 07:56 : +39.764799 (Relative INC) : CHANGE 124.60% : CURRENT STRENGTH +71.678593
LONG,LOSS,85.000/364.286 : NO_HIGHLIGHTED_LEVEL_EVENT
SHORT,WIN,235.000/854.545 : 1H_ENTRY_LEVEL @ 2025-05-11 17:48 : +28.395029 (Relative INC) : CHANGE 0.00% : CURRENT STRENGTH +28.395029
SHORT,LOSS,85.000/485.714 : NO_HIGHLIGHTED_LEVEL_EVENT
LONG,LOSS,85.000/364.286 : NO_HIGHLIGHTED_LEVEL_EVENT
LONG,LOSS,85.000/364.286 : NO_HIGHLIGHTED_LEVEL_EVENT
SHORT,LOSS,85.000/485.714 : NO_HIGHLIGHTED_LEVEL_EVENT
LONG,LOSS,85.000/364.286 : NO_HIGHLIGHTED_LEVEL_EVENT
LONG,WIN,85.000/364.286 : 1H_ENTRY_LEVEL @ 2025-05-12 08:32 : +72.909849 (Relative INC) : CHANGE 0.00% : CURRENT STRENGTH +72.909849
SHORT,LOSS,85.000/971.429 : NO_HIGHLIGHTED_LEVEL_EVENT
LONG,LOSS,85.000/364.286 : NO_HIGHLIGHTED_LEVEL_EVENT
LONG,LOSS,85.000/364.286 : NO_HIGHLIGHTED_LEVEL_EVENT
SHORT,LOSS,85.000/485.714 : NO_HIGHLIGHTED_LEVEL_EVENT
LONG,LOSS,85.000/364.286 : NO_HIGHLIGHTED_LEVEL_EVENT
SHORT,LOSS,85.000/971.429 : NO_HIGHLIGHTED_LEVEL_EVENT
LONG,LOSS,85.000/364.286 : NO_HIGHLIGHTED_LEVEL_EVENT
SHORT,LOSS,85.000/728.571 : NO_HIGHLIGHTED_LEVEL_EVENT
LONG,LOSS,85.000/364.286 : NO_HIGHLIGHTED_LEVEL_EVENT
SHORT,LOSS,85.000/485.714 : NO_HIGHLIGHTED_LEVEL_EVENT
LONG,LOSS,85.000/364.286 : NO_HIGHLIGHTED_LEVEL_EVENT
LONG,LOSS,85.000/364.286 : NO_HIGHLIGHTED_LEVEL_EVENT
SHORT,LOSS,85.000/485.714 : NO_HIGHLIGHTED_LEVEL_EVENT
SHORT,WIN,85.000/971.429 : 1H_ENTRY_LEVEL @ 2025-05-19 00:36 : +72.269143 (Relative INC) : CHANGE 0.00% : CURRENT STRENGTH +72.269143 -> 30M_TOUCH_LEVEL @ 2025-05-19 00:54 : +22.680743 (Relative INC) : CHANGE 31.38% : CURRENT STRENGTH +94.949886
SHORT,LOSS,85.000/728.571 : NO_HIGHLIGHTED_LEVEL_EVENT
LONG,LOSS,85.000/364.286 : NO_HIGHLIGHTED_LEVEL_EVENT
LONG,LOSS,85.000/364.286 : NO_HIGHLIGHTED_LEVEL_EVENT
SHORT,LOSS,85.000/728.571 : NO_HIGHLIGHTED_LEVEL_EVENT
LONG,WIN,85.000/364.286 : NO_HIGHLIGHTED_LEVEL_EVENT
LONG,LOSS,85.000/364.286 : NO_HIGHLIGHTED_LEVEL_EVENT
SHORT,LOSS,85.000/971.429 : NO_HIGHLIGHTED_LEVEL_EVENT
LONG,LOSS,85.000/364.286 : NO_HIGHLIGHTED_LEVEL_EVENT
LONG,LOSS,85.000/364.286 : NO_HIGHLIGHTED_LEVEL_EVENT
LONG,WIN,85.000/364.286 : NO_HIGHLIGHTED_LEVEL_EVENT
SHORT,LOSS,85.000/728.571 : NO_HIGHLIGHTED_LEVEL_EVENT
SHORT,LOSS,85.000/485.714 : NO_HIGHLIGHTED_LEVEL_EVENT
LONG,WIN,85.000/364.286 : NO_HIGHLIGHTED_LEVEL_EVENT
LONG,LOSS,85.000/364.286 : NO_HIGHLIGHTED_LEVEL_EVENT
SHORT,LOSS,85.000/728.571 : NO_HIGHLIGHTED_LEVEL_EVENT
SHORT,LOSS,85.000/485.714 : NO_HIGHLIGHTED_LEVEL_EVENT
SHORT,LOSS,85.000/728.571 : NO_HIGHLIGHTED_LEVEL_EVENT
LONG,WIN,85.000/364.286 : 30M_TOUCH_LEVEL @ 2025-05-21 02:06 : +33.815312 (Relative INC) : CHANGE 0.00% : CURRENT STRENGTH +33.815312
SHORT,LOSS,85.000/728.571 : NO_HIGHLIGHTED_LEVEL_EVENT
LONG,WIN,85.000/364.286 : NO_HIGHLIGHTED_LEVEL_EVENT
SHORT,LOSS,85.000/971.429 : NO_HIGHLIGHTED_LEVEL_EVENT
SHORT,LOSS,85.000/728.571 : NO_HIGHLIGHTED_LEVEL_EVENT
LONG,WIN,85.000/364.286 : 30M_TOUCH_LEVEL @ 2025-05-21 20:30 : +107.777472 (Relative INC) : CHANGE 0.00% : CURRENT STRENGTH +107.777472 -> 1H_ENTRY_LEVEL @ 2025-05-21 20:32 : +72.909849 (Relative INC) : CHANGE 67.65% : CURRENT STRENGTH +180.687321
LONG,LOSS,85.000/364.286 : NO_HIGHLIGHTED_LEVEL_EVENT
LONG,LOSS,85.000/364.286 : NO_HIGHLIGHTED_LEVEL_EVENT
LONG,LOSS,85.000/364.286 : NO_HIGHLIGHTED_LEVEL_EVENT
LONG,LOSS,85.000/364.286 : NO_HIGHLIGHTED_LEVEL_EVENT
SHORT,LOSS,85.000/728.571 : NO_HIGHLIGHTED_LEVEL_EVENT
SHORT,LOSS,85.000/971.429 : 1H_ENTRY_LEVEL @ 2025-05-25 06:11 : -18.105480 (Relative DEC) : CHANGE 0.00% : CURRENT STRENGTH -18.105480
SHORT,LOSS,85.000/971.429 : NO_HIGHLIGHTED_LEVEL_EVENT
SHORT,LOSS,85.000/728.571 : NO_HIGHLIGHTED_LEVEL_EVENT
LONG,LOSS,85.000/364.286 : NO_HIGHLIGHTED_LEVEL_EVENT
LONG,WIN,85.000/364.286 : NO_HIGHLIGHTED_LEVEL_EVENT
LONG,LOSS,85.000/364.286 : NO_HIGHLIGHTED_LEVEL_EVENT
LONG,WIN,285.000/316.667 : 30M_TOUCH_LEVEL @ 2025-05-26 06:50 : +26.413795 (Relative INC) : CHANGE 0.00% : CURRENT STRENGTH +26.413795
LONG,WIN,85.000/364.286 : NO_HIGHLIGHTED_LEVEL_EVENT
SHORT,WIN,85.000/485.714 : 30M_TOUCH_LEVEL @ 2025-05-26 21:38 : +104.891086 (Relative INC) : CHANGE 0.00% : CURRENT STRENGTH +104.891086
LONG,LOSS,85.000/364.286 : NO_HIGHLIGHTED_LEVEL_EVENT
SHORT,LOSS,85.000/971.429 : NO_HIGHLIGHTED_LEVEL_EVENT
SHORT,WIN,85.000/728.571 : 30M_TOUCH_LEVEL @ 2025-05-27 05:45 : +90.840573 (Relative INC) : CHANGE 0.00% : CURRENT STRENGTH +90.840573
LONG,WIN,85.000/364.286 : NO_HIGHLIGHTED_LEVEL_EVENT
LONG,WIN,85.000/364.286 : 1H_ENTRY_LEVEL @ 2025-05-27 08:28 : +25.361484 (Relative INC) : CHANGE 0.00% : CURRENT STRENGTH +25.361484
SHORT,LOSS,85.000/485.714 : NO_HIGHLIGHTED_LEVEL_EVENT
SHORT,LOSS,85.000/485.714 : NO_HIGHLIGHTED_LEVEL_EVENT
SHORT,WIN,85.000/728.571 : NO_HIGHLIGHTED_LEVEL_EVENT
SHORT,LOSS,85.000/971.429 : NO_HIGHLIGHTED_LEVEL_EVENT
LONG,WIN,85.000/364.286 : NO_HIGHLIGHTED_LEVEL_EVENT
LONG,LOSS,85.000/728.571 : NO_HIGHLIGHTED_LEVEL_EVENT
LONG,LOSS,85.000/364.286 : NO_HIGHLIGHTED_LEVEL_EVENT
LONG,LOSS,85.000/364.286 : NO_HIGHLIGHTED_LEVEL_EVENT
LONG,LOSS,85.000/364.286 : NO_HIGHLIGHTED_LEVEL_EVENT
LONG,LOSS,85.000/364.286 : NO_HIGHLIGHTED_LEVEL_EVENT
LONG,LOSS,85.000/364.286 : NO_HIGHLIGHTED_LEVEL_EVENT
SHORT,WIN,85.000/728.571 : 30M_TOUCH_LEVEL @ 2025-06-04 19:12 : +25.537886 (Relative INC) : CHANGE 0.00% : CURRENT STRENGTH +25.537886
LONG,LOSS,85.000/364.286 : NO_HIGHLIGHTED_LEVEL_EVENT
LONG,LOSS,85.000/364.286 : NO_HIGHLIGHTED_LEVEL_EVENT
SHORT,LOSS,85.000/728.571 : NO_HIGHLIGHTED_LEVEL_EVENT
SHORT,LOSS,85.000/485.714 : NO_HIGHLIGHTED_LEVEL_EVENT
LONG,LOSS,85.000/364.286 : NO_HIGHLIGHTED_LEVEL_EVENT
SHORT,LOSS,85.000/971.429 : NO_HIGHLIGHTED_LEVEL_EVENT
LONG,LOSS,85.000/364.286 : NO_HIGHLIGHTED_LEVEL_EVENT
SHORT,LOSS,85.000/485.714 : NO_HIGHLIGHTED_LEVEL_EVENT
SHORT,LOSS,85.000/728.571 : NO_HIGHLIGHTED_LEVEL_EVENT
LONG,LOSS,85.000/364.286 : NO_HIGHLIGHTED_LEVEL_EVENT
LONG,LOSS,85.000/364.286 : NO_HIGHLIGHTED_LEVEL_EVENT
LONG,LOSS,85.000/364.286 : NO_HIGHLIGHTED_LEVEL_EVENT
LONG,LOSS,85.000/364.286 : NO_HIGHLIGHTED_LEVEL_EVENT
LONG,LOSS,85.000/364.286 : NO_HIGHLIGHTED_LEVEL_EVENT
LONG,LOSS,85.000/364.286 : NO_HIGHLIGHTED_LEVEL_EVENT
LONG,LOSS,85.000/971.429 : NO_HIGHLIGHTED_LEVEL_EVENT
LONG,WIN,85.000/364.286 : NO_HIGHLIGHTED_LEVEL_EVENT
LONG,LOSS,85.000/364.286 : NO_HIGHLIGHTED_LEVEL_EVENT
LONG,WIN,85.000/364.286 : NO_HIGHLIGHTED_LEVEL_EVENT
LONG,LOSS,85.000/364.286 : NO_HIGHLIGHTED_LEVEL_EVENT
LONG,WIN,85.000/364.286 : 30M_TOUCH_LEVEL @ 2025-06-17 08:09 : +12.422082 (Relative INC) : CHANGE 0.00% : CURRENT STRENGTH +12.422082
LONG,LOSS,85.000/364.286 : NO_HIGHLIGHTED_LEVEL_EVENT
SHORT,WIN,85.000/485.714 : NO_HIGHLIGHTED_LEVEL_EVENT
LONG,LOSS,85.000/364.286 : NO_HIGHLIGHTED_LEVEL_EVENT
SHORT,LOSS,85.000/971.429 : NO_HIGHLIGHTED_LEVEL_EVENT
SHORT,WIN,85.000/971.429 : NO_HIGHLIGHTED_LEVEL_EVENT
LONG,LOSS,85.000/364.286 : NO_HIGHLIGHTED_LEVEL_EVENT
SHORT,LOSS,85.000/485.714 : NO_HIGHLIGHTED_LEVEL_EVENT
LONG,LOSS,85.000/364.286 : NO_HIGHLIGHTED_LEVEL_EVENT
LONG,LOSS,85.000/364.286 : NO_HIGHLIGHTED_LEVEL_EVENT
LONG,LOSS,85.000/364.286 : NO_HIGHLIGHTED_LEVEL_EVENT
LONG,LOSS,85.000/364.286 : NO_HIGHLIGHTED_LEVEL_EVENT
LONG,LOSS,85.000/364.286 : NO_HIGHLIGHTED_LEVEL_EVENT
LONG,LOSS,85.000/728.571 : NO_HIGHLIGHTED_LEVEL_EVENT
SHORT,WIN,235.000/854.545 : 1H_ENTRY_LEVEL @ 2025-06-23 00:10 : +34.050514 (Relative INC) : CHANGE 0.00% : CURRENT STRENGTH +34.050514 -> 30M_TOUCH_LEVEL @ 2025-06-23 00:23 : +7.155128 (Relative INC) : CHANGE 21.01% : CURRENT STRENGTH +41.205642
LONG,LOSS,85.000/364.286 : NO_HIGHLIGHTED_LEVEL_EVENT
LONG,LOSS,85.000/364.286 : NO_HIGHLIGHTED_LEVEL_EVENT
LONG,WIN,285.000/316.667 : NO_HIGHLIGHTED_LEVEL_EVENT
LONG,LOSS,85.000/364.286 : NO_HIGHLIGHTED_LEVEL_EVENT
SHORT,LOSS,85.000/971.429 : NO_HIGHLIGHTED_LEVEL_EVENT
LONG,WIN,85.000/364.286 : NO_HIGHLIGHTED_LEVEL_EVENT
SHORT,LOSS,85.000/971.429 : NO_HIGHLIGHTED_LEVEL_EVENT
LONG,LOSS,85.000/364.286 : NO_HIGHLIGHTED_LEVEL_EVENT
LONG,LOSS,85.000/364.286 : NO_HIGHLIGHTED_LEVEL_EVENT
SHORT,LOSS,85.000/728.571 : NO_HIGHLIGHTED_LEVEL_EVENT
SHORT,LOSS,85.000/971.429 : NO_HIGHLIGHTED_LEVEL_EVENT
LONG,LOSS,85.000/364.286 : NO_HIGHLIGHTED_LEVEL_EVENT
LONG,WIN,85.000/364.286 : NO_HIGHLIGHTED_LEVEL_EVENT
LONG,LOSS,85.000/364.286 : NO_HIGHLIGHTED_LEVEL_EVENT
LONG,LOSS,85.000/971.429 : NO_HIGHLIGHTED_LEVEL_EVENT
SHORT,LOSS,85.000/485.714 : NO_HIGHLIGHTED_LEVEL_EVENT
LONG,LOSS,85.000/364.286 : NO_HIGHLIGHTED_LEVEL_EVENT
LONG,WIN,85.000/364.286 : 30M_TOUCH_LEVEL @ 2025-06-27 19:21 : +12.680742 (Relative INC) : CHANGE 0.00% : CURRENT STRENGTH +12.680742
LONG,LOSS,85.000/971.429 : NO_HIGHLIGHTED_LEVEL_EVENT
LONG,LOSS,85.000/364.286 : NO_HIGHLIGHTED_LEVEL_EVENT
LONG,LOSS,85.000/364.286 : NO_HIGHLIGHTED_LEVEL_EVENT
LONG,LOSS,85.000/364.286 : NO_HIGHLIGHTED_LEVEL_EVENT
LONG,WIN,85.000/364.286 : 30M_TOUCH_LEVEL @ 2025-07-08 08:19 : +8.453828 (Relative INC) : CHANGE 0.00% : CURRENT STRENGTH +8.453828
SHORT,LOSS,85.000/485.714 : NO_HIGHLIGHTED_LEVEL_EVENT
SHORT,LOSS,85.000/485.714 : NO_HIGHLIGHTED_LEVEL_EVENT
LONG,LOSS,85.000/364.286 : NO_HIGHLIGHTED_LEVEL_EVENT
LONG,LOSS,85.000/728.571 : NO_HIGHLIGHTED_LEVEL_EVENT
LONG,WIN,85.000/364.286 : NO_HIGHLIGHTED_LEVEL_EVENT
LONG,LOSS,85.000/364.286 : NO_HIGHLIGHTED_LEVEL_EVENT
LONG,WIN,85.000/364.286 : 1H_ENTRY_LEVEL @ 2025-07-11 10:18 : +34.238003 (Relative INC) : CHANGE 0.00% : CURRENT STRENGTH +34.238003
LONG,LOSS,85.000/364.286 : NO_HIGHLIGHTED_LEVEL_EVENT
SHORT,LOSS,85.000/485.714 : NO_HIGHLIGHTED_LEVEL_EVENT
SHORT,LOSS,85.000/971.429 : NO_HIGHLIGHTED_LEVEL_EVENT
LONG,LOSS,85.000/728.571 : NO_HIGHLIGHTED_LEVEL_EVENT
SHORT,LOSS,85.000/971.429 : NO_HIGHLIGHTED_LEVEL_EVENT
LONG,WIN,85.000/364.286 : NO_HIGHLIGHTED_LEVEL_EVENT
SHORT,LOSS,85.000/728.571 : NO_HIGHLIGHTED_LEVEL_EVENT
LONG,LOSS,85.000/364.286 : NO_HIGHLIGHTED_LEVEL_EVENT
LONG,LOSS,85.000/364.286 : NO_HIGHLIGHTED_LEVEL_EVENT
LONG,LOSS,85.000/364.286 : NO_HIGHLIGHTED_LEVEL_EVENT
LONG,LOSS,85.000/364.286 : NO_HIGHLIGHTED_LEVEL_EVENT
SHORT,LOSS,85.000/485.714 : NO_HIGHLIGHTED_LEVEL_EVENT
SHORT,WIN,85.000/485.714 : 1H_ENTRY_LEVEL @ 2025-07-20 22:10 : +34.050514 (Relative INC) : CHANGE 0.00% : CURRENT STRENGTH +34.050514 -> 30M_TOUCH_LEVEL @ 2025-07-20 22:13 : +22.680744 (Relative INC) : CHANGE 66.61% : CURRENT STRENGTH +56.731258
LONG,LOSS,85.000/364.286 : NO_HIGHLIGHTED_LEVEL_EVENT
LONG,WIN,85.000/364.286 : 1H_ENTRY_LEVEL @ 2025-07-21 07:27 : +38.042226 (Relative INC) : CHANGE 0.00% : CURRENT STRENGTH +38.042226
SHORT,LOSS,85.000/728.571 : NO_HIGHLIGHTED_LEVEL_EVENT
SHORT,WIN,85.000/971.429 : 30M_TOUCH_LEVEL @ 2025-07-21 20:52 : +11.369771 (Relative INC) : CHANGE 0.00% : CURRENT STRENGTH +11.369771
SHORT,LOSS,85.000/485.714 : NO_HIGHLIGHTED_LEVEL_EVENT
SHORT,LOSS,85.000/971.429 : NO_HIGHLIGHTED_LEVEL_EVENT
LONG,LOSS,285.000/316.667 : NO_HIGHLIGHTED_LEVEL_EVENT
LONG,LOSS,85.000/364.286 : NO_HIGHLIGHTED_LEVEL_EVENT
SHORT,LOSS,85.000/971.429 : NO_HIGHLIGHTED_LEVEL_EVENT
LONG,LOSS,85.000/364.286 : NO_HIGHLIGHTED_LEVEL_EVENT
SHORT,LOSS,85.000/728.571 : NO_HIGHLIGHTED_LEVEL_EVENT
LONG,WIN,85.000/364.286 : NO_HIGHLIGHTED_LEVEL_EVENT
SHORT,LOSS,85.000/971.429 : NO_HIGHLIGHTED_LEVEL_EVENT
LONG,LOSS,85.000/364.286 : NO_HIGHLIGHTED_LEVEL_EVENT
LONG,LOSS,85.000/364.286 : NO_HIGHLIGHTED_LEVEL_EVENT
LONG,WIN,85.000/364.286 : NO_HIGHLIGHTED_LEVEL_EVENT
LONG,LOSS,85.000/364.286 : NO_HIGHLIGHTED_LEVEL_EVENT
LONG,LOSS,85.000/364.286 : NO_HIGHLIGHTED_LEVEL_EVENT
LONG,LOSS,85.000/364.286 : NO_HIGHLIGHTED_LEVEL_EVENT
LONG,LOSS,85.000/364.286 : NO_HIGHLIGHTED_LEVEL_EVENT
LONG,LOSS,85.000/364.286 : NO_HIGHLIGHTED_LEVEL_EVENT
LONG,LOSS,85.000/364.286 : NO_HIGHLIGHTED_LEVEL_EVENT
LONG,LOSS,85.000/364.286 : NO_HIGHLIGHTED_LEVEL_EVENT
LONG,LOSS,85.000/364.286 : NO_HIGHLIGHTED_LEVEL_EVENT
LONG,WIN,85.000/364.286 : NO_HIGHLIGHTED_LEVEL_EVENT
LONG,WIN,85.000/364.286 : NO_HIGHLIGHTED_LEVEL_EVENT
SHORT,LOSS,85.000/971.429 : NO_HIGHLIGHTED_LEVEL_EVENT
SHORT,LOSS,85.000/728.571 : NO_HIGHLIGHTED_LEVEL_EVENT
LONG,LOSS,85.000/364.286 : NO_HIGHLIGHTED_LEVEL_EVENT
SHORT,WIN,85.000/728.571 : NO_HIGHLIGHTED_LEVEL_EVENT
LONG,LOSS,85.000/364.286 : NO_HIGHLIGHTED_LEVEL_EVENT
SHORT,LOSS,85.000/728.571 : NO_HIGHLIGHTED_LEVEL_EVENT
SHORT,LOSS,85.000/971.429 : NO_HIGHLIGHTED_LEVEL_EVENT
LONG,WIN,85.000/364.286 : NO_HIGHLIGHTED_LEVEL_EVENT
SHORT,LOSS,85.000/971.429 : NO_HIGHLIGHTED_LEVEL_EVENT
LONG,WIN,85.000/364.286 : NO_HIGHLIGHTED_LEVEL_EVENT
SHORT,LOSS,85.000/971.429 : NO_HIGHLIGHTED_LEVEL_EVENT
LONG,LOSS,85.000/364.286 : NO_HIGHLIGHTED_LEVEL_EVENT
SHORT,LOSS,85.000/728.571 : NO_HIGHLIGHTED_LEVEL_EVENT
LONG,LOSS,85.000/364.286 : NO_HIGHLIGHTED_LEVEL_EVENT
SHORT,WIN,85.000/728.571 : NO_HIGHLIGHTED_LEVEL_EVENT
LONG,LOSS,85.000/364.286 : NO_HIGHLIGHTED_LEVEL_EVENT
LONG,LOSS,85.000/364.286 : NO_HIGHLIGHTED_LEVEL_EVENT
SHORT,LOSS,85.000/728.571 : NO_HIGHLIGHTED_LEVEL_EVENT
LONG,WIN,285.000/316.667 : 30M_TOUCH_LEVEL @ 2025-08-03 06:09 : +12.422082 (Relative INC) : CHANGE 0.00% : CURRENT STRENGTH +12.422082
SHORT,LOSS,85.000/971.429 : NO_HIGHLIGHTED_LEVEL_EVENT
LONG,LOSS,85.000/364.286 : NO_HIGHLIGHTED_LEVEL_EVENT
LONG,LOSS,85.000/971.429 : NO_HIGHLIGHTED_LEVEL_EVENT
LONG,LOSS,85.000/364.286 : NO_HIGHLIGHTED_LEVEL_EVENT
LONG,LOSS,85.000/364.286 : NO_HIGHLIGHTED_LEVEL_EVENT
SHORT,LOSS,85.000/971.429 : NO_HIGHLIGHTED_LEVEL_EVENT
SHORT,LOSS,85.000/971.429 : NO_HIGHLIGHTED_LEVEL_EVENT
SHORT,LOSS,85.000/485.714 : NO_HIGHLIGHTED_LEVEL_EVENT
SHORT,LOSS,85.000/485.714 : NO_HIGHLIGHTED_LEVEL_EVENT
LONG,LOSS,85.000/364.286 : NO_HIGHLIGHTED_LEVEL_EVENT
SHORT,LOSS,85.000/485.714 : NO_HIGHLIGHTED_LEVEL_EVENT
LONG,LOSS,85.000/364.286 : NO_HIGHLIGHTED_LEVEL_EVENT
LONG,LOSS,85.000/364.286 : NO_HIGHLIGHTED_LEVEL_EVENT
LONG,WIN,85.000/364.286 : 30M_TOUCH_LEVEL @ 2025-08-06 19:06 : +33.815312 (Relative INC) : CHANGE 0.00% : CURRENT STRENGTH +33.815312
LONG,WIN,85.000/971.429 : NO_HIGHLIGHTED_LEVEL_EVENT
SHORT,LOSS,85.000/728.571 : NO_HIGHLIGHTED_LEVEL_EVENT
LONG,LOSS,285.000/316.667 : NO_HIGHLIGHTED_LEVEL_EVENT
LONG,LOSS,85.000/364.286 : NO_HIGHLIGHTED_LEVEL_EVENT
LONG,LOSS,85.000/364.286 : NO_HIGHLIGHTED_LEVEL_EVENT
LONG,LOSS,85.000/364.286 : NO_HIGHLIGHTED_LEVEL_EVENT
SHORT,LOSS,85.000/728.571 : NO_HIGHLIGHTED_LEVEL_EVENT
LONG,LOSS,85.000/971.429 : NO_HIGHLIGHTED_LEVEL_EVENT
SHORT,WIN,85.000/485.714 : NO_HIGHLIGHTED_LEVEL_EVENT
SHORT,WIN,235.000/854.545 : 1H_ENTRY_LEVEL @ 2025-08-12 00:17 : +31.252171 (Relative INC) : CHANGE 0.00% : CURRENT STRENGTH +31.252171
LONG,WIN,85.000/364.286 : 1H_ENTRY_LEVEL @ 2025-08-12 04:02 : +77.254365 (Relative INC) : CHANGE 0.00% : CURRENT STRENGTH +77.254365
LONG,LOSS,85.000/364.286 : NO_HIGHLIGHTED_LEVEL_EVENT
LONG,LOSS,85.000/364.286 : NO_HIGHLIGHTED_LEVEL_EVENT
LONG,WIN,85.000/364.286 : NO_HIGHLIGHTED_LEVEL_EVENT
LONG,LOSS,85.000/364.286 : NO_HIGHLIGHTED_LEVEL_EVENT
LONG,LOSS,85.000/364.286 : NO_HIGHLIGHTED_LEVEL_EVENT
SHORT,LOSS,85.000/728.571 : NO_HIGHLIGHTED_LEVEL_EVENT
LONG,LOSS,285.000/316.667 : NO_HIGHLIGHTED_LEVEL_EVENT
LONG,LOSS,85.000/364.286 : NO_HIGHLIGHTED_LEVEL_EVENT
LONG,WIN,85.000/364.286 : NO_HIGHLIGHTED_LEVEL_EVENT
SHORT,WIN,85.000/728.571 : 1H_ENTRY_LEVEL @ 2025-08-19 19:02 : +79.412002 (Relative INC) : CHANGE 0.00% : CURRENT STRENGTH +79.412002
LONG,LOSS,85.000/364.286 : NO_HIGHLIGHTED_LEVEL_EVENT
LONG,WIN,85.000/364.286 : NO_HIGHLIGHTED_LEVEL_EVENT
LONG,LOSS,85.000/728.571 : NO_HIGHLIGHTED_LEVEL_EVENT
SHORT,WIN,85.000/485.714 : NO_HIGHLIGHTED_LEVEL_EVENT
LONG,LOSS,85.000/364.286 : NO_HIGHLIGHTED_LEVEL_EVENT
SHORT,LOSS,85.000/728.571 : NO_HIGHLIGHTED_LEVEL_EVENT
LONG,WIN,85.000/364.286 : NO_HIGHLIGHTED_LEVEL_EVENT
LONG,LOSS,85.000/364.286 : NO_HIGHLIGHTED_LEVEL_EVENT
LONG,WIN,85.000/364.286 : NO_HIGHLIGHTED_LEVEL_EVENT
LONG,LOSS,85.000/364.286 : NO_HIGHLIGHTED_LEVEL_EVENT
SHORT,WIN,85.000/485.714 : 1H_ENTRY_LEVEL @ 2025-08-24 07:34 : +91.560993 (Relative INC) : CHANGE 0.00% : CURRENT STRENGTH +91.560993 -> 30M_TOUCH_LEVEL @ 2025-08-24 07:38 : +104.891086 (Relative INC) : CHANGE 114.56% : CURRENT STRENGTH +196.452079
SHORT,LOSS,85.000/971.429 : NO_HIGHLIGHTED_LEVEL_EVENT
LONG,LOSS,85.000/364.286 : NO_HIGHLIGHTED_LEVEL_EVENT
LONG,WIN,85.000/364.286 : NO_HIGHLIGHTED_LEVEL_EVENT
SHORT,LOSS,85.000/971.429 : NO_HIGHLIGHTED_LEVEL_EVENT
LONG,LOSS,85.000/364.286 : NO_HIGHLIGHTED_LEVEL_EVENT
SHORT,WIN,85.000/728.571 : 30M_TOUCH_LEVEL @ 2025-08-25 12:45 : +90.840573 (Relative INC) : CHANGE 0.00% : CURRENT STRENGTH +90.840573
SHORT,LOSS,85.000/485.714 : NO_HIGHLIGHTED_LEVEL_EVENT
SHORT,WIN,85.000/971.429 : 1H_ENTRY_LEVEL @ 2025-08-25 18:53 : +51.854992 (Relative INC) : CHANGE 0.00% : CURRENT STRENGTH +51.854992 -> 30M_TOUCH_LEVEL @ 2025-08-25 18:55 : +22.739542 (Relative INC) : CHANGE 43.85% : CURRENT STRENGTH +74.594534
LONG,WIN,85.000/364.286 : NO_HIGHLIGHTED_LEVEL_EVENT
LONG,LOSS,85.000/364.286 : NO_HIGHLIGHTED_LEVEL_EVENT
SHORT,WIN,85.000/971.429 : NO_HIGHLIGHTED_LEVEL_EVENT
LONG,WIN,85.000/364.286 : 1H_ENTRY_LEVEL @ 2025-08-26 08:32 : +72.909849 (Relative INC) : CHANGE 0.00% : CURRENT STRENGTH +72.909849
LONG,LOSS,85.000/364.286 : NO_HIGHLIGHTED_LEVEL_EVENT
LONG,LOSS,85.000/364.286 : NO_HIGHLIGHTED_LEVEL_EVENT
LONG,LOSS,85.000/364.286 : NO_HIGHLIGHTED_LEVEL_EVENT
LONG,LOSS,85.000/364.286 : NO_HIGHLIGHTED_LEVEL_EVENT
SHORT,LOSS,85.000/971.429 : NO_HIGHLIGHTED_LEVEL_EVENT
LONG,WIN,85.000/364.286 : NO_HIGHLIGHTED_LEVEL_EVENT
LONG,LOSS,85.000/364.286 : NO_HIGHLIGHTED_LEVEL_EVENT
LONG,WIN,85.000/364.286 : 1H_ENTRY_LEVEL @ 2025-08-29 21:32 : +72.909849 (Relative INC) : CHANGE 0.00% : CURRENT STRENGTH +72.909849
SHORT,LOSS,85.000/728.571 : NO_HIGHLIGHTED_LEVEL_EVENT
SHORT,LOSS,85.000/971.429 : NO_HIGHLIGHTED_LEVEL_EVENT
SHORT,LOSS,85.000/728.571 : NO_HIGHLIGHTED_LEVEL_EVENT
SHORT,LOSS,85.000/971.429 : NO_HIGHLIGHTED_LEVEL_EVENT
SHORT,LOSS,85.000/728.571 : NO_HIGHLIGHTED_LEVEL_EVENT
LONG,LOSS,85.000/364.286 : 1H_ENTRY_LEVEL @ 2025-09-03 20:43 : -25.411200 (Relative DEC) : CHANGE 0.00% : CURRENT STRENGTH -25.411200
LONG,LOSS,85.000/364.286 : NO_HIGHLIGHTED_LEVEL_EVENT
LONG,LOSS,85.000/364.286 : NO_HIGHLIGHTED_LEVEL_EVENT
SHORT,LOSS,85.000/728.571 : NO_HIGHLIGHTED_LEVEL_EVENT
LONG,WIN,85.000/364.286 : NO_HIGHLIGHTED_LEVEL_EVENT
LONG,LOSS,285.000/316.667 : NO_HIGHLIGHTED_LEVEL_EVENT
LONG,WIN,85.000/364.286 : NO_HIGHLIGHTED_LEVEL_EVENT
LONG,LOSS,85.000/364.286 : NO_HIGHLIGHTED_LEVEL_EVENT
SHORT,LOSS,85.000/728.571 : NO_HIGHLIGHTED_LEVEL_EVENT
LONG,LOSS,85.000/364.286 : NO_HIGHLIGHTED_LEVEL_EVENT
LONG,WIN,85.000/364.286 : NO_HIGHLIGHTED_LEVEL_EVENT
SHORT,LOSS,85.000/971.429 : NO_HIGHLIGHTED_LEVEL_EVENT
LONG,WIN,85.000/364.286 : NO_HIGHLIGHTED_LEVEL_EVENT
LONG,LOSS,85.000/364.286 : NO_HIGHLIGHTED_LEVEL_EVENT
LONG,LOSS,85.000/971.429 : NO_HIGHLIGHTED_LEVEL_EVENT
SHORT,LOSS,85.000/728.571 : NO_HIGHLIGHTED_LEVEL_EVENT
LONG,LOSS,85.000/364.286 : NO_HIGHLIGHTED_LEVEL_EVENT
SHORT,LOSS,85.000/485.714 : NO_HIGHLIGHTED_LEVEL_EVENT
SHORT,LOSS,85.000/728.571 : NO_HIGHLIGHTED_LEVEL_EVENT
LONG,LOSS,85.000/364.286 : NO_HIGHLIGHTED_LEVEL_EVENT
LONG,LOSS,85.000/364.286 : NO_HIGHLIGHTED_LEVEL_EVENT
LONG,LOSS,85.000/364.286 : NO_HIGHLIGHTED_LEVEL_EVENT
SHORT,WIN,85.000/485.714 : 1H_ENTRY_LEVEL @ 2025-09-22 20:02 : +79.412002 (Relative INC) : CHANGE 0.00% : CURRENT STRENGTH +79.412002
LONG,LOSS,85.000/364.286 : NO_HIGHLIGHTED_LEVEL_EVENT
LONG,WIN,85.000/364.286 : 30M_TOUCH_LEVEL @ 2025-09-23 10:06 : +33.815312 (Relative INC) : CHANGE 0.00% : CURRENT STRENGTH +33.815312
SHORT,LOSS,85.000/728.571 : NO_HIGHLIGHTED_LEVEL_EVENT
LONG,LOSS,85.000/364.286 : NO_HIGHLIGHTED_LEVEL_EVENT
LONG,LOSS,85.000/364.286 : NO_HIGHLIGHTED_LEVEL_EVENT
SHORT,LOSS,85.000/971.429 : NO_HIGHLIGHTED_LEVEL_EVENT
SHORT,LOSS,85.000/728.571 : NO_HIGHLIGHTED_LEVEL_EVENT
LONG,LOSS,85.000/364.286 : NO_HIGHLIGHTED_LEVEL_EVENT
SHORT,LOSS,85.000/485.714 : NO_HIGHLIGHTED_LEVEL_EVENT
LONG,LOSS,85.000/364.286 : NO_HIGHLIGHTED_LEVEL_EVENT
LONG,LOSS,85.000/364.286 : NO_HIGHLIGHTED_LEVEL_EVENT
LONG,LOSS,85.000/364.286 : NO_HIGHLIGHTED_LEVEL_EVENT
SHORT,LOSS,85.000/485.714 : NO_HIGHLIGHTED_LEVEL_EVENT
SHORT,LOSS,85.000/485.714 : NO_HIGHLIGHTED_LEVEL_EVENT
LONG,LOSS,85.000/364.286 : NO_HIGHLIGHTED_LEVEL_EVENT
SHORT,LOSS,85.000/971.429 : NO_HIGHLIGHTED_LEVEL_EVENT
SHORT,LOSS,85.000/971.429 : NO_HIGHLIGHTED_LEVEL_EVENT
LONG,WIN,285.000/316.667 : NO_HIGHLIGHTED_LEVEL_EVENT
LONG,LOSS,85.000/364.286 : NO_HIGHLIGHTED_LEVEL_EVENT
LONG,LOSS,85.000/971.429 : NO_HIGHLIGHTED_LEVEL_EVENT
LONG,LOSS,85.000/364.286 : NO_HIGHLIGHTED_LEVEL_EVENT
LONG,LOSS,85.000/364.286 : NO_HIGHLIGHTED_LEVEL_EVENT
LONG,LOSS,85.000/364.286 : NO_HIGHLIGHTED_LEVEL_EVENT
LONG,LOSS,85.000/364.286 : NO_HIGHLIGHTED_LEVEL_EVENT
LONG,LOSS,85.000/364.286 : NO_HIGHLIGHTED_LEVEL_EVENT
LONG,LOSS,85.000/364.286 : NO_HIGHLIGHTED_LEVEL_EVENT
SHORT,LOSS,85.000/728.571 : NO_HIGHLIGHTED_LEVEL_EVENT
SHORT,LOSS,85.000/971.429 : NO_HIGHLIGHTED_LEVEL_EVENT
LONG,LOSS,85.000/364.286 : NO_HIGHLIGHTED_LEVEL_EVENT
LONG,LOSS,85.000/364.286 : NO_HIGHLIGHTED_LEVEL_EVENT
LONG,WIN,85.000/364.286 : NO_HIGHLIGHTED_LEVEL_EVENT
SHORT,LOSS,85.000/728.571 : NO_HIGHLIGHTED_LEVEL_EVENT
SHORT,LOSS,85.000/971.429 : NO_HIGHLIGHTED_LEVEL_EVENT
LONG,WIN,85.000/364.286 : 30M_TOUCH_LEVEL @ 2025-10-08 02:30 : +107.777472 (Relative INC) : CHANGE 0.00% : CURRENT STRENGTH +107.777472 -> 1H_ENTRY_LEVEL @ 2025-10-08 02:32 : +72.909849 (Relative INC) : CHANGE 67.65% : CURRENT STRENGTH +180.687321
SHORT,LOSS,85.000/728.571 : NO_HIGHLIGHTED_LEVEL_EVENT
SHORT,LOSS,85.000/485.714 : NO_HIGHLIGHTED_LEVEL_EVENT
LONG,WIN,85.000/364.286 : 1H_ENTRY_LEVEL @ 2025-10-08 09:38 : +78.189074 (Relative INC) : CHANGE 0.00% : CURRENT STRENGTH +78.189074
LONG,LOSS,85.000/364.286 : NO_HIGHLIGHTED_LEVEL_EVENT
LONG,LOSS,85.000/364.286 : NO_HIGHLIGHTED_LEVEL_EVENT
SHORT,WIN,85.000/485.714 : 30M_TOUCH_LEVEL @ 2025-10-08 20:01 : +79.470800 (Relative INC) : CHANGE 0.00% : CURRENT STRENGTH +79.470800
SHORT,LOSS,85.000/971.429 : NO_HIGHLIGHTED_LEVEL_EVENT
SHORT,LOSS,85.000/485.714 : NO_HIGHLIGHTED_LEVEL_EVENT
LONG,LOSS,85.000/364.286 : NO_HIGHLIGHTED_LEVEL_EVENT
SHORT,LOSS,85.000/485.714 : NO_HIGHLIGHTED_LEVEL_EVENT
SHORT,LOSS,85.000/485.714 : NO_HIGHLIGHTED_LEVEL_EVENT
LONG,LOSS,85.000/364.286 : 1H_ENTRY_LEVEL @ 2025-10-12 12:43 : -25.411200 (Relative DEC) : CHANGE 0.00% : CURRENT STRENGTH -25.411200
SHORT,LOSS,85.000/728.571 : NO_HIGHLIGHTED_LEVEL_EVENT
SHORT,LOSS,85.000/971.429 : NO_HIGHLIGHTED_LEVEL_EVENT
SHORT,LOSS,85.000/971.429 : NO_HIGHLIGHTED_LEVEL_EVENT
SHORT,WIN,85.000/485.714 : 30M_TOUCH_LEVEL @ 2025-10-13 07:31 : +143.947736 (Relative INC) : CHANGE 0.00% : CURRENT STRENGTH +143.947736
SHORT,WIN,85.000/971.429 : 1H_ENTRY_LEVEL @ 2025-10-13 08:33 : +51.678593 (Relative INC) : CHANGE 0.00% : CURRENT STRENGTH +51.678593
LONG,LOSS,85.000/364.286 : NO_HIGHLIGHTED_LEVEL_EVENT
SHORT,LOSS,85.000/971.429 : NO_HIGHLIGHTED_LEVEL_EVENT
SHORT,LOSS,85.000/485.714 : NO_HIGHLIGHTED_LEVEL_EVENT
LONG,WIN,85.000/364.286 : 1H_ENTRY_LEVEL @ 2025-10-17 02:38 : +78.189074 (Relative INC) : CHANGE 0.00% : CURRENT STRENGTH +78.189074
LONG,WIN,85.000/364.286 : 1H_ENTRY_LEVEL @ 2025-10-17 08:12 : +66.483684 (Relative INC) : CHANGE 0.00% : CURRENT STRENGTH +66.483684
LONG,LOSS,85.000/971.429 : NO_HIGHLIGHTED_LEVEL_EVENT
LONG,LOSS,85.000/364.286 : NO_HIGHLIGHTED_LEVEL_EVENT
SHORT,LOSS,85.000/485.714 : NO_HIGHLIGHTED_LEVEL_EVENT
LONG,WIN,85.000/364.286 : NO_HIGHLIGHTED_LEVEL_EVENT
LONG,WIN,85.000/364.286 : NO_HIGHLIGHTED_LEVEL_EVENT
SHORT,LOSS,85.000/971.429 : NO_HIGHLIGHTED_LEVEL_EVENT
LONG,LOSS,85.000/364.286 : NO_HIGHLIGHTED_LEVEL_EVENT
SHORT,LOSS,85.000/728.571 : NO_HIGHLIGHTED_LEVEL_EVENT
LONG,WIN,85.000/364.286 : NO_HIGHLIGHTED_LEVEL_EVENT
LONG,LOSS,85.000/364.286 : NO_HIGHLIGHTED_LEVEL_EVENT
SHORT,LOSS,85.000/728.571 : NO_HIGHLIGHTED_LEVEL_EVENT
LONG,WIN,85.000/364.286 : NO_HIGHLIGHTED_LEVEL_EVENT
LONG,WIN,85.000/364.286 : NO_HIGHLIGHTED_LEVEL_EVENT
SHORT,LOSS,85.000/485.714 : NO_HIGHLIGHTED_LEVEL_EVENT
LONG,LOSS,85.000/364.286 : NO_HIGHLIGHTED_LEVEL_EVENT
SHORT,LOSS,85.000/485.714 : NO_HIGHLIGHTED_LEVEL_EVENT
SHORT,LOSS,85.000/971.429 : NO_HIGHLIGHTED_LEVEL_EVENT
LONG,LOSS,85.000/971.429 : NO_HIGHLIGHTED_LEVEL_EVENT
LONG,LOSS,85.000/364.286 : NO_HIGHLIGHTED_LEVEL_EVENT
LONG,LOSS,85.000/364.286 : NO_HIGHLIGHTED_LEVEL_EVENT
LONG,LOSS,85.000/364.286 : NO_HIGHLIGHTED_LEVEL_EVENT
LONG,LOSS,85.000/364.286 : NO_HIGHLIGHTED_LEVEL_EVENT
SHORT,LOSS,85.000/728.571 : NO_HIGHLIGHTED_LEVEL_EVENT
LONG,LOSS,85.000/364.286 : NO_HIGHLIGHTED_LEVEL_EVENT
LONG,WIN,85.000/364.286 : NO_HIGHLIGHTED_LEVEL_EVENT
LONG,LOSS,85.000/364.286 : NO_HIGHLIGHTED_LEVEL_EVENT
LONG,WIN,85.000/364.286 : NO_HIGHLIGHTED_LEVEL_EVENT
LONG,LOSS,85.000/364.286 : NO_HIGHLIGHTED_LEVEL_EVENT
LONG,WIN,85.000/364.286 : NO_HIGHLIGHTED_LEVEL_EVENT
LONG,LOSS,85.000/364.286 : NO_HIGHLIGHTED_LEVEL_EVENT
LONG,WIN,85.000/364.286 : 1H_ENTRY_LEVEL @ 2025-10-27 03:02 : +77.254365 (Relative INC) : CHANGE 0.00% : CURRENT STRENGTH +77.254365
SHORT,WIN,85.000/485.714 : NO_HIGHLIGHTED_LEVEL_EVENT
SHORT,LOSS,85.000/971.429 : NO_HIGHLIGHTED_LEVEL_EVENT
LONG,WIN,85.000/364.286 : 30M_TOUCH_LEVEL @ 2025-10-27 19:06 : +33.815312 (Relative INC) : CHANGE 0.00% : CURRENT STRENGTH +33.815312
LONG,LOSS,85.000/364.286 : NO_HIGHLIGHTED_LEVEL_EVENT
LONG,LOSS,85.000/364.286 : NO_HIGHLIGHTED_LEVEL_EVENT
LONG,LOSS,85.000/364.286 : NO_HIGHLIGHTED_LEVEL_EVENT
SHORT,WIN,85.000/485.714 : NO_HIGHLIGHTED_LEVEL_EVENT
LONG,LOSS,85.000/364.286 : NO_HIGHLIGHTED_LEVEL_EVENT
LONG,LOSS,85.000/364.286 : NO_HIGHLIGHTED_LEVEL_EVENT
LONG,WIN,85.000/364.286 : NO_HIGHLIGHTED_LEVEL_EVENT
LONG,LOSS,85.000/364.286 : NO_HIGHLIGHTED_LEVEL_EVENT
LONG,LOSS,85.000/364.286 : NO_HIGHLIGHTED_LEVEL_EVENT
SHORT,WIN,85.000/728.571 : 30M_TOUCH_LEVEL @ 2025-10-29 19:03 : +48.277428 (Relative INC) : CHANGE 0.00% : CURRENT STRENGTH +48.277428
LONG,LOSS,85.000/364.286 : NO_HIGHLIGHTED_LEVEL_EVENT
LONG,LOSS,85.000/364.286 : NO_HIGHLIGHTED_LEVEL_EVENT
LONG,LOSS,85.000/364.286 : NO_HIGHLIGHTED_LEVEL_EVENT
LONG,LOSS,85.000/364.286 : NO_HIGHLIGHTED_LEVEL_EVENT
LONG,WIN,85.000/364.286 : NO_HIGHLIGHTED_LEVEL_EVENT
LONG,LOSS,85.000/364.286 : NO_HIGHLIGHTED_LEVEL_EVENT
SHORT,WIN,85.000/971.429 : 30M_TOUCH_LEVEL @ 2025-11-03 07:16 : +22.739542 (Relative INC) : CHANGE 0.00% : CURRENT STRENGTH +22.739542
LONG,LOSS,85.000/364.286 : NO_HIGHLIGHTED_LEVEL_EVENT
LONG,LOSS,85.000/364.286 : NO_HIGHLIGHTED_LEVEL_EVENT
SHORT,LOSS,85.000/728.571 : NO_HIGHLIGHTED_LEVEL_EVENT
SHORT,LOSS,85.000/971.429 : NO_HIGHLIGHTED_LEVEL_EVENT
SHORT,LOSS,85.000/728.571 : NO_HIGHLIGHTED_LEVEL_EVENT
SHORT,LOSS,85.000/485.714 : NO_HIGHLIGHTED_LEVEL_EVENT
LONG,LOSS,85.000/364.286 : NO_HIGHLIGHTED_LEVEL_EVENT
LONG,LOSS,85.000/364.286 : NO_HIGHLIGHTED_LEVEL_EVENT
LONG,LOSS,85.000/364.286 : NO_HIGHLIGHTED_LEVEL_EVENT
LONG,LOSS,85.000/364.286 : NO_HIGHLIGHTED_LEVEL_EVENT
SHORT,WIN,85.000/728.571 : 30M_TOUCH_LEVEL @ 2025-11-04 12:31 : +143.947736 (Relative INC) : CHANGE 0.00% : CURRENT STRENGTH +143.947736
LONG,WIN,85.000/364.286 : NO_HIGHLIGHTED_LEVEL_EVENT
SHORT,WIN,85.000/728.571 : 1H_ENTRY_LEVEL @ 2025-11-04 19:38 : +85.067486 (Relative INC) : CHANGE 0.00% : CURRENT STRENGTH +85.067486
LONG,LOSS,85.000/971.429 : NO_HIGHLIGHTED_LEVEL_EVENT
LONG,LOSS,85.000/364.286 : NO_HIGHLIGHTED_LEVEL_EVENT
LONG,LOSS,85.000/364.286 : NO_HIGHLIGHTED_LEVEL_EVENT
LONG,LOSS,85.000/364.286 : NO_HIGHLIGHTED_LEVEL_EVENT
LONG,WIN,85.000/364.286 : NO_HIGHLIGHTED_LEVEL_EVENT
LONG,LOSS,85.000/364.286 : NO_HIGHLIGHTED_LEVEL_EVENT
SHORT,WIN,85.000/364.286 : 30M_TOUCH_LEVEL @ 2025-11-05 09:38 : +104.891086 (Relative INC) : CHANGE 0.00% : CURRENT STRENGTH +104.891086
LONG,WIN,85.000/364.286 : NO_HIGHLIGHTED_LEVEL_EVENT
LONG,WIN,85.000/364.286 : NO_HIGHLIGHTED_LEVEL_EVENT
LONG,WIN,85.000/971.429 : NO_HIGHLIGHTED_LEVEL_EVENT
LONG,WIN,85.000/364.286 : 1H_ENTRY_LEVEL @ 2025-11-05 23:02 : +77.254365 (Relative INC) : CHANGE 0.00% : CURRENT STRENGTH +77.254365 -> 30M_TOUCH_LEVEL @ 2025-11-05 23:17 : +8.876519 (Relative INC) : CHANGE 11.49% : CURRENT STRENGTH +86.130884
LONG,LOSS,85.000/364.286 : NO_HIGHLIGHTED_LEVEL_EVENT
LONG,LOSS,85.000/364.286 : NO_HIGHLIGHTED_LEVEL_EVENT
LONG,LOSS,285.000/316.667 : NO_HIGHLIGHTED_LEVEL_EVENT
LONG,WIN,285.000/316.667 : NO_HIGHLIGHTED_LEVEL_EVENT
SHORT,LOSS,85.000/971.429 : NO_HIGHLIGHTED_LEVEL_EVENT
LONG,LOSS,85.000/364.286 : NO_HIGHLIGHTED_LEVEL_EVENT
SHORT,LOSS,85.000/971.429 : NO_HIGHLIGHTED_LEVEL_EVENT
SHORT,LOSS,85.000/728.571 : NO_HIGHLIGHTED_LEVEL_EVENT
LONG,LOSS,85.000/364.286 : NO_HIGHLIGHTED_LEVEL_EVENT
LONG,LOSS,85.000/364.286 : NO_HIGHLIGHTED_LEVEL_EVENT
SHORT,LOSS,85.000/485.714 : NO_HIGHLIGHTED_LEVEL_EVENT
LONG,LOSS,285.000/316.667 : NO_HIGHLIGHTED_LEVEL_EVENT
LONG,LOSS,85.000/364.286 : NO_HIGHLIGHTED_LEVEL_EVENT
SHORT,LOSS,85.000/728.571 : NO_HIGHLIGHTED_LEVEL_EVENT
LONG,LOSS,85.000/364.286 : NO_HIGHLIGHTED_LEVEL_EVENT
LONG,WIN,85.000/364.286 : 1H_ENTRY_LEVEL @ 2025-11-12 10:02 : +77.254365 (Relative INC) : CHANGE 0.00% : CURRENT STRENGTH +77.254365 -> 30M_TOUCH_LEVEL @ 2025-11-12 10:06 : +33.815312 (Relative INC) : CHANGE 43.77% : CURRENT STRENGTH +111.069677
LONG,LOSS,85.000/364.286 : NO_HIGHLIGHTED_LEVEL_EVENT
SHORT,WIN,85.000/728.571 : NO_HIGHLIGHTED_LEVEL_EVENT
LONG,LOSS,285.000/316.667 : NO_HIGHLIGHTED_LEVEL_EVENT
LONG,LOSS,85.000/364.286 : NO_HIGHLIGHTED_LEVEL_EVENT
SHORT,WIN,235.000/854.545 : 30M_TOUCH_LEVEL @ 2025-11-16 17:47 : +7.155128 (Relative INC) : CHANGE 0.00% : CURRENT STRENGTH +7.155128
SHORT,WIN,85.000/485.714 : NO_HIGHLIGHTED_LEVEL_EVENT
SHORT,LOSS,85.000/485.714 : NO_HIGHLIGHTED_LEVEL_EVENT
SHORT,LOSS,85.000/971.429 : NO_HIGHLIGHTED_LEVEL_EVENT
LONG,LOSS,85.000/728.571 : NO_HIGHLIGHTED_LEVEL_EVENT
LONG,LOSS,85.000/364.286 : NO_HIGHLIGHTED_LEVEL_EVENT
SHORT,LOSS,85.000/485.714 : NO_HIGHLIGHTED_LEVEL_EVENT
SHORT,LOSS,85.000/485.714 : NO_HIGHLIGHTED_LEVEL_EVENT
LONG,LOSS,85.000/364.286 : NO_HIGHLIGHTED_LEVEL_EVENT
SHORT,LOSS,85.000/728.571 : NO_HIGHLIGHTED_LEVEL_EVENT
SHORT,LOSS,85.000/971.429 : NO_HIGHLIGHTED_LEVEL_EVENT
LONG,LOSS,85.000/728.571 : NO_HIGHLIGHTED_LEVEL_EVENT
LONG,LOSS,85.000/364.286 : NO_HIGHLIGHTED_LEVEL_EVENT
LONG,LOSS,85.000/364.286 : NO_HIGHLIGHTED_LEVEL_EVENT
LONG,LOSS,85.000/364.286 : NO_HIGHLIGHTED_LEVEL_EVENT
LONG,LOSS,85.000/364.286 : NO_HIGHLIGHTED_LEVEL_EVENT
SHORT,LOSS,85.000/485.714 : NO_HIGHLIGHTED_LEVEL_EVENT
LONG,WIN,85.000/364.286 : NO_HIGHLIGHTED_LEVEL_EVENT
LONG,LOSS,85.000/364.286 : NO_HIGHLIGHTED_LEVEL_EVENT
LONG,LOSS,85.000/364.286 : NO_HIGHLIGHTED_LEVEL_EVENT
LONG,LOSS,85.000/364.286 : NO_HIGHLIGHTED_LEVEL_EVENT
LONG,WIN,85.000/364.286 : NO_HIGHLIGHTED_LEVEL_EVENT
LONG,LOSS,85.000/971.429 : NO_HIGHLIGHTED_LEVEL_EVENT
LONG,LOSS,85.000/364.286 : NO_HIGHLIGHTED_LEVEL_EVENT
LONG,LOSS,85.000/364.286 : NO_HIGHLIGHTED_LEVEL_EVENT
LONG,LOSS,85.000/364.286 : NO_HIGHLIGHTED_LEVEL_EVENT
LONG,WIN,85.000/364.286 : NO_HIGHLIGHTED_LEVEL_EVENT
LONG,LOSS,85.000/364.286 : NO_HIGHLIGHTED_LEVEL_EVENT
LONG,LOSS,85.000/364.286 : NO_HIGHLIGHTED_LEVEL_EVENT
LONG,LOSS,85.000/364.286 : NO_HIGHLIGHTED_LEVEL_EVENT
LONG,LOSS,85.000/728.571 : NO_HIGHLIGHTED_LEVEL_EVENT
LONG,LOSS,85.000/364.286 : NO_HIGHLIGHTED_LEVEL_EVENT
SHORT,WIN,85.000/485.714 : 1H_ENTRY_LEVEL @ 2025-11-23 22:02 : +79.412002 (Relative INC) : CHANGE 0.00% : CURRENT STRENGTH +79.412002 -> 30M_TOUCH_LEVEL @ 2025-11-23 22:06 : +36.848858 (Relative INC) : CHANGE 46.40% : CURRENT STRENGTH +116.260860
SHORT,LOSS,85.000/971.429 : NO_HIGHLIGHTED_LEVEL_EVENT
LONG,LOSS,85.000/364.286 : NO_HIGHLIGHTED_LEVEL_EVENT
LONG,LOSS,85.000/364.286 : NO_HIGHLIGHTED_LEVEL_EVENT
LONG,LOSS,85.000/364.286 : NO_HIGHLIGHTED_LEVEL_EVENT
LONG,LOSS,85.000/364.286 : NO_HIGHLIGHTED_LEVEL_EVENT
LONG,WIN,85.000/364.286 : NO_HIGHLIGHTED_LEVEL_EVENT
LONG,LOSS,85.000/364.286 : NO_HIGHLIGHTED_LEVEL_EVENT
SHORT,LOSS,85.000/728.571 : NO_HIGHLIGHTED_LEVEL_EVENT
SHORT,WIN,85.000/485.714 : 30M_TOUCH_LEVEL @ 2025-11-24 20:01 : +79.470800 (Relative INC) : CHANGE 0.00% : CURRENT STRENGTH +79.470800
SHORT,LOSS,85.000/971.429 : NO_HIGHLIGHTED_LEVEL_EVENT
LONG,WIN,85.000/364.286 : NO_HIGHLIGHTED_LEVEL_EVENT
SHORT,LOSS,85.000/728.571 : NO_HIGHLIGHTED_LEVEL_EVENT
SHORT,WIN,85.000/728.571 : 1H_ENTRY_LEVEL @ 2025-11-25 19:34 : +91.560993 (Relative INC) : CHANGE 0.00% : CURRENT STRENGTH +91.560993
SHORT,WIN,85.000/728.571 : 30M_TOUCH_LEVEL @ 2025-11-25 23:53 : +31.913794 (Relative INC) : CHANGE 0.00% : CURRENT STRENGTH +31.913794
LONG,LOSS,85.000/364.286 : NO_HIGHLIGHTED_LEVEL_EVENT
LONG,WIN,85.000/364.286 : 1H_ENTRY_LEVEL @ 2025-11-26 16:02 : +77.254365 (Relative INC) : CHANGE 0.00% : CURRENT STRENGTH +77.254365
SHORT,LOSS,85.000/485.714 : NO_HIGHLIGHTED_LEVEL_EVENT
LONG,LOSS,85.000/364.286 : NO_HIGHLIGHTED_LEVEL_EVENT
LONG,LOSS,85.000/364.286 : NO_HIGHLIGHTED_LEVEL_EVENT
LONG,WIN,85.000/364.286 : NO_HIGHLIGHTED_LEVEL_EVENT
LONG,WIN,85.000/364.286 : NO_HIGHLIGHTED_LEVEL_EVENT
LONG,WIN,85.000/364.286 : 1H_ENTRY_LEVEL @ 2025-11-30 08:38 : +78.189074 (Relative INC) : CHANGE 0.00% : CURRENT STRENGTH +78.189074
SHORT,LOSS,85.000/971.429 : NO_HIGHLIGHTED_LEVEL_EVENT
LONG,LOSS,85.000/364.286 : NO_HIGHLIGHTED_LEVEL_EVENT
SHORT,LOSS,85.000/971.429 : NO_HIGHLIGHTED_LEVEL_EVENT
LONG,WIN,85.000/364.286 : NO_HIGHLIGHTED_LEVEL_EVENT
LONG,LOSS,85.000/364.286 : NO_HIGHLIGHTED_LEVEL_EVENT
SHORT,LOSS,85.000/971.429 : NO_HIGHLIGHTED_LEVEL_EVENT
LONG,LOSS,85.000/364.286 : NO_HIGHLIGHTED_LEVEL_EVENT
SHORT,LOSS,85.000/485.714 : NO_HIGHLIGHTED_LEVEL_EVENT
LONG,WIN,85.000/364.286 : NO_HIGHLIGHTED_LEVEL_EVENT
LONG,LOSS,85.000/364.286 : NO_HIGHLIGHTED_LEVEL_EVENT
LONG,WIN,85.000/364.286 : NO_HIGHLIGHTED_LEVEL_EVENT
SHORT,WIN,85.000/971.429 : 1H_ENTRY_LEVEL @ 2025-12-08 18:36 : +72.269143 (Relative INC) : CHANGE 0.00% : CURRENT STRENGTH +72.269143
SHORT,LOSS,85.000/485.714 : NO_HIGHLIGHTED_LEVEL_EVENT
SHORT,LOSS,85.000/971.429 : NO_HIGHLIGHTED_LEVEL_EVENT
SHORT,LOSS,85.000/728.571 : NO_HIGHLIGHTED_LEVEL_EVENT
LONG,LOSS,85.000/364.286 : NO_HIGHLIGHTED_LEVEL_EVENT
LONG,WIN,85.000/364.286 : NO_HIGHLIGHTED_LEVEL_EVENT
LONG,LOSS,85.000/971.429 : NO_HIGHLIGHTED_LEVEL_EVENT
LONG,LOSS,85.000/364.286 : NO_HIGHLIGHTED_LEVEL_EVENT
LONG,LOSS,85.000/364.286 : NO_HIGHLIGHTED_LEVEL_EVENT
SHORT,LOSS,85.000/971.429 : 1H_ENTRY_LEVEL @ 2025-12-16 17:11 : -18.105480 (Relative DEC) : CHANGE 0.00% : CURRENT STRENGTH -18.105480
SHORT,LOSS,85.000/971.429 : NO_HIGHLIGHTED_LEVEL_EVENT
SHORT,LOSS,85.000/971.429 : NO_HIGHLIGHTED_LEVEL_EVENT
SHORT,WIN,85.000/728.571 : NO_HIGHLIGHTED_LEVEL_EVENT
LONG,LOSS,85.000/364.286 : NO_HIGHLIGHTED_LEVEL_EVENT
SHORT,LOSS,85.000/485.714 : NO_HIGHLIGHTED_LEVEL_EVENT
SHORT,WIN,85.000/971.429 : NO_HIGHLIGHTED_LEVEL_EVENT
SHORT,LOSS,235.000/854.545 : NO_HIGHLIGHTED_LEVEL_EVENT
SHORT,WIN,85.000/485.714 : 30M_TOUCH_LEVEL @ 2025-12-17 20:01 : +79.470800 (Relative INC) : CHANGE 0.00% : CURRENT STRENGTH +79.470800
SHORT,LOSS,85.000/485.714 : NO_HIGHLIGHTED_LEVEL_EVENT
LONG,LOSS,85.000/364.286 : NO_HIGHLIGHTED_LEVEL_EVENT
LONG,LOSS,85.000/364.286 : NO_HIGHLIGHTED_LEVEL_EVENT
SHORT,LOSS,85.000/971.429 : NO_HIGHLIGHTED_LEVEL_EVENT
SHORT,LOSS,85.000/971.429 : NO_HIGHLIGHTED_LEVEL_EVENT
SHORT,LOSS,85.000/971.429 : NO_HIGHLIGHTED_LEVEL_EVENT
SHORT,WIN,85.000/485.714 : 1H_ENTRY_LEVEL @ 2025-12-22 22:02 : +79.412002 (Relative INC) : CHANGE 0.00% : CURRENT STRENGTH +79.412002
SHORT,LOSS,85.000/971.429 : NO_HIGHLIGHTED_LEVEL_EVENT
LONG,LOSS,85.000/364.286 : NO_HIGHLIGHTED_LEVEL_EVENT
LONG,LOSS,85.000/364.286 : NO_HIGHLIGHTED_LEVEL_EVENT
LONG,LOSS,85.000/364.286 : NO_HIGHLIGHTED_LEVEL_EVENT
SHORT,WIN,85.000/728.571 : NO_HIGHLIGHTED_LEVEL_EVENT
LONG,LOSS,85.000/364.286 : NO_HIGHLIGHTED_LEVEL_EVENT
LONG,WIN,85.000/364.286 : NO_HIGHLIGHTED_LEVEL_EVENT
LONG,LOSS,85.000/364.286 : NO_HIGHLIGHTED_LEVEL_EVENT
LONG,LOSS,85.000/364.286 : NO_HIGHLIGHTED_LEVEL_EVENT
LONG,LOSS,85.000/364.286 : NO_HIGHLIGHTED_LEVEL_EVENT
SHORT,LOSS,85.000/728.571 : NO_HIGHLIGHTED_LEVEL_EVENT
SHORT,LOSS,85.000/485.714 : NO_HIGHLIGHTED_LEVEL_EVENT
LONG,LOSS,85.000/364.286 : NO_HIGHLIGHTED_LEVEL_EVENT
LONG,LOSS,85.000/364.286 : NO_HIGHLIGHTED_LEVEL_EVENT
LONG,LOSS,85.000/971.429 : NO_HIGHLIGHTED_LEVEL_EVENT
LONG,LOSS,85.000/364.286 : NO_HIGHLIGHTED_LEVEL_EVENT
LONG,WIN,85.000/728.571 : 1H_ENTRY_LEVEL @ 2025-12-29 05:14 : +41.075771 (Relative INC) : CHANGE 0.00% : CURRENT STRENGTH +41.075771
LONG,LOSS,85.000/364.286 : NO_HIGHLIGHTED_LEVEL_EVENT
LONG,LOSS,85.000/364.286 : NO_HIGHLIGHTED_LEVEL_EVENT
LONG,WIN,85.000/364.286 : 30M_TOUCH_LEVEL @ 2025-12-29 19:21 : +12.680742 (Relative INC) : CHANGE 0.00% : CURRENT STRENGTH +12.680742
LONG,LOSS,85.000/364.286 : NO_HIGHLIGHTED_LEVEL_EVENT
LONG,WIN,85.000/364.286 : 1H_ENTRY_LEVEL @ 2025-12-30 21:32 : +72.909849 (Relative INC) : CHANGE 0.00% : CURRENT STRENGTH +72.909849
SHORT,WIN,85.000/485.714 : 1H_ENTRY_LEVEL @ 2025-12-30 22:02 : +79.412002 (Relative INC) : CHANGE 0.00% : CURRENT STRENGTH +79.412002
LONG,LOSS,85.000/364.286 : NO_HIGHLIGHTED_LEVEL_EVENT
SHORT,LOSS,85.000/728.571 : NO_HIGHLIGHTED_LEVEL_EVENT
LONG,LOSS,85.000/971.429 : NO_HIGHLIGHTED_LEVEL_EVENT
LONG,LOSS,85.000/364.286 : NO_HIGHLIGHTED_LEVEL_EVENT
LONG,WIN,85.000/364.286 : NO_HIGHLIGHTED_LEVEL_EVENT
LONG,LOSS,85.000/364.286 : NO_HIGHLIGHTED_LEVEL_EVENT
LONG,LOSS,85.000/364.286 : 1H_ENTRY_LEVEL @ 2026-01-05 09:43 : -25.411200 (Relative DEC) : CHANGE 0.00% : CURRENT STRENGTH -25.411200
LONG,WIN,85.000/971.429 : NO_HIGHLIGHTED_LEVEL_EVENT
LONG,LOSS,85.000/364.286 : NO_HIGHLIGHTED_LEVEL_EVENT
LONG,LOSS,85.000/364.286 : NO_HIGHLIGHTED_LEVEL_EVENT
SHORT,LOSS,85.000/971.429 : NO_HIGHLIGHTED_LEVEL_EVENT
LONG,LOSS,85.000/364.286 : NO_HIGHLIGHTED_LEVEL_EVENT
LONG,LOSS,85.000/364.286 : NO_HIGHLIGHTED_LEVEL_EVENT
SHORT,LOSS,85.000/485.714 : NO_HIGHLIGHTED_LEVEL_EVENT
SHORT,LOSS,85.000/485.714 : NO_HIGHLIGHTED_LEVEL_EVENT
LONG,LOSS,85.000/364.286 : NO_HIGHLIGHTED_LEVEL_EVENT
LONG,WIN,85.000/364.286 : NO_HIGHLIGHTED_LEVEL_EVENT
SHORT,LOSS,85.000/971.429 : NO_HIGHLIGHTED_LEVEL_EVENT
LONG,LOSS,85.000/364.286 : NO_HIGHLIGHTED_LEVEL_EVENT
SHORT,LOSS,235.000/854.545 : NO_HIGHLIGHTED_LEVEL_EVENT
LONG,LOSS,85.000/364.286 : NO_HIGHLIGHTED_LEVEL_EVENT
SHORT,LOSS,85.000/728.571 : NO_HIGHLIGHTED_LEVEL_EVENT
LONG,WIN,85.000/364.286 : NO_HIGHLIGHTED_LEVEL_EVENT
LONG,LOSS,85.000/364.286 : NO_HIGHLIGHTED_LEVEL_EVENT
LONG,LOSS,85.000/364.286 : NO_HIGHLIGHTED_LEVEL_EVENT
SHORT,LOSS,85.000/728.571 : NO_HIGHLIGHTED_LEVEL_EVENT
SHORT,LOSS,85.000/971.429 : NO_HIGHLIGHTED_LEVEL_EVENT
SHORT,WIN,85.000/485.714 : 1H_ENTRY_LEVEL @ 2026-01-20 06:53 : +51.854992 (Relative INC) : CHANGE 0.00% : CURRENT STRENGTH +51.854992
SHORT,LOSS,85.000/728.571 : NO_HIGHLIGHTED_LEVEL_EVENT
SHORT,LOSS,85.000/728.571 : NO_HIGHLIGHTED_LEVEL_EVENT
SHORT,LOSS,85.000/971.429 : NO_HIGHLIGHTED_LEVEL_EVENT
SHORT,WIN,85.000/485.714 : NO_HIGHLIGHTED_LEVEL_EVENT
LONG,LOSS,85.000/364.286 : NO_HIGHLIGHTED_LEVEL_EVENT
LONG,LOSS,85.000/728.571 : NO_HIGHLIGHTED_LEVEL_EVENT
SHORT,LOSS,85.000/485.714 : NO_HIGHLIGHTED_LEVEL_EVENT
LONG,LOSS,85.000/364.286 : NO_HIGHLIGHTED_LEVEL_EVENT
LONG,LOSS,85.000/364.286 : NO_HIGHLIGHTED_LEVEL_EVENT
SHORT,LOSS,85.000/485.714 : NO_HIGHLIGHTED_LEVEL_EVENT
LONG,LOSS,85.000/364.286 : NO_HIGHLIGHTED_LEVEL_EVENT
LONG,LOSS,85.000/364.286 : NO_HIGHLIGHTED_LEVEL_EVENT
LONG,LOSS,85.000/364.286 : NO_HIGHLIGHTED_LEVEL_EVENT
LONG,WIN,85.000/364.286 : NO_HIGHLIGHTED_LEVEL_EVENT
LONG,LOSS,85.000/364.286 : NO_HIGHLIGHTED_LEVEL_EVENT
LONG,LOSS,85.000/364.286 : NO_HIGHLIGHTED_LEVEL_EVENT
LONG,WIN,85.000/364.286 : NO_HIGHLIGHTED_LEVEL_EVENT
LONG,LOSS,85.000/364.286 : NO_HIGHLIGHTED_LEVEL_EVENT
LONG,LOSS,85.000/364.286 : NO_HIGHLIGHTED_LEVEL_EVENT
LONG,LOSS,85.000/364.286 : NO_HIGHLIGHTED_LEVEL_EVENT
SHORT,LOSS,85.000/728.571 : NO_HIGHLIGHTED_LEVEL_EVENT
LONG,WIN,85.000/971.429 : NO_HIGHLIGHTED_LEVEL_EVENT
SHORT,WIN,85.000/485.714 : NO_HIGHLIGHTED_LEVEL_EVENT
SHORT,LOSS,85.000/485.714 : NO_HIGHLIGHTED_LEVEL_EVENT
SHORT,LOSS,85.000/485.714 : NO_HIGHLIGHTED_LEVEL_EVENT
SHORT,LOSS,85.000/971.429 : NO_HIGHLIGHTED_LEVEL_EVENT
LONG,WIN,85.000/364.286 : 1H_ENTRY_LEVEL @ 2026-01-28 00:32 : +72.909849 (Relative INC) : CHANGE 0.00% : CURRENT STRENGTH +72.909849
LONG,LOSS,85.000/364.286 : NO_HIGHLIGHTED_LEVEL_EVENT
SHORT,LOSS,85.000/971.429 : NO_HIGHLIGHTED_LEVEL_EVENT
SHORT,LOSS,85.000/971.429 : NO_HIGHLIGHTED_LEVEL_EVENT
SHORT,LOSS,85.000/485.714 : NO_HIGHLIGHTED_LEVEL_EVENT
LONG,WIN,85.000/364.286 : NO_HIGHLIGHTED_LEVEL_EVENT
LONG,LOSS,85.000/364.286 : NO_HIGHLIGHTED_LEVEL_EVENT
LONG,WIN,85.000/364.286 : 30M_TOUCH_LEVEL @ 2026-02-03 01:30 : +107.777472 (Relative INC) : CHANGE 0.00% : CURRENT STRENGTH +107.777472
LONG,LOSS,85.000/364.286 : NO_HIGHLIGHTED_LEVEL_EVENT
LONG,LOSS,85.000/364.286 : NO_HIGHLIGHTED_LEVEL_EVENT
LONG,WIN,85.000/364.286 : NO_HIGHLIGHTED_LEVEL_EVENT
SHORT,LOSS,85.000/728.571 : NO_HIGHLIGHTED_LEVEL_EVENT
SHORT,LOSS,85.000/971.429 : NO_HIGHLIGHTED_LEVEL_EVENT
SHORT,LOSS,85.000/728.571 : NO_HIGHLIGHTED_LEVEL_EVENT
LONG,LOSS,85.000/364.286 : NO_HIGHLIGHTED_LEVEL_EVENT
SHORT,WIN,235.000/854.545 : NO_HIGHLIGHTED_LEVEL_EVENT
LONG,LOSS,85.000/364.286 : NO_HIGHLIGHTED_LEVEL_EVENT
LONG,WIN,285.000/316.667 : NO_HIGHLIGHTED_LEVEL_EVENT
LONG,LOSS,85.000/364.286 : NO_HIGHLIGHTED_LEVEL_EVENT
LONG,WIN,85.000/971.429 : 1H_ENTRY_LEVEL @ 2026-02-06 20:02 : +77.254365 (Relative INC) : CHANGE 0.00% : CURRENT STRENGTH +77.254365
LONG,LOSS,85.000/364.286 : NO_HIGHLIGHTED_LEVEL_EVENT
LONG,LOSS,85.000/364.286 : NO_HIGHLIGHTED_LEVEL_EVENT
LONG,LOSS,85.000/728.571 : NO_HIGHLIGHTED_LEVEL_EVENT
SHORT,LOSS,85.000/728.571 : NO_HIGHLIGHTED_LEVEL_EVENT
LONG,LOSS,85.000/364.286 : NO_HIGHLIGHTED_LEVEL_EVENT
SHORT,WIN,85.000/971.429 : 30M_TOUCH_LEVEL @ 2026-02-08 20:50 : +39.764799 (Relative INC) : CHANGE 0.00% : CURRENT STRENGTH +39.764799
SHORT,LOSS,85.000/485.714 : NO_HIGHLIGHTED_LEVEL_EVENT
SHORT,LOSS,85.000/728.571 : NO_HIGHLIGHTED_LEVEL_EVENT
SHORT,LOSS,85.000/971.429 : NO_HIGHLIGHTED_LEVEL_EVENT
SHORT,LOSS,85.000/971.429 : NO_HIGHLIGHTED_LEVEL_EVENT
SHORT,LOSS,85.000/971.429 : NO_HIGHLIGHTED_LEVEL_EVENT
LONG,LOSS,85.000/364.286 : NO_HIGHLIGHTED_LEVEL_EVENT
LONG,LOSS,85.000/364.286 : NO_HIGHLIGHTED_LEVEL_EVENT
SHORT,LOSS,85.000/971.429 : NO_HIGHLIGHTED_LEVEL_EVENT
SHORT,LOSS,235.000/854.545 : NO_HIGHLIGHTED_LEVEL_EVENT
SHORT,LOSS,85.000/971.429 : NO_HIGHLIGHTED_LEVEL_EVENT
SHORT,LOSS,85.000/971.429 : NO_HIGHLIGHTED_LEVEL_EVENT
LONG,LOSS,85.000/364.286 : NO_HIGHLIGHTED_LEVEL_EVENT
LONG,WIN,85.000/364.286 : NO_HIGHLIGHTED_LEVEL_EVENT
LONG,LOSS,85.000/364.286 : NO_HIGHLIGHTED_LEVEL_EVENT
LONG,LOSS,85.000/364.286 : NO_HIGHLIGHTED_LEVEL_EVENT
LONG,LOSS,85.000/364.286 : NO_HIGHLIGHTED_LEVEL_EVENT
LONG,LOSS,85.000/364.286 : NO_HIGHLIGHTED_LEVEL_EVENT
SHORT,LOSS,85.000/728.571 : NO_HIGHLIGHTED_LEVEL_EVENT
SHORT,LOSS,235.000/854.545 : NO_HIGHLIGHTED_LEVEL_EVENT
SHORT,WIN,85.000/485.714 : 30M_TOUCH_LEVEL @ 2026-02-11 20:04 : +14.168115 (Relative INC) : CHANGE 0.00% : CURRENT STRENGTH +14.168115
SHORT,LOSS,85.000/971.429 : NO_HIGHLIGHTED_LEVEL_EVENT
LONG,LOSS,85.000/364.286 : 1H_ENTRY_LEVEL @ 2026-02-13 09:51 : -29.964040 (Relative DEC) : CHANGE 0.00% : CURRENT STRENGTH -29.964040
LONG,WIN,85.000/971.429 : NO_HIGHLIGHTED_LEVEL_EVENT
LONG,LOSS,85.000/364.286 : NO_HIGHLIGHTED_LEVEL_EVENT
LONG,WIN,85.000/364.286 : NO_HIGHLIGHTED_LEVEL_EVENT
SHORT,LOSS,85.000/485.714 : NO_HIGHLIGHTED_LEVEL_EVENT
LONG,WIN,285.000/316.667 : 1H_ENTRY_LEVEL @ 2026-02-16 22:38 : +78.189074 (Relative INC) : CHANGE 0.00% : CURRENT STRENGTH +78.189074
LONG,LOSS,85.000/364.286 : NO_HIGHLIGHTED_LEVEL_EVENT
LONG,LOSS,85.000/364.286 : NO_HIGHLIGHTED_LEVEL_EVENT
SHORT,LOSS,85.000/728.571 : NO_HIGHLIGHTED_LEVEL_EVENT
SHORT,WIN,85.000/728.571 : NO_HIGHLIGHTED_LEVEL_EVENT
LONG,WIN,85.000/364.286 : NO_HIGHLIGHTED_LEVEL_EVENT
LONG,LOSS,85.000/364.286 : NO_HIGHLIGHTED_LEVEL_EVENT
LONG,LOSS,85.000/364.286 : NO_HIGHLIGHTED_LEVEL_EVENT
SHORT,LOSS,85.000/485.714 : NO_HIGHLIGHTED_LEVEL_EVENT
LONG,LOSS,85.000/971.429 : NO_HIGHLIGHTED_LEVEL_EVENT
SHORT,WIN,85.000/485.714 : NO_HIGHLIGHTED_LEVEL_EVENT
LONG,WIN,85.000/364.286 : NO_HIGHLIGHTED_LEVEL_EVENT
LONG,WIN,85.000/364.286 : NO_HIGHLIGHTED_LEVEL_EVENT
SHORT,LOSS,85.000/971.429 : NO_HIGHLIGHTED_LEVEL_EVENT
LONG,LOSS,85.000/364.286 : NO_HIGHLIGHTED_LEVEL_EVENT
LONG,WIN,85.000/364.286 : NO_HIGHLIGHTED_LEVEL_EVENT
LONG,WIN,85.000/364.286 : 1H_ENTRY_LEVEL @ 2026-02-24 02:02 : +77.254365 (Relative INC) : CHANGE 0.00% : CURRENT STRENGTH +77.254365
SHORT,LOSS,85.000/728.571 : NO_HIGHLIGHTED_LEVEL_EVENT
SHORT,LOSS,85.000/728.571 : NO_HIGHLIGHTED_LEVEL_EVENT
LONG,LOSS,85.000/364.286 : NO_HIGHLIGHTED_LEVEL_EVENT
LONG,LOSS,85.000/364.286 : NO_HIGHLIGHTED_LEVEL_EVENT
LONG,WIN,85.000/364.286 : NO_HIGHLIGHTED_LEVEL_EVENT
SHORT,LOSS,85.000/971.429 : NO_HIGHLIGHTED_LEVEL_EVENT
SHORT,LOSS,85.000/485.714 : NO_HIGHLIGHTED_LEVEL_EVENT
LONG,LOSS,85.000/364.286 : NO_HIGHLIGHTED_LEVEL_EVENT
SHORT,LOSS,85.000/485.714 : NO_HIGHLIGHTED_LEVEL_EVENT
LONG,WIN,85.000/364.286 : NO_HIGHLIGHTED_LEVEL_EVENT
LONG,LOSS,85.000/364.286 : NO_HIGHLIGHTED_LEVEL_EVENT
LONG,LOSS,85.000/364.286 : NO_HIGHLIGHTED_LEVEL_EVENT
LONG,LOSS,85.000/364.286 : NO_HIGHLIGHTED_LEVEL_EVENT
SHORT,LOSS,85.000/971.429 : NO_HIGHLIGHTED_LEVEL_EVENT
LONG,LOSS,85.000/364.286 : NO_HIGHLIGHTED_LEVEL_EVENT
SHORT,LOSS,85.000/728.571 : NO_HIGHLIGHTED_LEVEL_EVENT
SHORT,LOSS,85.000/485.714 : NO_HIGHLIGHTED_LEVEL_EVENT
SHORT,LOSS,85.000/485.714 : NO_HIGHLIGHTED_LEVEL_EVENT
LONG,LOSS,85.000/364.286 : NO_HIGHLIGHTED_LEVEL_EVENT
LONG,WIN,85.000/364.286 : NO_HIGHLIGHTED_LEVEL_EVENT
SHORT,LOSS,85.000/971.429 : NO_HIGHLIGHTED_LEVEL_EVENT
SHORT,LOSS,85.000/485.714 : NO_HIGHLIGHTED_LEVEL_EVENT
LONG,LOSS,85.000/364.286 : NO_HIGHLIGHTED_LEVEL_EVENT
LONG,LOSS,85.000/364.286 : NO_HIGHLIGHTED_LEVEL_EVENT
LONG,LOSS,85.000/364.286 : NO_HIGHLIGHTED_LEVEL_EVENT
SHORT,LOSS,85.000/728.571 : NO_HIGHLIGHTED_LEVEL_EVENT
SHORT,LOSS,85.000/485.714 : NO_HIGHLIGHTED_LEVEL_EVENT
LONG,LOSS,85.000/364.286 : NO_HIGHLIGHTED_LEVEL_EVENT
LONG,LOSS,85.000/364.286 : NO_HIGHLIGHTED_LEVEL_EVENT
LONG,WIN,85.000/364.286 : NO_HIGHLIGHTED_LEVEL_EVENT
LONG,LOSS,285.000/316.667 : NO_HIGHLIGHTED_LEVEL_EVENT
LONG,LOSS,85.000/364.286 : NO_HIGHLIGHTED_LEVEL_EVENT
LONG,LOSS,85.000/364.286 : NO_HIGHLIGHTED_LEVEL_EVENT
SHORT,LOSS,85.000/728.571 : NO_HIGHLIGHTED_LEVEL_EVENT
SHORT,LOSS,85.000/971.429 : NO_HIGHLIGHTED_LEVEL_EVENT
SHORT,LOSS,85.000/971.429 : NO_HIGHLIGHTED_LEVEL_EVENT
LONG,WIN,85.000/364.286 : NO_HIGHLIGHTED_LEVEL_EVENT
LONG,LOSS,85.000/364.286 : NO_HIGHLIGHTED_LEVEL_EVENT
SHORT,LOSS,85.000/971.429 : NO_HIGHLIGHTED_LEVEL_EVENT
SHORT,LOSS,85.000/728.571 : NO_HIGHLIGHTED_LEVEL_EVENT
LONG,WIN,85.000/364.286 : NO_HIGHLIGHTED_LEVEL_EVENT
LONG,WIN,285.000/316.667 : NO_HIGHLIGHTED_LEVEL_EVENT
SHORT,LOSS,85.000/485.714 : NO_HIGHLIGHTED_LEVEL_EVENT
SHORT,WIN,85.000/485.714 : NO_HIGHLIGHTED_LEVEL_EVENT
SHORT,LOSS,235.000/854.545 : NO_HIGHLIGHTED_LEVEL_EVENT
SHORT,WIN,85.000/364.286 : NO_HIGHLIGHTED_LEVEL_EVENT
LONG,LOSS,85.000/364.286 : NO_HIGHLIGHTED_LEVEL_EVENT
SHORT,LOSS,85.000/728.571 : NO_HIGHLIGHTED_LEVEL_EVENT
SHORT,LOSS,85.000/728.571 : NO_HIGHLIGHTED_LEVEL_EVENT
LONG,LOSS,85.000/364.286 : NO_HIGHLIGHTED_LEVEL_EVENT
SHORT,LOSS,85.000/728.571 : NO_HIGHLIGHTED_LEVEL_EVENT
SHORT,WIN,235.000/854.545 : 30M_TOUCH_LEVEL @ 2026-03-18 00:23 : +7.155128 (Relative INC) : CHANGE 0.00% : CURRENT STRENGTH +7.155128
LONG,LOSS,85.000/364.286 : NO_HIGHLIGHTED_LEVEL_EVENT
LONG,LOSS,85.000/364.286 : NO_HIGHLIGHTED_LEVEL_EVENT
SHORT,LOSS,85.000/971.429 : NO_HIGHLIGHTED_LEVEL_EVENT
LONG,LOSS,85.000/364.286 : NO_HIGHLIGHTED_LEVEL_EVENT
SHORT,LOSS,85.000/728.571 : NO_HIGHLIGHTED_LEVEL_EVENT
LONG,WIN,85.000/364.286 : 1H_ENTRY_LEVEL @ 2026-03-20 08:18 : +34.238003 (Relative INC) : CHANGE 0.00% : CURRENT STRENGTH +34.238003
LONG,LOSS,85.000/364.286 : NO_HIGHLIGHTED_LEVEL_EVENT
LONG,LOSS,85.000/364.286 : NO_HIGHLIGHTED_LEVEL_EVENT
LONG,LOSS,85.000/364.286 : NO_HIGHLIGHTED_LEVEL_EVENT
LONG,LOSS,85.000/364.286 : NO_HIGHLIGHTED_LEVEL_EVENT
LONG,LOSS,85.000/364.286 : NO_HIGHLIGHTED_LEVEL_EVENT
SHORT,LOSS,85.000/971.429 : NO_HIGHLIGHTED_LEVEL_EVENT
SHORT,LOSS,85.000/728.571 : NO_HIGHLIGHTED_LEVEL_EVENT
SHORT,LOSS,85.000/485.714 : NO_HIGHLIGHTED_LEVEL_EVENT
LONG,WIN,285.000/316.667 : NO_HIGHLIGHTED_LEVEL_EVENT
SHORT,WIN,85.000/971.429 : NO_HIGHLIGHTED_LEVEL_EVENT
LONG,LOSS,85.000/364.286 : NO_HIGHLIGHTED_LEVEL_EVENT
SHORT,WIN,85.000/728.571 : NO_HIGHLIGHTED_LEVEL_EVENT
LONG,WIN,85.000/364.286 : NO_HIGHLIGHTED_LEVEL_EVENT
LONG,WIN,85.000/364.286 : NO_HIGHLIGHTED_LEVEL_EVENT
SHORT,LOSS,85.000/364.286 : NO_HIGHLIGHTED_LEVEL_EVENT
SHORT,LOSS,85.000/971.429 : NO_HIGHLIGHTED_LEVEL_EVENT
LONG,LOSS,85.000/364.286 : NO_HIGHLIGHTED_LEVEL_EVENT
LONG,WIN,85.000/364.286 : NO_HIGHLIGHTED_LEVEL_EVENT
LONG,LOSS,85.000/364.286 : NO_HIGHLIGHTED_LEVEL_EVENT
LONG,LOSS,85.000/971.429 : NO_HIGHLIGHTED_LEVEL_EVENT
LONG,WIN,285.000/316.667 : 1H_ENTRY_LEVEL @ 2026-03-30 05:32 : +72.909849 (Relative INC) : CHANGE 0.00% : CURRENT STRENGTH +72.909849
SHORT,LOSS,85.000/485.714 : NO_HIGHLIGHTED_LEVEL_EVENT
SHORT,LOSS,85.000/485.714 : NO_HIGHLIGHTED_LEVEL_EVENT
LONG,LOSS,85.000/971.429 : NO_HIGHLIGHTED_LEVEL_EVENT
LONG,LOSS,85.000/364.286 : NO_HIGHLIGHTED_LEVEL_EVENT
SHORT,LOSS,85.000/971.429 : NO_HIGHLIGHTED_LEVEL_EVENT
SHORT,LOSS,85.000/971.429 : NO_HIGHLIGHTED_LEVEL_EVENT
SHORT,WIN,85.000/485.714 : 30M_TOUCH_LEVEL @ 2026-03-31 20:05 : +19.823601 (Relative INC) : CHANGE 0.00% : CURRENT STRENGTH +19.823601 -> 1H_ENTRY_LEVEL @ 2026-03-31 20:07 : +51.016973 (Relative INC) : CHANGE 257.35% : CURRENT STRENGTH +70.840574
LONG,LOSS,85.000/364.286 : NO_HIGHLIGHTED_LEVEL_EVENT
LONG,WIN,85.000/364.286 : NO_HIGHLIGHTED_LEVEL_EVENT
SHORT,LOSS,85.000/728.571 : NO_HIGHLIGHTED_LEVEL_EVENT
SHORT,LOSS,85.000/971.429 : NO_HIGHLIGHTED_LEVEL_EVENT
SHORT,LOSS,85.000/728.571 : NO_HIGHLIGHTED_LEVEL_EVENT
SHORT,LOSS,85.000/485.714 : NO_HIGHLIGHTED_LEVEL_EVENT
SHORT,WIN,85.000/485.714 : 30M_TOUCH_LEVEL @ 2026-04-06 22:17 : +14.168115 (Relative INC) : CHANGE 0.00% : CURRENT STRENGTH +14.168115
LONG,LOSS,85.000/364.286 : NO_HIGHLIGHTED_LEVEL_EVENT
SHORT,WIN,85.000/728.571 : 1H_ENTRY_LEVEL @ 2026-04-08 19:02 : +79.412002 (Relative INC) : CHANGE 0.00% : CURRENT STRENGTH +79.412002
SHORT,LOSS,85.000/485.714 : NO_HIGHLIGHTED_LEVEL_EVENT
LONG,LOSS,85.000/364.286 : NO_HIGHLIGHTED_LEVEL_EVENT
LONG,WIN,85.000/364.286 : NO_HIGHLIGHTED_LEVEL_EVENT
SHORT,LOSS,85.000/485.714 : NO_HIGHLIGHTED_LEVEL_EVENT
LONG,WIN,85.000/364.286 : 1H_ENTRY_LEVEL @ 2026-04-13 23:25 : +29.588398 (Relative INC) : CHANGE 0.00% : CURRENT STRENGTH +29.588398
LONG,WIN,85.000/364.286 : NO_HIGHLIGHTED_LEVEL_EVENT
LONG,LOSS,85.000/364.286 : NO_HIGHLIGHTED_LEVEL_EVENT
LONG,LOSS,85.000/364.286 : NO_HIGHLIGHTED_LEVEL_EVENT
SHORT,WIN,85.000/971.429 : 30M_TOUCH_LEVEL @ 2026-04-19 20:48 : +25.537886 (Relative INC) : CHANGE 0.00% : CURRENT STRENGTH +25.537886
SHORT,LOSS,85.000/971.429 : NO_HIGHLIGHTED_LEVEL_EVENT
LONG,LOSS,85.000/364.286 : NO_HIGHLIGHTED_LEVEL_EVENT
SHORT,LOSS,85.000/728.571 : NO_HIGHLIGHTED_LEVEL_EVENT
SHORT,LOSS,85.000/971.429 : NO_HIGHLIGHTED_LEVEL_EVENT
LONG,LOSS,85.000/364.286 : NO_HIGHLIGHTED_LEVEL_EVENT
SHORT,LOSS,85.000/485.714 : NO_HIGHLIGHTED_LEVEL_EVENT
SHORT,WIN,85.000/485.714 : 1H_ENTRY_LEVEL @ 2026-04-21 06:39 : +46.731258 (Relative INC) : CHANGE 0.00% : CURRENT STRENGTH +46.731258
LONG,LOSS,85.000/364.286 : NO_HIGHLIGHTED_LEVEL_EVENT
LONG,LOSS,85.000/364.286 : NO_HIGHLIGHTED_LEVEL_EVENT
LONG,LOSS,85.000/364.286 : NO_HIGHLIGHTED_LEVEL_EVENT
LONG,LOSS,85.000/364.286 : NO_HIGHLIGHTED_LEVEL_EVENT
SHORT,LOSS,85.000/728.571 : NO_HIGHLIGHTED_LEVEL_EVENT
SHORT,LOSS,85.000/971.429 : NO_HIGHLIGHTED_LEVEL_EVENT
SHORT,LOSS,85.000/485.714 : NO_HIGHLIGHTED_LEVEL_EVENT
LONG,WIN,85.000/364.286 : NO_HIGHLIGHTED_LEVEL_EVENT
SHORT,LOSS,85.000/728.571 : NO_HIGHLIGHTED_LEVEL_EVENT
SHORT,WIN,85.000/485.714 : 30M_TOUCH_LEVEL @ 2026-04-22 21:33 : +139.779622 (Relative INC) : CHANGE 0.00% : CURRENT STRENGTH +139.779622
SHORT,LOSS,85.000/485.714 : NO_HIGHLIGHTED_LEVEL_EVENT
LONG,LOSS,85.000/364.286 : NO_HIGHLIGHTED_LEVEL_EVENT
LONG,LOSS,85.000/364.286 : NO_HIGHLIGHTED_LEVEL_EVENT
LONG,LOSS,85.000/364.286 : NO_HIGHLIGHTED_LEVEL_EVENT
SHORT,LOSS,85.000/971.429 : NO_HIGHLIGHTED_LEVEL_EVENT
LONG,WIN,85.000/728.571 : NO_HIGHLIGHTED_LEVEL_EVENT
LONG,LOSS,85.000/364.286 : NO_HIGHLIGHTED_LEVEL_EVENT
LONG,LOSS,85.000/364.286 : NO_HIGHLIGHTED_LEVEL_EVENT
SHORT,WIN,85.000/485.714 : 30M_TOUCH_LEVEL @ 2026-04-27 20:05 : +19.823601 (Relative INC) : CHANGE 0.00% : CURRENT STRENGTH +19.823601 -> 1H_ENTRY_LEVEL @ 2026-04-27 20:26 : +29.835871 (Relative INC) : CHANGE 150.51% : CURRENT STRENGTH +49.659472
LONG,WIN,85.000/364.286 : NO_HIGHLIGHTED_LEVEL_EVENT
LONG,LOSS,85.000/364.286 : NO_HIGHLIGHTED_LEVEL_EVENT
SHORT,LOSS,85.000/485.714 : NO_HIGHLIGHTED_LEVEL_EVENT
SHORT,LOSS,85.000/485.714 : NO_HIGHLIGHTED_LEVEL_EVENT
LONG,WIN,85.000/364.286 : 1H_ENTRY_LEVEL @ 2026-05-04 03:11 : +51.575420 (Relative INC) : CHANGE 0.00% : CURRENT STRENGTH +51.575420
LONG,LOSS,85.000/364.286 : NO_HIGHLIGHTED_LEVEL_EVENT
LONG,LOSS,85.000/364.286 : NO_HIGHLIGHTED_LEVEL_EVENT
LONG,WIN,85.000/364.286 : NO_HIGHLIGHTED_LEVEL_EVENT
SHORT,LOSS,85.000/728.571 : NO_HIGHLIGHTED_LEVEL_EVENT
SHORT,LOSS,85.000/485.714 : NO_HIGHLIGHTED_LEVEL_EVENT
LONG,LOSS,85.000/364.286 : NO_HIGHLIGHTED_LEVEL_EVENT
LONG,WIN,85.000/364.286 : 1H_ENTRY_LEVEL @ 2026-05-06 08:27 : +38.042226 (Relative INC) : CHANGE 0.00% : CURRENT STRENGTH +38.042226
LONG,LOSS,85.000/364.286 : NO_HIGHLIGHTED_LEVEL_EVENT
SHORT,LOSS,85.000/485.714 : NO_HIGHLIGHTED_LEVEL_EVENT
SHORT,WIN,85.000/485.714 : 30M_TOUCH_LEVEL @ 2026-05-06 22:21 : +5.655486 (Relative INC) : CHANGE 0.00% : CURRENT STRENGTH +5.655486 -> 1H_ENTRY_LEVEL @ 2026-05-06 22:23 : +9.233050 (Relative INC) : CHANGE 163.26% : CURRENT STRENGTH +14.888536
LONG,WIN,85.000/364.286 : NO_HIGHLIGHTED_LEVEL_EVENT
SHORT,LOSS,85.000/728.571 : NO_HIGHLIGHTED_LEVEL_EVENT
SHORT,WIN,85.000/971.429 : 30M_TOUCH_LEVEL @ 2026-05-11 07:03 : +48.277428 (Relative INC) : CHANGE 0.00% : CURRENT STRENGTH +48.277428
LONG,LOSS,285.000/316.667 : NO_HIGHLIGHTED_LEVEL_EVENT
SHORT,LOSS,85.000/485.714 : NO_HIGHLIGHTED_LEVEL_EVENT
SHORT,WIN,85.000/971.429 : 1H_ENTRY_LEVEL @ 2026-05-13 14:33 : +51.678593 (Relative INC) : CHANGE 0.00% : CURRENT STRENGTH +51.678593
SHORT,LOSS,85.000/485.714 : NO_HIGHLIGHTED_LEVEL_EVENT
LONG,LOSS,85.000/364.286 : NO_HIGHLIGHTED_LEVEL_EVENT
LONG,LOSS,85.000/364.286 : NO_HIGHLIGHTED_LEVEL_EVENT
LONG,LOSS,85.000/364.286 : NO_HIGHLIGHTED_LEVEL_EVENT
LONG,LOSS,85.000/364.286 : NO_HIGHLIGHTED_LEVEL_EVENT
LONG,WIN,85.000/364.286 : NO_HIGHLIGHTED_LEVEL_EVENT
LONG,WIN,85.000/364.286 : NO_HIGHLIGHTED_LEVEL_EVENT
LONG,LOSS,85.000/364.286 : NO_HIGHLIGHTED_LEVEL_EVENT
LONG,LOSS,85.000/364.286 : NO_HIGHLIGHTED_LEVEL_EVENT
SHORT,LOSS,85.000/728.571 : NO_HIGHLIGHTED_LEVEL_EVENT
SHORT,LOSS,85.000/971.429 : NO_HIGHLIGHTED_LEVEL_EVENT
SHORT,LOSS,85.000/728.571 : NO_HIGHLIGHTED_LEVEL_EVENT
LONG,LOSS,85.000/364.286 : NO_HIGHLIGHTED_LEVEL_EVENT
SHORT,WIN,85.000/971.429 : NO_HIGHLIGHTED_LEVEL_EVENT
LONG,LOSS,85.000/364.286 : NO_HIGHLIGHTED_LEVEL_EVENT
LONG,LOSS,85.000/364.286 : NO_HIGHLIGHTED_LEVEL_EVENT
SHORT,WIN,85.000/485.714 : 30M_TOUCH_LEVEL @ 2026-05-26 20:05 : +19.823601 (Relative INC) : CHANGE 0.00% : CURRENT STRENGTH +19.823601 -> 1H_ENTRY_LEVEL @ 2026-05-26 20:07 : +51.016973 (Relative INC) : CHANGE 257.35% : CURRENT STRENGTH +70.840574
LONG,LOSS,85.000/364.286 : NO_HIGHLIGHTED_LEVEL_EVENT
LONG,WIN,85.000/364.286 : NO_HIGHLIGHTED_LEVEL_EVENT
SHORT,LOSS,85.000/971.429 : NO_HIGHLIGHTED_LEVEL_EVENT
SHORT,LOSS,85.000/728.571 : NO_HIGHLIGHTED_LEVEL_EVENT
LONG,LOSS,85.000/971.429 : NO_HIGHLIGHTED_LEVEL_EVENT
SHORT,LOSS,85.000/971.429 : NO_HIGHLIGHTED_LEVEL_EVENT
LONG,LOSS,85.000/364.286 : NO_HIGHLIGHTED_LEVEL_EVENT
LONG,WIN,85.000/364.286 : NO_HIGHLIGHTED_LEVEL_EVENT
LONG,LOSS,85.000/364.286 : NO_HIGHLIGHTED_LEVEL_EVENT
LONG,LOSS,85.000/364.286 : NO_HIGHLIGHTED_LEVEL_EVENT
LONG,WIN,85.000/364.286 : NO_HIGHLIGHTED_LEVEL_EVENT
LONG,LOSS,85.000/364.286 : NO_HIGHLIGHTED_LEVEL_EVENT
LONG,WIN,85.000/364.286 : 1H_ENTRY_LEVEL @ 2026-06-03 02:02 : +77.254365 (Relative INC) : CHANGE 0.00% : CURRENT STRENGTH +77.254365
SHORT,WIN,85.000/728.571 : 1H_ENTRY_LEVEL @ 2026-06-03 03:17 : +31.252171 (Relative INC) : CHANGE 0.00% : CURRENT STRENGTH +31.252171
SHORT,WIN,85.000/971.429 : NO_HIGHLIGHTED_LEVEL_EVENT
LONG,LOSS,85.000/364.286 : NO_HIGHLIGHTED_LEVEL_EVENT
SHORT,LOSS,85.000/971.429 : NO_HIGHLIGHTED_LEVEL_EVENT
LONG,LOSS,85.000/364.286 : NO_HIGHLIGHTED_LEVEL_EVENT
LONG,LOSS,85.000/728.571 : NO_HIGHLIGHTED_LEVEL_EVENT
LONG,WIN,85.000/364.286 : 1H_ENTRY_LEVEL @ 2026-06-05 09:32 : +72.909849 (Relative INC) : CHANGE 0.00% : CURRENT STRENGTH +72.909849
LONG,LOSS,85.000/364.286 : NO_HIGHLIGHTED_LEVEL_EVENT
LONG,LOSS,85.000/364.286 : NO_HIGHLIGHTED_LEVEL_EVENT
LONG,WIN,85.000/364.286 : 30M_TOUCH_LEVEL @ 2026-06-08 03:25 : +8.453828 (Relative INC) : CHANGE 0.00% : CURRENT STRENGTH +8.453828
SHORT,LOSS,85.000/971.429 : NO_HIGHLIGHTED_LEVEL_EVENT
LONG,LOSS,85.000/364.286 : NO_HIGHLIGHTED_LEVEL_EVENT
LONG,WIN,85.000/364.286 : NO_HIGHLIGHTED_LEVEL_EVENT
LONG,WIN,85.000/364.286 : 30M_TOUCH_LEVEL @ 2026-06-08 18:06 : +33.815312 (Relative INC) : CHANGE 0.00% : CURRENT STRENGTH +33.815312
LONG,LOSS,85.000/364.286 : NO_HIGHLIGHTED_LEVEL_EVENT
SHORT,LOSS,85.000/485.714 : NO_HIGHLIGHTED_LEVEL_EVENT
SHORT,LOSS,85.000/971.429 : NO_HIGHLIGHTED_LEVEL_EVENT
LONG,LOSS,85.000/364.286 : NO_HIGHLIGHTED_LEVEL_EVENT
LONG,LOSS,85.000/364.286 : NO_HIGHLIGHTED_LEVEL_EVENT
SHORT,LOSS,85.000/728.571 : NO_HIGHLIGHTED_LEVEL_EVENT
SHORT,LOSS,85.000/728.571 : NO_HIGHLIGHTED_LEVEL_EVENT
LONG,LOSS,85.000/364.286 : NO_HIGHLIGHTED_LEVEL_EVENT
SHORT,WIN,85.000/971.429 : 30M_TOUCH_LEVEL @ 2026-06-16 18:03 : +48.277428 (Relative INC) : CHANGE 0.00% : CURRENT STRENGTH +48.277428
LONG,LOSS,85.000/364.286 : NO_HIGHLIGHTED_LEVEL_EVENT
LONG,LOSS,85.000/364.286 : NO_HIGHLIGHTED_LEVEL_EVENT
LONG,LOSS,85.000/364.286 : NO_HIGHLIGHTED_LEVEL_EVENT
SHORT,LOSS,85.000/728.571 : NO_HIGHLIGHTED_LEVEL_EVENT
LONG,LOSS,85.000/364.286 : NO_HIGHLIGHTED_LEVEL_EVENT
SHORT,WIN,85.000/971.429 : 30M_TOUCH_LEVEL @ 2026-06-23 01:33 : +139.779622 (Relative INC) : CHANGE 0.00% : CURRENT STRENGTH +139.779622
SHORT,LOSS,85.000/728.571 : NO_HIGHLIGHTED_LEVEL_EVENT
SHORT,LOSS,85.000/728.571 : NO_HIGHLIGHTED_LEVEL_EVENT
LONG,LOSS,85.000/364.286 : NO_HIGHLIGHTED_LEVEL_EVENT
LONG,LOSS,85.000/364.286 : NO_HIGHLIGHTED_LEVEL_EVENT
LONG,LOSS,85.000/364.286 : NO_HIGHLIGHTED_LEVEL_EVENT
LONG,LOSS,85.000/364.286 : NO_HIGHLIGHTED_LEVEL_EVENT
LONG,WIN,85.000/364.286 : NO_HIGHLIGHTED_LEVEL_EVENT
LONG,LOSS,85.000/364.286 : NO_HIGHLIGHTED_LEVEL_EVENT
LONG,WIN,85.000/364.286 : 30M_TOUCH_LEVEL @ 2026-06-29 17:30 : +107.777472 (Relative INC) : CHANGE 0.00% : CURRENT STRENGTH +107.777472
SHORT,LOSS,85.000/971.429 : NO_HIGHLIGHTED_LEVEL_EVENT
LONG,LOSS,85.000/364.286 : NO_HIGHLIGHTED_LEVEL_EVENT
LONG,LOSS,85.000/364.286 : NO_HIGHLIGHTED_LEVEL_EVENT
SHORT,LOSS,85.000/485.714 : NO_HIGHLIGHTED_LEVEL_EVENT
LONG,WIN,85.000/364.286 : NO_HIGHLIGHTED_LEVEL_EVENT
LONG,WIN,85.000/364.286 : NO_HIGHLIGHTED_LEVEL_EVENT
SHORT,LOSS,85.000/485.714 : NO_HIGHLIGHTED_LEVEL_EVENT
SHORT,LOSS,85.000/728.571 : NO_HIGHLIGHTED_LEVEL_EVENT
LONG,LOSS,85.000/364.286 : NO_HIGHLIGHTED_LEVEL_EVENT
LONG,LOSS,85.000/364.286 : NO_HIGHLIGHTED_LEVEL_EVENT
SHORT,LOSS,85.000/971.429 : NO_HIGHLIGHTED_LEVEL_EVENT
LONG,LOSS,285.000/316.667 : NO_HIGHLIGHTED_LEVEL_EVENT
LONG,LOSS,85.000/364.286 : NO_HIGHLIGHTED_LEVEL_EVENT
LONG,WIN,85.000/364.286 : 30M_TOUCH_LEVEL @ 2026-07-13 10:30 : +107.777472 (Relative INC) : CHANGE 0.00% : CURRENT STRENGTH +107.777472
SHORT,LOSS,85.000/728.571 : NO_HIGHLIGHTED_LEVEL_EVENT
LONG,LOSS,85.000/364.286 : NO_HIGHLIGHTED_LEVEL_EVENT
LONG,LOSS,85.000/364.286 : NO_HIGHLIGHTED_LEVEL_EVENT
SHORT,LOSS,85.000/728.571 : NO_HIGHLIGHTED_LEVEL_EVENT
SHORT,LOSS,85.000/971.429 : NO_HIGHLIGHTED_LEVEL_EVENT
SHORT,LOSS,85.000/485.714 : NO_HIGHLIGHTED_LEVEL_EVENT
SHORT,LOSS,85.000/485.714 : NO_HIGHLIGHTED_LEVEL_EVENT
LONG,LOSS,85.000/971.429 : NO_HIGHLIGHTED_LEVEL_EVENT
SHORT,LOSS,85.000/971.429 : NO_HIGHLIGHTED_LEVEL_EVENT
SHORT,LOSS,85.000/728.571 : NO_HIGHLIGHTED_LEVEL_EVENT
LONG,LOSS,85.000/364.286 : NO_HIGHLIGHTED_LEVEL_EVENT
SHORT,LOSS,85.000/971.429 : NO_HIGHLIGHTED_LEVEL_EVENT
LONG,LOSS,85.000/364.286 : NO_HIGHLIGHTED_LEVEL_EVENT
SHORT,LOSS,85.000/971.429 : NO_HIGHLIGHTED_LEVEL_EVENT
SHORT,WIN,85.000/485.714 : 1H_ENTRY_LEVEL @ 2026-08-19 22:10 : +34.050514 (Relative INC) : CHANGE 0.00% : CURRENT STRENGTH +34.050514
LONG,WIN,85.000/364.286 : NO_HIGHLIGHTED_LEVEL_EVENT
LONG,LOSS,85.000/364.286 : NO_HIGHLIGHTED_LEVEL_EVENT
LONG,LOSS,85.000/364.286 : NO_HIGHLIGHTED_LEVEL_EVENT
LONG,WIN,85.000/364.286 : NO_HIGHLIGHTED_LEVEL_EVENT
LONG,LOSS,85.000/971.429 : NO_HIGHLIGHTED_LEVEL_EVENT
LONG,LOSS,85.000/364.286 : NO_HIGHLIGHTED_LEVEL_EVENT
SHORT,LOSS,85.000/971.429 : NO_HIGHLIGHTED_LEVEL_EVENT
LONG,WIN,85.000/364.286 : NO_HIGHLIGHTED_LEVEL_EVENT
SHORT,LOSS,85.000/971.429 : NO_HIGHLIGHTED_LEVEL_EVENT
SHORT,WIN,85.000/485.714 : NO_HIGHLIGHTED_LEVEL_EVENT
LONG,WIN,85.000/364.286 : NO_HIGHLIGHTED_LEVEL_EVENT
SHORT,LOSS,85.000/971.429 : NO_HIGHLIGHTED_LEVEL_EVENT
LONG,WIN,85.000/364.286 : 30M_TOUCH_LEVEL @ 2026-08-25 07:21 : +12.680742 (Relative INC) : CHANGE 0.00% : CURRENT STRENGTH +12.680742
SHORT,LOSS,85.000/971.429 : NO_HIGHLIGHTED_LEVEL_EVENT
LONG,LOSS,85.000/364.286 : NO_HIGHLIGHTED_LEVEL_EVENT
SHORT,WIN,85.000/728.571 : NO_HIGHLIGHTED_LEVEL_EVENT
LONG,LOSS,85.000/364.286 : NO_HIGHLIGHTED_LEVEL_EVENT
SHORT,LOSS,85.000/971.429 : NO_HIGHLIGHTED_LEVEL_EVENT
LONG,LOSS,85.000/364.286 : NO_HIGHLIGHTED_LEVEL_EVENT
LONG,LOSS,85.000/364.286 : NO_HIGHLIGHTED_LEVEL_EVENT
SHORT,LOSS,85.000/971.429 : NO_HIGHLIGHTED_LEVEL_EVENT
SHORT,LOSS,85.000/485.714 : NO_HIGHLIGHTED_LEVEL_EVENT
LONG,WIN,85.000/364.286 : NO_HIGHLIGHTED_LEVEL_EVENT
LONG,LOSS,85.000/364.286 : NO_HIGHLIGHTED_LEVEL_EVENT
LONG,LOSS,85.000/364.286 : NO_HIGHLIGHTED_LEVEL_EVENT
LONG,LOSS,85.000/364.286 : NO_HIGHLIGHTED_LEVEL_EVENT
LONG,LOSS,85.000/364.286 : NO_HIGHLIGHTED_LEVEL_EVENT
LONG,LOSS,85.000/364.286 : NO_HIGHLIGHTED_LEVEL_EVENT
LONG,LOSS,85.000/364.286 : NO_HIGHLIGHTED_LEVEL_EVENT
SHORT,LOSS,85.000/728.571 : NO_HIGHLIGHTED_LEVEL_EVENT
SHORT,WIN,235.000/854.545 : NO_HIGHLIGHTED_LEVEL_EVENT
LONG,LOSS,85.000/364.286 : NO_HIGHLIGHTED_LEVEL_EVENT
LONG,LOSS,285.000/316.667 : NO_HIGHLIGHTED_LEVEL_EVENT
LONG,LOSS,85.000/364.286 : NO_HIGHLIGHTED_LEVEL_EVENT
SHORT,LOSS,85.000/485.714 : NO_HIGHLIGHTED_LEVEL_EVENT
LONG,LOSS,85.000/364.286 : NO_HIGHLIGHTED_LEVEL_EVENT
LONG,WIN,85.000/364.286 : NO_HIGHLIGHTED_LEVEL_EVENT
LONG,LOSS,85.000/364.286 : NO_HIGHLIGHTED_LEVEL_EVENT
LONG,LOSS,85.000/971.429 : NO_HIGHLIGHTED_LEVEL_EVENT
LONG,WIN,85.000/364.286 : NO_HIGHLIGHTED_LEVEL_EVENT
LONG,LOSS,85.000/364.286 : NO_HIGHLIGHTED_LEVEL_EVENT
LONG,LOSS,85.000/364.286 : NO_HIGHLIGHTED_LEVEL_EVENT
LONG,WIN,85.000/364.286 : NO_HIGHLIGHTED_LEVEL_EVENT
SHORT,LOSS,85.000/485.714 : NO_HIGHLIGHTED_LEVEL_EVENT
SHORT,WIN,85.000/971.429 : NO_HIGHLIGHTED_LEVEL_EVENT
SHORT,LOSS,85.000/485.714 : NO_HIGHLIGHTED_LEVEL_EVENT
LONG,LOSS,85.000/364.286 : NO_HIGHLIGHTED_LEVEL_EVENT
LONG,WIN,85.000/364.286 : NO_HIGHLIGHTED_LEVEL_EVENT
LONG,LOSS,85.000/364.286 : NO_HIGHLIGHTED_LEVEL_EVENT
LONG,LOSS,85.000/364.286 : NO_HIGHLIGHTED_LEVEL_EVENT
LONG,LOSS,85.000/364.286 : NO_HIGHLIGHTED_LEVEL_EVENT
SHORT,LOSS,85.000/485.714 : NO_HIGHLIGHTED_LEVEL_EVENT
LONG,LOSS,85.000/364.286 : NO_HIGHLIGHTED_LEVEL_EVENT
LONG,WIN,85.000/364.286 : 30M_TOUCH_LEVEL @ 2026-09-16 23:30 : +107.777472 (Relative INC) : CHANGE 0.00% : CURRENT STRENGTH +107.777472
LONG,LOSS,85.000/364.286 : NO_HIGHLIGHTED_LEVEL_EVENT
LONG,WIN,85.000/364.286 : 1H_ENTRY_LEVEL @ 2026-09-18 23:12 : +66.483684 (Relative INC) : CHANGE 0.00% : CURRENT STRENGTH +66.483684
SHORT,LOSS,85.000/728.571 : NO_HIGHLIGHTED_LEVEL_EVENT
SHORT,LOSS,85.000/971.429 : NO_HIGHLIGHTED_LEVEL_EVENT
SHORT,WIN,85.000/485.714 : 1H_ENTRY_LEVEL @ 2026-09-21 06:37 : +94.476935 (Relative INC) : CHANGE 0.00% : CURRENT STRENGTH +94.476935
SHORT,LOSS,85.000/485.714 : NO_HIGHLIGHTED_LEVEL_EVENT
LONG,LOSS,85.000/364.286 : NO_HIGHLIGHTED_LEVEL_EVENT
LONG,LOSS,85.000/364.286 : NO_HIGHLIGHTED_LEVEL_EVENT
LONG,LOSS,85.000/364.286 : NO_HIGHLIGHTED_LEVEL_EVENT
LONG,WIN,285.000/316.667 : NO_HIGHLIGHTED_LEVEL_EVENT
LONG,LOSS,85.000/364.286 : NO_HIGHLIGHTED_LEVEL_EVENT
LONG,LOSS,85.000/364.286 : NO_HIGHLIGHTED_LEVEL_EVENT
LONG,LOSS,85.000/364.286 : NO_HIGHLIGHTED_LEVEL_EVENT
SHORT,LOSS,85.000/485.714 : NO_HIGHLIGHTED_LEVEL_EVENT
SHORT,LOSS,85.000/971.429 : NO_HIGHLIGHTED_LEVEL_EVENT
LONG,LOSS,85.000/364.286 : NO_HIGHLIGHTED_LEVEL_EVENT
LONG,LOSS,85.000/971.429 : 1H_ENTRY_LEVEL @ 2026-09-22 20:29 : -12.811480 (Relative DEC) : CHANGE 0.00% : CURRENT STRENGTH -12.811480
LONG,LOSS,85.000/364.286 : NO_HIGHLIGHTED_LEVEL_EVENT
SHORT,LOSS,85.000/728.571 : NO_HIGHLIGHTED_LEVEL_EVENT
SHORT,WIN,85.000/728.571 : 30M_TOUCH_LEVEL @ 2026-09-23 19:31 : +143.947736 (Relative INC) : CHANGE 0.00% : CURRENT STRENGTH +143.947736
SHORT,LOSS,85.000/485.714 : NO_HIGHLIGHTED_LEVEL_EVENT
LONG,LOSS,85.000/364.286 : NO_HIGHLIGHTED_LEVEL_EVENT
LONG,WIN,85.000/364.286 : NO_HIGHLIGHTED_LEVEL_EVENT
LONG,LOSS,85.000/364.286 : NO_HIGHLIGHTED_LEVEL_EVENT
LONG,LOSS,85.000/364.286 : NO_HIGHLIGHTED_LEVEL_EVENT
LONG,LOSS,85.000/971.429 : NO_HIGHLIGHTED_LEVEL_EVENT
LONG,WIN,85.000/364.286 : NO_HIGHLIGHTED_LEVEL_EVENT
SHORT,LOSS,85.000/728.571 : NO_HIGHLIGHTED_LEVEL_EVENT
LONG,LOSS,85.000/364.286 : NO_HIGHLIGHTED_LEVEL_EVENT
SHORT,LOSS,85.000/971.429 : NO_HIGHLIGHTED_LEVEL_EVENT
SHORT,WIN,85.000/971.429 : 1H_ENTRY_LEVEL @ 2026-09-29 18:39 : +46.731258 (Relative INC) : CHANGE 0.00% : CURRENT STRENGTH +46.731258 -> 30M_TOUCH_LEVEL @ 2026-09-29 18:55 : +22.739542 (Relative INC) : CHANGE 48.66% : CURRENT STRENGTH +69.470800
LONG,LOSS,85.000/364.286 : NO_HIGHLIGHTED_LEVEL_EVENT
LONG,WIN,85.000/364.286 : 30M_TOUCH_LEVEL @ 2026-09-29 22:25 : +8.453828 (Relative INC) : CHANGE 0.00% : CURRENT STRENGTH +8.453828
SHORT,LOSS,85.000/971.429 : NO_HIGHLIGHTED_LEVEL_EVENT
SHORT,WIN,85.000/728.571 : 30M_TOUCH_LEVEL @ 2026-09-30 19:01 : +79.470800 (Relative INC) : CHANGE 0.00% : CURRENT STRENGTH +79.470800
